artifact,result_status,mission_terminal,navigation_success_claimed,result_path,failure_path,failure_reason,recorded_summary,source_reports,physical_reader_path,verified_goal_arrivals,verified_home_arrivals,round_trip_checks_passed,disallowed_contact_samples
go2_action_forecast_bias_readout_v1_attempt_001,RESULT_RECORDED,,,/mnt/steam_drive/LeWMQuad-v3/navigation_development_artifacts_v1/go2_action_forecast_bias_readout_v1_attempt_001/result.json,,,{},docs/go2_action_forecast_bias_and_longer_fit_2026-09-17.md,,,,,
go2_active_view_goal_probe_v1_attempt_001,ACTIVE_VIEW_GOAL_PROBE_COMPLETE,,,/home/andrewknowles/RecoveryStorage/LeWMQuad-v3/.generated/navigation_development_artifacts_v1/go2_active_view_goal_probe_v1_attempt_001/result.json,,,"{""status"":""ACTIVE_VIEW_GOAL_PROBE_COMPLETE"",""wall_s"":462.1408097620588}",docs/go2_active_view_goal_probe_result_2026-09-08.md;docs/go2_active_view_goal_probe_v1_2026-09-08.md;docs/go2_active_view_goal_readout_v1_2026-09-08.md,,,,,
go2_active_view_goal_readout_v1_attempt_001,ACTIVE_VIEW_GOAL_READOUT_COMPLETE,,,/home/andrewknowles/RecoveryStorage/LeWMQuad-v3/.generated/navigation_development_artifacts_v1/go2_active_view_goal_readout_v1_attempt_001/result.json,,,"{""status"":""ACTIVE_VIEW_GOAL_READOUT_COMPLETE""}",docs/go2_active_view_goal_probe_result_2026-09-08.md;docs/go2_active_view_goal_readout_v1_2026-09-08.md,,,,,
go2_active_view_six_model_transitions_v1_attempt_001,ACTIVE_VIEW_SIX_MODEL_EXECUTED_TRANSITIONS_COMPLETE,,,/home/andrewknowles/RecoveryStorage/LeWMQuad-v3/.generated/navigation_development_artifacts_v1/go2_active_view_six_model_transitions_v1_attempt_001/result.json,,,"{""status"":""ACTIVE_VIEW_SIX_MODEL_EXECUTED_TRANSITIONS_COMPLETE"",""wall_s"":19.09845641301945}",docs/go2_active_view_six_model_transitions_result_2026-09-08.md;docs/go2_active_view_six_model_transitions_v1_2026-09-08.md,,,,,
go2_adapter_controller_windows_profile_v1_attempt_001,ADAPTER_CONTROLLER_WINDOWS_PROFILE_V1_COMPLETE,,,/home/andrewknowles/RecoveryStorage/LeWMQuad-v3/.generated/navigation_development_artifacts_v1/go2_adapter_controller_windows_profile_v1_attempt_001/result.json,,,"{""status"":""ADAPTER_CONTROLLER_WINDOWS_PROFILE_V1_COMPLETE"",""wall_s"":1413.376872841036}",docs/go2_adapter_controller_profile_execution_2026-09-10.md;docs/go2_adapter_controller_windows_profile_result_2026-09-10.md;docs/go2_adapter_controller_windows_profile_v1_2026-09-10.md,,,,,
go2_adapter_hold_prefix_v1_attempt_001,ADAPTER_HOLD_PREFIX_DIAGNOSIS_V1_COMPLETE,,,/home/andrewknowles/RecoveryStorage/LeWMQuad-v3/.generated/navigation_development_artifacts_v1/go2_adapter_hold_prefix_v1_attempt_001/result.json,,,"{""status"":""ADAPTER_HOLD_PREFIX_DIAGNOSIS_V1_COMPLETE""}",docs/go2_adapter_first_1000_observed_timing_2026-09-10.md;docs/go2_adapter_hold_prefix_result_2026-09-10.md;docs/go2_adapter_hold_prefix_v1_2026-09-10.md,,,,,
go2_adjacent_pair_correspondence_v1_attempt_001,ADJACENT_PAIR_CORRESPONDENCE_DIAGNOSTIC_COMPLETE,,,/home/andrewknowles/RecoveryStorage/LeWMQuad-v3/.generated/navigation_development_artifacts_v1/go2_adjacent_pair_correspondence_v1_attempt_001/result.json,,,"{""status"":""ADJACENT_PAIR_CORRESPONDENCE_DIAGNOSTIC_COMPLETE"",""wall_s"":36.975642579142004}",docs/go2_adjacent_pair_correspondence_result_2026-09-08.md,,,,,
go2_all_phase_adapter_maze02_matched_native_v1_attempt_001,ALL_PHASE_ADAPTER_MAZE02_MATCHED_NATIVE_V1_COMPLETE,,,/home/andrewknowles/RecoveryStorage/LeWMQuad-v3/.generated/navigation_development_artifacts_v1/go2_all_phase_adapter_maze02_matched_native_v1_attempt_001/result.json,,,"{""status"":""ALL_PHASE_ADAPTER_MAZE02_MATCHED_NATIVE_V1_COMPLETE"",""wall_s"":66989.35034525394}",docs/go2_adapter_native_and_frontier_replay_execution_2026-09-10.md;docs/go2_all_phase_adapter_full_direct_maze02_result_2026-09-10.md;docs/go2_all_phase_adapter_full_jepa_maze02_result_2026-09-10.md;docs/go2_all_phase_adapter_full_supervised_maze02_result_2026-09-10.md;docs/go2_all_phase_adapter_maze02_matched_native_v1_2026-09-10.md;docs/go2_all_phase_adapter_no_rgb_jepa_maze02_result_2026-09-10.md;docs/go2_development_artifact_retention_2026-09-14.md,,,,,
go2_all_phase_corrected_prediction_readout_v1_attempt_001,ALL_PHASE_CORRECTED_PREDICTION_READOUT_COMPLETE,,,/home/andrewknowles/RecoveryStorage/LeWMQuad-v3/.generated/navigation_development_artifacts_v1/go2_all_phase_corrected_prediction_readout_v1_attempt_001/result.json,,,"{""status"":""ALL_PHASE_CORRECTED_PREDICTION_READOUT_COMPLETE"",""wall_s"":109.78195782913826}",docs/go2_all_phase_corrected_prediction_readout_result_2026-09-10.md;docs/go2_all_phase_corrected_prediction_readout_v1_2026-09-10.md;docs/go2_all_phase_corrected_readout_progress_2026-09-10.md,,,,,
go2_all_phase_fit_benchmark_v1_attempt_001,ALL_PHASE_FIT_BENCHMARK_COMPLETE,,,/home/andrewknowles/RecoveryStorage/LeWMQuad-v3/.generated/navigation_development_artifacts_v1/go2_all_phase_fit_benchmark_v1_attempt_001/result.json,,,"{""status"":""ALL_PHASE_FIT_BENCHMARK_COMPLETE""}",docs/go2_all_phase_fit_benchmark_result_2026-09-10.md;docs/go2_all_phase_matched_fits_progress_2026-09-10.md;docs/go2_all_phase_matched_fits_v1_2026-09-10.md,,,,,
go2_all_phase_matched_fits_v1_attempt_001,ALL_PHASE_EIGHTEEN_FITS_COMPLETE,,,/home/andrewknowles/RecoveryStorage/LeWMQuad-v3/.generated/navigation_development_artifacts_v1/go2_all_phase_matched_fits_v1_attempt_001/result.json,,,"{""status"":""ALL_PHASE_EIGHTEEN_FITS_COMPLETE"",""wall_s"":1937.33473261795}",docs/go2_all_phase_fit_benchmark_result_2026-09-10.md;docs/go2_all_phase_matched_fits_progress_2026-09-10.md;docs/go2_all_phase_matched_fits_v1_2026-09-10.md;docs/go2_all_phase_models_and_native_queue_progress_2026-09-10.md,,,,,
go2_all_phase_matched_fits_wait_v1_attempt_001,ALL_PHASE_MATCHED_FITS_WAIT_COMPLETE,,,/home/andrewknowles/RecoveryStorage/LeWMQuad-v3/.generated/navigation_development_artifacts_v1/go2_all_phase_matched_fits_wait_v1_attempt_001/result.json,,,"{""status"":""ALL_PHASE_MATCHED_FITS_WAIT_COMPLETE""}",docs/go2_all_phase_fit_benchmark_result_2026-09-10.md,,,,,
go2_all_phase_residual_maze02_matched_native_v1_attempt_001,ALL_PHASE_RESIDUAL_MAZE02_MATCHED_NATIVE_V1_COMPLETE,,,/home/andrewknowles/RecoveryStorage/LeWMQuad-v3/.generated/navigation_development_artifacts_v1/go2_all_phase_residual_maze02_matched_native_v1_attempt_001/result.json,,,"{""status"":""ALL_PHASE_RESIDUAL_MAZE02_MATCHED_NATIVE_V1_COMPLETE"",""wall_s"":1360.386856612051}",docs/go2_all_phase_residual_maze02_matched_native_v1_2026-09-10.md;docs/go2_independent_round_trip_population_inputs_result_2026-09-10.md;docs/go2_short_complete_raw_audit_cpu_monitor_v1_2026-09-11.md,,,,,
go2_all_phase_residual_maze02_native_wait_v1_attempt_001,ALL_PHASE_RESIDUAL_MAZE02_NATIVE_WAIT_COMPLETE,,,/home/andrewknowles/RecoveryStorage/LeWMQuad-v3/.generated/navigation_development_artifacts_v1/go2_all_phase_residual_maze02_native_wait_v1_attempt_001/result.json,,,"{""status"":""ALL_PHASE_RESIDUAL_MAZE02_NATIVE_WAIT_COMPLETE""}",docs/go2_all_phase_models_and_native_queue_progress_2026-09-10.md;docs/go2_all_phase_residual_maze02_native_wait_v1_2026-09-10.md,,,,,
go2_all_phase_training_inputs_v1_attempt_001,ALL_PHASE_TRAINING_INPUTS_V1_COMPLETE,,,/home/andrewknowles/RecoveryStorage/LeWMQuad-v3/.generated/navigation_development_artifacts_v1/go2_all_phase_training_inputs_v1_attempt_001/result.json,,,"{""status"":""ALL_PHASE_TRAINING_INPUTS_V1_COMPLETE"",""wall_s"":314.06464697094634}",docs/go2_all_phase_training_inputs_preparation_2026-09-10.md;docs/go2_all_phase_training_inputs_result_2026-09-10.md;docs/go2_all_phase_training_inputs_v1_2026-09-10.md,,,,,
go2_all_phase_training_targets_v1_attempt_001,ALL_PHASE_TRAINING_TARGETS_V1_COMPLETE,,,/home/andrewknowles/RecoveryStorage/LeWMQuad-v3/.generated/navigation_development_artifacts_v1/go2_all_phase_training_targets_v1_attempt_001/result.json,,,"{""status"":""ALL_PHASE_TRAINING_TARGETS_V1_COMPLETE"",""wall_s"":13.099572757957503}",docs/go2_all_phase_training_targets_result_2026-09-10.md;docs/go2_all_phase_training_targets_v1_2026-09-10.md;docs/go2_novel_maze_round_trip_pilot_status_2026-09-08.md,,,,,
go2_all_phase_training_translation_bias_v1_attempt_001,ALL_PHASE_TRAINING_TRANSLATION_BIAS_COMPLETE,,,/home/andrewknowles/RecoveryStorage/LeWMQuad-v3/.generated/navigation_development_artifacts_v1/go2_all_phase_training_translation_bias_v1_attempt_001/result.json,,,"{""status"":""ALL_PHASE_TRAINING_TRANSLATION_BIAS_COMPLETE"",""wall_s"":26.07074808399193}",docs/go2_all_phase_models_and_native_queue_progress_2026-09-10.md;docs/go2_all_phase_training_translation_bias_preparation_2026-09-10.md;docs/go2_all_phase_training_translation_bias_v1_2026-09-10.md,,,,,
go2_all_phase_translation_bias_wait_v1_attempt_001,ALL_PHASE_TRANSLATION_BIAS_WAIT_COMPLETE,,,/home/andrewknowles/RecoveryStorage/LeWMQuad-v3/.generated/navigation_development_artifacts_v1/go2_all_phase_translation_bias_wait_v1_attempt_001/result.json,,,"{""status"":""ALL_PHASE_TRANSLATION_BIAS_WAIT_COMPLETE""}",docs/go2_all_phase_correction_handoff_progress_2026-09-10.md,,,,,
go2_anchored_navigation_transfer_v1_attempt_001,complete,,,/home/andrewknowles/Workspace/LeWMQuad-v3/.generated/navigation_development_artifacts_v1/go2_anchored_navigation_transfer_v1_attempt_001/result.json,,,"{""status"":""complete"",""wall_s"":57.019399563083425}",docs/go2_anchored_navigation_transfer_2026-09-18.md,,,,,
go2_anchored_visual_dynamics_v1_attempt_001,complete,,,/mnt/steam_drive/LeWMQuad-v3/navigation_development_artifacts_v1/go2_anchored_visual_dynamics_v1_attempt_001/result.json,,,"{""status"":""complete"",""wall_s"":86.05191701510921}",docs/go2_anchored_visual_dynamics_2026-09-17.md,,,,,
go2_arrival_conditioned_frontier_contact_disabled_noise_2mm_native_layout00_4800_v1_attempt_003,PACED_NATIVE_PREFIX_COMPLETE,OBSERVED_ROUND_TRIP_CANDIDATE,False,/home/andrewknowles/RecoveryStorage/LeWMQuad-v3/.generated/navigation_development_artifacts_v1/go2_arrival_conditioned_frontier_contact_disabled_noise_2mm_native_layout00_4800_v1_attempt_003/result.json,,,"{""status"":""PACED_NATIVE_PREFIX_COMPLETE"",""mission_terminal"":""OBSERVED_ROUND_TRIP_CANDIDATE"",""navigation_success_claimed"":false,""simulation_s"":362.82,""wall_s"":369.046268132,""camera_frames"":3625,""disallowed_contact"":false,""observed_arrivals"":""[{\""phase\"":\""OUTBOUND\"",\""frame\"":2406,\""measured_ns\"":242100000000,\""target_initial_body_xy_m\"":[3.9000000000000004,2.6],\""observed_position_initial_body_xy_m\"":[3.8993275872983113,2.580905105803472],\""observed_distance_m\"":0.019106729788689294,\""quiet_intervals\"":10,\""native_verified\"":false},{\""phase\"":\""RETURN\"",\""frame\"":3623,\""measured_ns\"":363800000000,\""target_initial_body_xy_m\"":[0.0,0.0],\""observed_position_initial_body_xy_m\"":[-0.019274378390609123,-0.005283619315719144],\""observed_distance_m\"":0.01998545209440658,\""quiet_intervals\"":10,\""native_verified\"":false}]""}",docs/go2_arrival_conditioned_frontier_diagnosis_2026-09-15.md;docs/go2_development_artifact_retention_2026-09-14.md,/home/andrewknowles/RecoveryStorage/LeWMQuad-v3/.generated/navigation_development_artifacts_v1/go2_arrival_conditioned_frontier_contact_disabled_noise_2mm_native_layout00_4800_v1_attempt_003/continuous_native_arrival_evaluation.json,1,1,True,0
go2_arrival_conditioned_frontier_contact_learned_noise_2mm_native_layout00_4800_v1_attempt_001,PACED_NATIVE_PREFIX_COMPLETE,OBSERVED_ROUND_TRIP_CANDIDATE,False,/home/andrewknowles/RecoveryStorage/LeWMQuad-v3/.generated/navigation_development_artifacts_v1/go2_arrival_conditioned_frontier_contact_learned_noise_2mm_native_layout00_4800_v1_attempt_001/result.json,,,"{""status"":""PACED_NATIVE_PREFIX_COMPLETE"",""mission_terminal"":""OBSERVED_ROUND_TRIP_CANDIDATE"",""navigation_success_claimed"":false,""simulation_s"":354.84,""wall_s"":356.146337214,""camera_frames"":3545,""disallowed_contact"":false,""observed_arrivals"":""[{\""phase\"":\""OUTBOUND\"",\""frame\"":1958,\""measured_ns\"":197300000000,\""target_initial_body_xy_m\"":[3.9000000000000004,2.6],\""observed_position_initial_body_xy_m\"":[3.8865767710973507,2.586472552565461],\""observed_distance_m\"":0.01905714848205646,\""quiet_intervals\"":10,\""native_verified\"":false},{\""phase\"":\""RETURN\"",\""frame\"":3543,\""measured_ns\"":355800000000,\""target_initial_body_xy_m\"":[0.0,0.0],\""observed_position_initial_body_xy_m\"":[0.010421498813008946,-0.014475106828925156],\""observed_distance_m\"":0.017836377300851834,\""quiet_intervals\"":10,\""native_verified\"":false}]""}",docs/go2_development_artifact_retention_2026-09-14.md,/home/andrewknowles/RecoveryStorage/LeWMQuad-v3/.generated/navigation_development_artifacts_v1/go2_arrival_conditioned_frontier_contact_learned_noise_2mm_native_layout00_4800_v1_attempt_001/continuous_native_arrival_evaluation.json,1,1,True,0
go2_arrival_conditioned_frontier_layout00_summary_v1_attempt_001,RESULT_RECORDED,,,/home/andrewknowles/RecoveryStorage/LeWMQuad-v3/.generated/navigation_development_artifacts_v1/go2_arrival_conditioned_frontier_layout00_summary_v1_attempt_001/result.json,,,{},docs/go2_arrival_conditioned_frontier_diagnosis_2026-09-15.md,,,,,
go2_arrival_conditioned_frontier_view_start_repair_summary_v1_attempt_001,RESULT_RECORDED,,,/home/andrewknowles/RecoveryStorage/LeWMQuad-v3/.generated/navigation_development_artifacts_v1/go2_arrival_conditioned_frontier_view_start_repair_summary_v1_attempt_001/result.json,,,{},docs/go2_arrival_conditioned_frontier_diagnosis_2026-09-15.md,,,,,
go2_arrival_entry_priority_stable_reference_jit_floor_cached_fine_goal_lzma_pulse_learned_round_trip_native_layout04_4800_v1_attempt_001,PACED_NATIVE_PREFIX_COMPLETE,OBSERVED_ROUND_TRIP_CANDIDATE,False,/home/andrewknowles/RecoveryStorage/LeWMQuad-v3/.generated/navigation_development_artifacts_v1/go2_arrival_entry_priority_stable_reference_jit_floor_cached_fine_goal_lzma_pulse_learned_round_trip_native_layout04_4800_v1_attempt_001/result.json,,,"{""status"":""PACED_NATIVE_PREFIX_COMPLETE"",""mission_terminal"":""OBSERVED_ROUND_TRIP_CANDIDATE"",""navigation_success_claimed"":false,""simulation_s"":441.6,""wall_s"":442.590951104,""camera_frames"":4414,""disallowed_contact"":false,""observed_arrivals"":""[{\""phase\"":\""OUTBOUND\"",\""frame\"":3475,\""measured_ns\"":349000000000,\""target_initial_body_xy_m\"":[0.0,1.3],\""observed_position_initial_body_xy_m\"":[0.008781883067883084,1.2872349418155309],\""observed_distance_m\"":0.015494133750257051,\""quiet_intervals\"":10,\""native_verified\"":false},{\""phase\"":\""RETURN\"",\""frame\"":4412,\""measured_ns\"":442700000000,\""target_initial_body_xy_m\"":[0.0,0.0],\""observed_position_initial_body_xy_m\"":[0.015529861190692851,0.003335386439768246],\""observed_distance_m\"":0.015883997963509623,\""quiet_intervals\"":10,\""native_verified\"":false}]""}",docs/go2_development_artifact_retention_2026-09-14.md;docs/go2_stable_reference_and_terminal_heading_result_2026-09-14.md;docs/go2_stable_reference_matched_navigation_result_2026-09-14.md,/home/andrewknowles/RecoveryStorage/LeWMQuad-v3/.generated/navigation_development_artifacts_v1/go2_arrival_entry_priority_stable_reference_jit_floor_cached_fine_goal_lzma_pulse_learned_round_trip_native_layout04_4800_v1_attempt_001/continuous_native_arrival_evaluation.json,1,1,True,0
go2_arrival_entry_priority_stable_reference_jit_floor_cached_fine_goal_lzma_pulse_learned_round_trip_native_layout06_4800_v1_attempt_001,PACED_NATIVE_PREFIX_COMPLETE,OBSERVED_ROUND_TRIP_CANDIDATE,False,/home/andrewknowles/RecoveryStorage/LeWMQuad-v3/.generated/navigation_development_artifacts_v1/go2_arrival_entry_priority_stable_reference_jit_floor_cached_fine_goal_lzma_pulse_learned_round_trip_native_layout06_4800_v1_attempt_001/result.json,,,"{""status"":""PACED_NATIVE_PREFIX_COMPLETE"",""mission_terminal"":""OBSERVED_ROUND_TRIP_CANDIDATE"",""navigation_success_claimed"":false,""simulation_s"":242.14,""wall_s"":242.431074366,""camera_frames"":2417,""disallowed_contact"":false,""observed_arrivals"":""[{\""phase\"":\""OUTBOUND\"",\""frame\"":1472,\""measured_ns\"":148700000000,\""target_initial_body_xy_m\"":[0.0,1.3],\""observed_position_initial_body_xy_m\"":[0.0035878746663149273,1.31894137784732],\""observed_distance_m\"":0.01927819077030125,\""quiet_intervals\"":10,\""native_verified\"":false},{\""phase\"":\""RETURN\"",\""frame\"":2415,\""measured_ns\"":243000000000,\""target_initial_body_xy_m\"":[0.0,0.0],\""observed_position_initial_body_xy_m\"":[-0.016970261719526532,-0.003290877720362491],\""observed_distance_m\"":0.01728640098457761,\""quiet_intervals\"":10,\""native_verified\"":false}]""}",docs/go2_development_artifact_retention_2026-09-14.md;docs/go2_stable_reference_matched_navigation_result_2026-09-14.md,/home/andrewknowles/RecoveryStorage/LeWMQuad-v3/.generated/navigation_development_artifacts_v1/go2_arrival_entry_priority_stable_reference_jit_floor_cached_fine_goal_lzma_pulse_learned_round_trip_native_layout06_4800_v1_attempt_001/continuous_native_arrival_evaluation.json,1,1,True,0
go2_arrival_entry_stable_reference_pulse_matched_comparison_layout04_v1_attempt_001,RESULT_RECORDED,,,/home/andrewknowles/RecoveryStorage/LeWMQuad-v3/.generated/navigation_development_artifacts_v1/go2_arrival_entry_stable_reference_pulse_matched_comparison_layout04_v1_attempt_001/result.json,,,{},docs/go2_stable_reference_matched_navigation_result_2026-09-14.md,,,,,
go2_arrival_entry_stable_reference_pulse_matched_comparison_layout06_v1_attempt_001,RESULT_RECORDED,,,/home/andrewknowles/RecoveryStorage/LeWMQuad-v3/.generated/navigation_development_artifacts_v1/go2_arrival_entry_stable_reference_pulse_matched_comparison_layout06_v1_attempt_001/result.json,,,{},docs/go2_stable_reference_matched_navigation_result_2026-09-14.md,,,,,
go2_async_camera_wall_deadlines_layout01_600_v1_attempt_001,PACED_NATIVE_PREFIX_COMPLETE,,False,/home/andrewknowles/RecoveryStorage/LeWMQuad-v3/.generated/navigation_development_artifacts_v1/go2_async_camera_wall_deadlines_layout01_600_v1_attempt_001/result.json,,,"{""status"":""PACED_NATIVE_PREFIX_COMPLETE"",""mission_terminal"":null,""navigation_success_claimed"":false,""simulation_s"":60.1,""wall_s"":60.540257952,""camera_frames"":601,""disallowed_contact"":false,""observed_arrivals"":""[]""}",docs/go2_asynchronous_camera_host_timing_2026-09-15.md,/home/andrewknowles/RecoveryStorage/LeWMQuad-v3/.generated/navigation_development_artifacts_v1/go2_async_camera_wall_deadlines_layout01_600_v1_attempt_001/continuous_native_arrival_evaluation.json,0,0,False,0
go2_async_camera_wall_deadlines_layout01_600_v1_attempt_003,PACED_NATIVE_PREFIX_COMPLETE,,False,/home/andrewknowles/RecoveryStorage/LeWMQuad-v3/.generated/navigation_development_artifacts_v1/go2_async_camera_wall_deadlines_layout01_600_v1_attempt_003/result.json,,,"{""status"":""PACED_NATIVE_PREFIX_COMPLETE"",""mission_terminal"":null,""navigation_success_claimed"":false,""simulation_s"":60.1,""wall_s"":60.54224625,""camera_frames"":601,""disallowed_contact"":false,""observed_arrivals"":""[]""}",docs/go2_development_artifact_retention_2026-09-14.md,/home/andrewknowles/RecoveryStorage/LeWMQuad-v3/.generated/navigation_development_artifacts_v1/go2_async_camera_wall_deadlines_layout01_600_v1_attempt_003/continuous_native_arrival_evaluation.json,0,0,False,0
go2_async_camera_wall_mission_learned_layout01_4800_v1_attempt_001,PACED_NATIVE_PREFIX_COMPLETE,OBSERVED_ROUND_TRIP_CANDIDATE,False,/home/andrewknowles/RecoveryStorage/LeWMQuad-v3/.generated/navigation_development_artifacts_v1/go2_async_camera_wall_mission_learned_layout01_4800_v1_attempt_001/result.json,,,"{""status"":""PACED_NATIVE_PREFIX_COMPLETE"",""mission_terminal"":""OBSERVED_ROUND_TRIP_CANDIDATE"",""navigation_success_claimed"":false,""simulation_s"":248.18,""wall_s"":249.568979869,""camera_frames"":2482,""disallowed_contact"":false,""observed_arrivals"":""[{\""phase\"":\""OUTBOUND\"",\""frame\"":1567,\""measured_ns\"":158200000000,\""target_initial_body_xy_m\"":[3.9000000000000004,-1.3],\""observed_position_initial_body_xy_m\"":[3.895076328275581,-1.291516502852551],\""observed_distance_m\"":0.00980878520004505,\""quiet_intervals\"":10,\""native_verified\"":false},{\""phase\"":\""RETURN\"",\""frame\"":2480,\""measured_ns\"":249500000000,\""target_initial_body_xy_m\"":[0.0,0.0],\""observed_position_initial_body_xy_m\"":[0.008598316462040286,0.00784329632803349],\""observed_distance_m\"":0.011638227668796337,\""quiet_intervals\"":10,\""native_verified\"":false}]""}",docs/go2_asynchronous_camera_host_timing_2026-09-15.md;docs/go2_wall_clock_motion_comparison_2026-09-15.md,/home/andrewknowles/RecoveryStorage/LeWMQuad-v3/.generated/navigation_development_artifacts_v1/go2_async_camera_wall_mission_learned_layout01_4800_v1_attempt_001/continuous_native_arrival_evaluation.json,1,1,True,0
go2_async_camera_wall_mission_pose_command_layout01_4800_v1_attempt_001,FAILURE_RECORD_ONLY,,,,/home/andrewknowles/RecoveryStorage/LeWMQuad-v3/.generated/navigation_development_artifacts_v1/go2_async_camera_wall_mission_pose_command_layout01_4800_v1_attempt_001/failure.json,RuntimeError('renderer exceeded two in-flight camera acquisitions'),{},docs/go2_wall_clock_motion_comparison_2026-09-15.md,/home/andrewknowles/RecoveryStorage/LeWMQuad-v3/.generated/navigation_development_artifacts_v1/go2_async_camera_wall_mission_pose_command_layout01_4800_v1_attempt_001/continuous_native_arrival_evaluation.json,1,0,False,0
go2_async_camera_wall_mission_reactive_layout01_4800_v1_attempt_001,FAILURE_RECORD_ONLY,,,,/home/andrewknowles/RecoveryStorage/LeWMQuad-v3/.generated/navigation_development_artifacts_v1/go2_async_camera_wall_mission_reactive_layout01_4800_v1_attempt_001/failure.json,"RuntimeError('[{\'stage\': \'registration\', \'reason\': ""ValueError(\'current measured candidate conflicts with transported floor reference\')""}]')",{},docs/go2_wall_clock_motion_comparison_2026-09-15.md,/home/andrewknowles/RecoveryStorage/LeWMQuad-v3/.generated/navigation_development_artifacts_v1/go2_async_camera_wall_mission_reactive_layout01_4800_v1_attempt_001/continuous_native_arrival_evaluation.json,1,0,False,0
go2_async_wall_and_measured_mission_comparison_v1_attempt_001,RESULT_RECORDED,,,/home/andrewknowles/RecoveryStorage/LeWMQuad-v3/.generated/navigation_development_artifacts_v1/go2_async_wall_and_measured_mission_comparison_v1_attempt_001/result.json,,,{},docs/go2_asynchronous_camera_host_timing_2026-09-15.md,,,,,
go2_atomic_leaf_freeze_tiled_late_history_v1_attempt_001,ATOMIC_LEAF_FREEZE_TILED_LATE_HISTORY_V1_COMPLETE,,,/home/andrewknowles/RecoveryStorage/LeWMQuad-v3/.generated/navigation_development_artifacts_v1/go2_atomic_leaf_freeze_tiled_late_history_v1_attempt_001/result.json,,,"{""status"":""ATOMIC_LEAF_FREEZE_TILED_LATE_HISTORY_V1_COMPLETE"",""wall_s"":2086.1274272301234}",docs/go2_atomic_leaf_freeze_replay_and_extended_budget_native_active_2026-09-11.md;docs/go2_atomic_leaf_freeze_tiled_late_history_v1_2026-09-11.md,,,,,
go2_augmented_commitment_clearance_v1_attempt_001,AUGMENTED_COMMITMENT_CLEARANCE_DIAGNOSTIC_COMPLETE,,,/home/andrewknowles/RecoveryStorage/LeWMQuad-v3/.generated/navigation_development_artifacts_v1/go2_augmented_commitment_clearance_v1_attempt_001/result.json,,,"{""status"":""AUGMENTED_COMMITMENT_CLEARANCE_DIAGNOSTIC_COMPLETE"",""wall_s"":11.587417060043663}",docs/go2_augmented_commitment_clearance_result_2026-09-08.md;docs/go2_augmented_commitment_clearance_v1_2026-09-08.md,,,,,
go2_augmented_family_switch_fit_benchmark_v1_attempt_001,AUGMENTED_FAMILY_SWITCH_FIT_BENCHMARK_COMPLETE,,,/home/andrewknowles/RecoveryStorage/LeWMQuad-v3/.generated/navigation_development_artifacts_v1/go2_augmented_family_switch_fit_benchmark_v1_attempt_001/result.json,,,"{""status"":""AUGMENTED_FAMILY_SWITCH_FIT_BENCHMARK_COMPLETE""}",docs/go2_augmented_family_switch_fit_benchmark_result_2026-09-08.md;docs/go2_augmented_family_switch_fits_v1_2026-09-08.md,,,,,
go2_augmented_family_switch_fit_readout_v1_attempt_001,AUGMENTED_FAMILY_SWITCH_FIT_READOUT_COMPLETE,,,/home/andrewknowles/RecoveryStorage/LeWMQuad-v3/.generated/navigation_development_artifacts_v1/go2_augmented_family_switch_fit_readout_v1_attempt_001/result.json,,,"{""status"":""AUGMENTED_FAMILY_SWITCH_FIT_READOUT_COMPLETE"",""wall_s"":10.737472508102655}",docs/go2_augmented_family_switch_fit_readout_v1_2026-09-08.md;docs/go2_augmented_family_switch_fits_result_2026-09-08.md,,,,,
go2_augmented_family_switch_fits_v1_attempt_001,AUGMENTED_FAMILY_SWITCH_EIGHTEEN_FITS_COMPLETE,,,/home/andrewknowles/RecoveryStorage/LeWMQuad-v3/.generated/navigation_development_artifacts_v1/go2_augmented_family_switch_fits_v1_attempt_001/result.json,,,"{""status"":""AUGMENTED_FAMILY_SWITCH_EIGHTEEN_FITS_COMPLETE"",""wall_s"":1313.8114909899887}",docs/go2_augmented_family_switch_fits_result_2026-09-08.md;docs/go2_augmented_family_switch_fits_v1_2026-09-08.md,,,,,
go2_augmented_family_switch_goal_probe_v1_attempt_001,AUGMENTED_FAMILY_SWITCH_GOAL_PROBE_COMPLETE,,,/home/andrewknowles/RecoveryStorage/LeWMQuad-v3/.generated/navigation_development_artifacts_v1/go2_augmented_family_switch_goal_probe_v1_attempt_001/result.json,,,"{""status"":""AUGMENTED_FAMILY_SWITCH_GOAL_PROBE_COMPLETE"",""wall_s"":79.37622540304437}",docs/go2_augmented_family_switch_goal_probe_result_2026-09-08.md;docs/go2_augmented_family_switch_goal_probe_v1_2026-09-08.md,,,,,
go2_augmented_family_switch_goal_readout_v1_attempt_001,AUGMENTED_FAMILY_SWITCH_GOAL_READOUT_COMPLETE,,,/home/andrewknowles/RecoveryStorage/LeWMQuad-v3/.generated/navigation_development_artifacts_v1/go2_augmented_family_switch_goal_readout_v1_attempt_001/result.json,,,"{""status"":""AUGMENTED_FAMILY_SWITCH_GOAL_READOUT_COMPLETE""}",docs/go2_augmented_family_switch_goal_probe_result_2026-09-08.md;docs/go2_augmented_family_switch_goal_readout_v1_2026-09-08.md,,,,,
go2_augmented_family_switch_original_models_v1_attempt_001,AUGMENTED_FAMILY_SWITCH_ORIGINAL_MODELS_COMPLETE,,,/home/andrewknowles/RecoveryStorage/LeWMQuad-v3/.generated/navigation_development_artifacts_v1/go2_augmented_family_switch_original_models_v1_attempt_001/result.json,,,"{""status"":""AUGMENTED_FAMILY_SWITCH_ORIGINAL_MODELS_COMPLETE"",""wall_s"":167.8590913929511}",docs/go2_augmented_family_switch_original_models_result_2026-09-08.md;docs/go2_augmented_family_switch_original_models_v1_2026-09-08.md,,,,,
go2_auxiliary_depth_controller_prefix_v1_attempt_001,AUXILIARY_DEPTH_CONTROLLER_PREFIX_COMPLETE,,,/home/andrewknowles/RecoveryStorage/LeWMQuad-v3/.generated/navigation_development_artifacts_v1/go2_auxiliary_depth_controller_prefix_v1_attempt_001/result.json,,,"{""status"":""AUXILIARY_DEPTH_CONTROLLER_PREFIX_COMPLETE"",""wall_s"":54.7414023661986}",docs/go2_auxiliary_depth_controller_prefix_result_2026-09-08.md;docs/go2_auxiliary_depth_controller_prefix_v1_2026-09-08.md,,,,,
go2_auxiliary_depth_executed_motion_diagnosis_v1_attempt_001,AUXILIARY_DEPTH_EXECUTED_MOTION_DIAGNOSIS_COMPLETE,,,/home/andrewknowles/RecoveryStorage/LeWMQuad-v3/.generated/navigation_development_artifacts_v1/go2_auxiliary_depth_executed_motion_diagnosis_v1_attempt_001/result.json,,,"{""status"":""AUXILIARY_DEPTH_EXECUTED_MOTION_DIAGNOSIS_COMPLETE"",""wall_s"":11.07804915192537}",docs/go2_auxiliary_depth_executed_motion_diagnosis_v1_2026-09-08.md;docs/go2_auxiliary_depth_executed_motion_result_2026-09-08.md,,,,,
go2_auxiliary_depth_goal_probe_v1_attempt_001,AUXILIARY_DEPTH_GOAL_PROBE_COMPLETE,,,/home/andrewknowles/RecoveryStorage/LeWMQuad-v3/.generated/navigation_development_artifacts_v1/go2_auxiliary_depth_goal_probe_v1_attempt_001/result.json,,,"{""status"":""AUXILIARY_DEPTH_GOAL_PROBE_COMPLETE"",""wall_s"":110.81352795800194}",docs/go2_auxiliary_depth_goal_probe_result_2026-09-08.md;docs/go2_auxiliary_depth_goal_probe_v1_2026-09-08.md,,,,,
go2_auxiliary_depth_goal_readout_v1_attempt_001,AUXILIARY_DEPTH_GOAL_READOUT_COMPLETE,,,/home/andrewknowles/RecoveryStorage/LeWMQuad-v3/.generated/navigation_development_artifacts_v1/go2_auxiliary_depth_goal_readout_v1_attempt_001/result.json,,,"{""status"":""AUXILIARY_DEPTH_GOAL_READOUT_COMPLETE""}",docs/go2_auxiliary_depth_goal_probe_result_2026-09-08.md;docs/go2_auxiliary_depth_goal_readout_v1_2026-09-08.md,,,,,
go2_auxiliary_depth_reobserve_goal_probe_v1_attempt_001,AUXILIARY_DEPTH_REOBSERVE_GOAL_PROBE_COMPLETE,,,/home/andrewknowles/RecoveryStorage/LeWMQuad-v3/.generated/navigation_development_artifacts_v1/go2_auxiliary_depth_reobserve_goal_probe_v1_attempt_001/result.json,,,"{""status"":""AUXILIARY_DEPTH_REOBSERVE_GOAL_PROBE_COMPLETE"",""wall_s"":204.9989184809383}",docs/go2_auxiliary_depth_reobserve_goal_probe_result_2026-09-08.md;docs/go2_auxiliary_depth_reobserve_goal_probe_v1_2026-09-08.md,,,,,
go2_auxiliary_depth_reobserve_goal_readout_v1_attempt_001,AUXILIARY_DEPTH_REOBSERVE_GOAL_READOUT_COMPLETE,,,/home/andrewknowles/RecoveryStorage/LeWMQuad-v3/.generated/navigation_development_artifacts_v1/go2_auxiliary_depth_reobserve_goal_readout_v1_attempt_001/result.json,,,"{""status"":""AUXILIARY_DEPTH_REOBSERVE_GOAL_READOUT_COMPLETE""}",docs/go2_auxiliary_depth_reobserve_goal_probe_result_2026-09-08.md;docs/go2_auxiliary_depth_reobserve_goal_readout_v1_2026-09-08.md,,,,,
go2_auxiliary_depth_reobserve_prefix_v1_attempt_001,AUXILIARY_DEPTH_REOBSERVE_PREFIX_COMPLETE,,,/home/andrewknowles/RecoveryStorage/LeWMQuad-v3/.generated/navigation_development_artifacts_v1/go2_auxiliary_depth_reobserve_prefix_v1_attempt_001/result.json,,,"{""status"":""AUXILIARY_DEPTH_REOBSERVE_PREFIX_COMPLETE"",""wall_s"":109.14006852195598}",docs/go2_auxiliary_depth_reobserve_prefix_result_2026-09-08.md;docs/go2_auxiliary_depth_reobserve_prefix_v1_2026-09-08.md,,,,,
go2_auxiliary_downward45_controller_prefix_v1_attempt_001,AUXILIARY_DOWNWARD45_CONTROLLER_PREFIX_COMPLETE,,,/home/andrewknowles/RecoveryStorage/LeWMQuad-v3/.generated/navigation_development_artifacts_v1/go2_auxiliary_downward45_controller_prefix_v1_attempt_001/result.json,,,"{""status"":""AUXILIARY_DOWNWARD45_CONTROLLER_PREFIX_COMPLETE"",""wall_s"":49.224909205920994}",docs/go2_auxiliary_downward45_controller_prefix_result_2026-09-08.md;docs/go2_auxiliary_downward45_controller_prefix_v1_2026-09-08.md,,,,,
go2_auxiliary_downward45_depth_geometry_v1_attempt_001,AUXILIARY_DOWNWARD45_DEPTH_GEOMETRY_COMPLETE,,,/home/andrewknowles/RecoveryStorage/LeWMQuad-v3/.generated/navigation_development_artifacts_v1/go2_auxiliary_downward45_depth_geometry_v1_attempt_001/result.json,,,"{""status"":""AUXILIARY_DOWNWARD45_DEPTH_GEOMETRY_COMPLETE""}",docs/go2_auxiliary_downward45_depth_geometry_result_2026-09-08.md;docs/go2_auxiliary_downward45_depth_geometry_v1_2026-09-08.md,,,,,
go2_auxiliary_downward45_depth_prefix_v1_attempt_001,AUXILIARY_DOWNWARD45_DEPTH_PREFIX_COMPLETE,,,/home/andrewknowles/RecoveryStorage/LeWMQuad-v3/.generated/navigation_development_artifacts_v1/go2_auxiliary_downward45_depth_prefix_v1_attempt_001/result.json,,,"{""status"":""AUXILIARY_DOWNWARD45_DEPTH_PREFIX_COMPLETE"",""wall_s"":44.03207916696556}",docs/go2_auxiliary_downward45_depth_prefix_result_2026-09-08.md;docs/go2_auxiliary_downward45_depth_prefix_v1_2026-09-08.md,,,,,
go2_auxiliary_downward45_goal_probe_v1_attempt_001,AUXILIARY_DOWNWARD45_GOAL_PROBE_COMPLETE,,,/home/andrewknowles/RecoveryStorage/LeWMQuad-v3/.generated/navigation_development_artifacts_v1/go2_auxiliary_downward45_goal_probe_v1_attempt_001/result.json,,,"{""status"":""AUXILIARY_DOWNWARD45_GOAL_PROBE_COMPLETE"",""wall_s"":131.00014719599858}",docs/go2_auxiliary_downward45_goal_probe_result_2026-09-08.md;docs/go2_auxiliary_downward45_goal_probe_v1_2026-09-08.md,,,,,
go2_auxiliary_downward45_goal_readout_v1_attempt_001,AUXILIARY_DOWNWARD45_GOAL_READOUT_COMPLETE,,,/home/andrewknowles/RecoveryStorage/LeWMQuad-v3/.generated/navigation_development_artifacts_v1/go2_auxiliary_downward45_goal_readout_v1_attempt_001/result.json,,,"{""status"":""AUXILIARY_DOWNWARD45_GOAL_READOUT_COMPLETE""}",docs/go2_auxiliary_downward45_goal_probe_result_2026-09-08.md;docs/go2_auxiliary_downward45_goal_readout_v1_2026-09-08.md,,,,,
go2_auxiliary_only_turn_recovery_comparison_v1_attempt_001,RESULT_RECORDED,,,/home/andrewknowles/RecoveryStorage/LeWMQuad-v3/.generated/navigation_development_artifacts_v1/go2_auxiliary_only_turn_recovery_comparison_v1_attempt_001/result.json,,,{},docs/go2_auxiliary_turn_recovery_2026-09-15.md,,,,,
go2_auxiliary_return_pair_diagnosis_v1_attempt_001,FAILURE_RECORD_ONLY,,,,/home/andrewknowles/RecoveryStorage/LeWMQuad-v3/.generated/navigation_development_artifacts_v1/go2_auxiliary_return_pair_diagnosis_v1_attempt_001/failure.json,ValueError('exact nonsymlink development attempt root required'),{},docs/go2_auxiliary_return_pair_diagnosis_v1_2026-09-09.md,,,,,
go2_auxiliary_return_pair_diagnosis_v2_attempt_001,AUXILIARY_RETURN_PAIR_DIAGNOSIS_V2_COMPLETE,,,/home/andrewknowles/RecoveryStorage/LeWMQuad-v3/.generated/navigation_development_artifacts_v1/go2_auxiliary_return_pair_diagnosis_v2_attempt_001/result.json,,,"{""status"":""AUXILIARY_RETURN_PAIR_DIAGNOSIS_V2_COMPLETE"",""wall_s"":1.2381704340223223}",docs/go2_auxiliary_return_pair_diagnosis_result_2026-09-09.md;docs/go2_auxiliary_return_pair_diagnosis_v2_2026-09-09.md,,,,,
go2_auxiliary_rgb_packet_audit_v1_attempt_001,AUXILIARY_RGB_PACKET_AUDIT_COMPLETE,,,/home/andrewknowles/RecoveryStorage/LeWMQuad-v3/.generated/navigation_development_artifacts_v1/go2_auxiliary_rgb_packet_audit_v1_attempt_001/result.json,,,"{""status"":""AUXILIARY_RGB_PACKET_AUDIT_COMPLETE"",""wall_s"":0.7910646528471261}",docs/go2_auxiliary_rgb_packet_audit_result_2026-09-09.md;docs/go2_auxiliary_rgb_packet_audit_v1_2026-09-09.md,,,,,
go2_auxiliary_tilted_depth_geometry_v1_attempt_001,AUXILIARY_TILTED_DEPTH_GEOMETRY_COMPLETE,,,/home/andrewknowles/RecoveryStorage/LeWMQuad-v3/.generated/navigation_development_artifacts_v1/go2_auxiliary_tilted_depth_geometry_v1_attempt_001/result.json,,,"{""status"":""AUXILIARY_TILTED_DEPTH_GEOMETRY_COMPLETE""}",docs/go2_auxiliary_tilted_depth_geometry_result_2026-09-08.md;docs/go2_auxiliary_tilted_depth_geometry_v1_2026-09-08.md,,,,,
go2_auxiliary_tilted_depth_prefix_integrity_v1_attempt_001,FAILURE_RECORD_ONLY,,,,/home/andrewknowles/RecoveryStorage/LeWMQuad-v3/.generated/navigation_development_artifacts_v1/go2_auxiliary_tilted_depth_prefix_integrity_v1_attempt_001/failure.json,AssertionError(),{},docs/go2_auxiliary_tilted_depth_prefix_integrity_v1_2026-09-08.md;docs/go2_auxiliary_tilted_depth_prefix_integrity_v1_failure_2026-09-08.md,,,,,
go2_auxiliary_tilted_depth_prefix_integrity_v2_attempt_001,AUXILIARY_TILTED_DEPTH_PREFIX_INTEGRITY_V2_COMPLETE,,,/home/andrewknowles/RecoveryStorage/LeWMQuad-v3/.generated/navigation_development_artifacts_v1/go2_auxiliary_tilted_depth_prefix_integrity_v2_attempt_001/result.json,,,"{""status"":""AUXILIARY_TILTED_DEPTH_PREFIX_INTEGRITY_V2_COMPLETE"",""wall_s"":44.380167519906536}",docs/go2_auxiliary_tilted_depth_prefix_integrity_v2_2026-09-08.md;docs/go2_auxiliary_tilted_depth_prefix_result_2026-09-08.md,,,,,
go2_auxiliary_tilted_depth_prefix_readout_v1_attempt_001,AUXILIARY_TILTED_DEPTH_PREFIX_READOUT_COMPLETE,,,/home/andrewknowles/RecoveryStorage/LeWMQuad-v3/.generated/navigation_development_artifacts_v1/go2_auxiliary_tilted_depth_prefix_readout_v1_attempt_001/result.json,,,"{""status"":""AUXILIARY_TILTED_DEPTH_PREFIX_READOUT_COMPLETE""}",docs/go2_auxiliary_tilted_depth_prefix_readout_v1_2026-09-08.md;docs/go2_auxiliary_tilted_depth_prefix_result_2026-09-08.md,,,,,
go2_auxiliary_tilted_depth_prefix_v1_attempt_001,FAILURE_RECORD_ONLY,,,,/home/andrewknowles/RecoveryStorage/LeWMQuad-v3/.generated/navigation_development_artifacts_v1/go2_auxiliary_tilted_depth_prefix_v1_attempt_001/failure.json,"TypeError(""'int' object is not iterable"")",{},docs/go2_auxiliary_tilted_depth_prefix_failure_2026-09-08.md;docs/go2_auxiliary_tilted_depth_prefix_v1_2026-09-08.md,,,,,
go2_balanced_start_predictor_v1_attempt_001,COMPLETE,,,/home/andrewknowles/Workspace/LeWMQuad-v3/.generated/navigation_development_artifacts_v1/go2_balanced_start_predictor_v1_attempt_001/result.json,,,"{""status"":""COMPLETE"",""wall_s"":2787.489725132007}",docs/go2_balanced_start_predictor_2026-09-17.md,,,,,
go2_batched_consensus_pose_command_noise_2mm_native_layout02_4800_v1_attempt_001,PACED_NATIVE_PREFIX_COMPLETE,OBSERVED_ROUND_TRIP_CANDIDATE,False,/home/andrewknowles/RecoveryStorage/LeWMQuad-v3/.generated/navigation_development_artifacts_v1/go2_batched_consensus_pose_command_noise_2mm_native_layout02_4800_v1_attempt_001/result.json,,,"{""status"":""PACED_NATIVE_PREFIX_COMPLETE"",""mission_terminal"":""OBSERVED_ROUND_TRIP_CANDIDATE"",""navigation_success_claimed"":false,""simulation_s"":166.44,""wall_s"":167.107550438,""camera_frames"":1661,""disallowed_contact"":false,""observed_arrivals"":""[{\""phase\"":\""OUTBOUND\"",\""frame\"":1148,\""measured_ns\"":116300000000,\""target_initial_body_xy_m\"":[3.9000000000000004,-1.3],\""observed_position_initial_body_xy_m\"":[3.888220863511504,-1.2946301771559259],\""observed_distance_m\"":0.012945387355786807,\""quiet_intervals\"":10,\""native_verified\"":false},{\""phase\"":\""RETURN\"",\""frame\"":1659,\""measured_ns\"":167400000000,\""target_initial_body_xy_m\"":[0.0,0.0],\""observed_position_initial_body_xy_m\"":[0.01712058581155956,-0.00011805678669932035],\""observed_distance_m\"":0.01712099284316947,\""quiet_intervals\"":10,\""native_verified\"":false}]""}",docs/go2_development_artifact_retention_2026-09-14.md;docs/go2_local_reference_tracking_cost_2026-09-15.md,/home/andrewknowles/RecoveryStorage/LeWMQuad-v3/.generated/navigation_development_artifacts_v1/go2_batched_consensus_pose_command_noise_2mm_native_layout02_4800_v1_attempt_001/continuous_native_arrival_evaluation.json,1,1,True,0
go2_batched_consensus_tracking_followup_comparison_v1_attempt_001,RESULT_RECORDED,,,/home/andrewknowles/RecoveryStorage/LeWMQuad-v3/.generated/navigation_development_artifacts_v1/go2_batched_consensus_tracking_followup_comparison_v1_attempt_001/result.json,,,{},docs/go2_local_reference_tracking_cost_2026-09-15.md,,,,,
go2_batched_exact_target_controller_v1_attempt_001,BATCHED_EXACT_TARGET_CONTROLLER_COMPLETE,,,/home/andrewknowles/RecoveryStorage/LeWMQuad-v3/.generated/navigation_development_artifacts_v1/go2_batched_exact_target_controller_v1_attempt_001/result.json,,,"{""status"":""BATCHED_EXACT_TARGET_CONTROLLER_COMPLETE"",""wall_s"":334.2196719760541}",docs/go2_batched_exact_target_controller_result_2026-09-08.md;docs/go2_batched_exact_target_controller_v1_2026-09-08.md,,,,,
go2_batched_patch_anchored_prefix_v1_attempt_001,BATCHED_PATCH_ANCHORED_PREFIX_V1_COMPLETE,,,/home/andrewknowles/RecoveryStorage/LeWMQuad-v3/.generated/navigation_development_artifacts_v1/go2_batched_patch_anchored_prefix_v1_attempt_001/result.json,,,"{""status"":""BATCHED_PATCH_ANCHORED_PREFIX_V1_COMPLETE"",""wall_s"":1738.2760299451184}",docs/go2_batched_patch_anchored_execution_2026-09-10.md;docs/go2_batched_patch_anchored_prefix_result_2026-09-10.md;docs/go2_batched_patch_anchored_prefix_v1_2026-09-10.md,,,,,
go2_batched_patch_recorded_tracker_v1_attempt_001,BATCHED_PATCH_RECORDED_TRACKER_COMPLETE,,,/home/andrewknowles/RecoveryStorage/LeWMQuad-v3/.generated/navigation_development_artifacts_v1/go2_batched_patch_recorded_tracker_v1_attempt_001/result.json,,,"{""status"":""BATCHED_PATCH_RECORDED_TRACKER_COMPLETE"",""wall_s"":605.964455866022}",docs/go2_batched_patch_tracking_2026-09-13.md,,,,,
go2_body_projected_external_sampling_v1_attempt_001,FAILURE_RECORD_ONLY,,,,/home/andrewknowles/RecoveryStorage/LeWMQuad-v3/.generated/navigation_development_artifacts_v1/go2_body_projected_external_sampling_v1_attempt_001/failure.json,RuntimeError('original profiler ended before original child'),{},docs/go2_body_projection_external_profile_launched_2026-09-11.md;docs/go2_body_projection_external_profile_v1_2026-09-11.md;docs/go2_external_profile_lock_failure_and_nonblocking_smoke_2026-09-11.md,,,,,
go2_body_projected_external_sampling_v2_attempt_001,FAILURE_RECORD_ONLY,,,,/home/andrewknowles/RecoveryStorage/LeWMQuad-v3/.generated/navigation_development_artifacts_v1/go2_body_projected_external_sampling_v2_attempt_001/failure.json,RuntimeError('original profiler ended before original child'),{},docs/go2_body_projection_external_profile_v2_2026-09-11.md;docs/go2_external_profile_v2_launched_2026-09-11.md,,,,,
go2_body_projected_tiled_late_history_v1_attempt_001,BODY_PROJECTED_TILED_LATE_HISTORY_V1_COMPLETE,,,/home/andrewknowles/RecoveryStorage/LeWMQuad-v3/.generated/navigation_development_artifacts_v1/go2_body_projected_tiled_late_history_v1_attempt_001/result.json,,,"{""status"":""BODY_PROJECTED_TILED_LATE_HISTORY_V1_COMPLETE"",""wall_s"":2047.9546561918687}",docs/go2_body_projected_tiled_controller_prepared_2026-09-11.md;docs/go2_body_projected_tiled_late_history_v1_2026-09-11.md;docs/go2_body_projection_verified_and_sampling_diagnostic_prepared_2026-09-11.md;docs/go2_freeze_comparison_verified_body_projection_replay_invoked_2026-09-11.md,,,,,
go2_cached_chain_recorded_tracker_v1_attempt_001,FAILURE_RECORD_ONLY,,,,/home/andrewknowles/RecoveryStorage/LeWMQuad-v3/.generated/navigation_development_artifacts_v1/go2_cached_chain_recorded_tracker_v1_attempt_001/failure.json,"ValueError('tracker evidence differs beyond work count at 1, candidate')",{},docs/go2_cached_chain_tracking_2026-09-13.md,,,,,
go2_cached_chain_recorded_tracker_v1_attempt_002,CACHED_CHAIN_RECORDED_TRACKER_COMPLETE,,,/home/andrewknowles/RecoveryStorage/LeWMQuad-v3/.generated/navigation_development_artifacts_v1/go2_cached_chain_recorded_tracker_v1_attempt_002/result.json,,,"{""status"":""CACHED_CHAIN_RECORDED_TRACKER_COMPLETE"",""wall_s"":602.5403138238471}",docs/go2_cached_chain_tracking_2026-09-13.md,,,,,
go2_cached_fine_connectivity_supervised_rollout_noise_2mm_native_layout01_4800_v1_attempt_001,FAILURE_RECORD_ONLY,,,,/mnt/steam_drive/LeWMQuad-v3/navigation_development_artifacts_v1/go2_cached_fine_connectivity_supervised_rollout_noise_2mm_native_layout01_4800_v1_attempt_001/failure.json,"RuntimeError('[{\'stage\': \'tracking\', \'reason\': ""ValueError(\'measured visual pose unavailable\')""}]')",{},docs/go2_cached_fine_connectivity_2026-09-17.md,/mnt/steam_drive/LeWMQuad-v3/navigation_development_artifacts_v1/go2_cached_fine_connectivity_supervised_rollout_noise_2mm_native_layout01_4800_v1_attempt_001/continuous_native_arrival_evaluation.json,0,0,False,0
go2_cached_fine_goal_lzma_hold_relative_recovery_pulse_round_trip_native_layout04_4800_v1_attempt_001,PACED_NATIVE_PREFIX_COMPLETE,MISSION_TICK_BUDGET_EXHAUSTED,False,/home/andrewknowles/Workspace/LeWMQuad-v3/.generated/navigation_development_artifacts_v1/go2_cached_fine_goal_lzma_hold_relative_recovery_pulse_round_trip_native_layout04_4800_v1_attempt_001/result.json,,,"{""status"":""PACED_NATIVE_PREFIX_COMPLETE"",""mission_terminal"":""MISSION_TICK_BUDGET_EXHAUSTED"",""navigation_success_claimed"":false,""simulation_s"":487.06,""wall_s"":492.896612772,""camera_frames"":4814,""disallowed_contact"":false,""observed_arrivals"":""[]""}",docs/go2_development_artifact_retention_2026-09-14.md;docs/go2_raw_depth_archive_and_full_pulse_trial_2026-09-14.md,/home/andrewknowles/Workspace/LeWMQuad-v3/.generated/navigation_development_artifacts_v1/go2_cached_fine_goal_lzma_hold_relative_recovery_pulse_round_trip_native_layout04_4800_v1_attempt_001/continuous_native_arrival_evaluation.json,0,0,False,0
go2_cached_floor_moments_direct_followup_comparison_v1_attempt_001,RESULT_RECORDED,,,/home/andrewknowles/RecoveryStorage/LeWMQuad-v3/.generated/navigation_development_artifacts_v1/go2_cached_floor_moments_direct_followup_comparison_v1_attempt_001/result.json,,,{},docs/go2_cached_floor_moments_tracking_2026-09-15.md,,,,,
go2_cached_floor_moments_seed_2026091401_full_jepa_noise_2mm_native_layout01_4800_v1_attempt_001,PACED_NATIVE_PREFIX_COMPLETE,OBSERVED_ROUND_TRIP_CANDIDATE,False,/home/andrewknowles/RecoveryStorage/LeWMQuad-v3/.generated/navigation_development_artifacts_v1/go2_cached_floor_moments_seed_2026091401_full_jepa_noise_2mm_native_layout01_4800_v1_attempt_001/result.json,,,"{""status"":""PACED_NATIVE_PREFIX_COMPLETE"",""mission_terminal"":""OBSERVED_ROUND_TRIP_CANDIDATE"",""navigation_success_claimed"":false,""simulation_s"":163.22,""wall_s"":164.024945234,""camera_frames"":1631,""disallowed_contact"":false,""observed_arrivals"":""[{\""phase\"":\""OUTBOUND\"",\""frame\"":1156,\""measured_ns\"":117100000000,\""target_initial_body_xy_m\"":[0.0,2.6],\""observed_position_initial_body_xy_m\"":[-0.003282171714589591,2.6070708723737375],\""observed_distance_m\"":0.007795504299898402,\""quiet_intervals\"":10,\""native_verified\"":false},{\""phase\"":\""RETURN\"",\""frame\"":1629,\""measured_ns\"":164400000000,\""target_initial_body_xy_m\"":[0.0,0.0],\""observed_position_initial_body_xy_m\"":[-0.002804441131126378,0.014160683217011673],\""observed_distance_m\"":0.014435714018728323,\""quiet_intervals\"":10,\""native_verified\"":false}]""}",docs/go2_cached_floor_moments_tracking_2026-09-15.md;docs/go2_development_artifact_retention_2026-09-14.md,/home/andrewknowles/RecoveryStorage/LeWMQuad-v3/.generated/navigation_development_artifacts_v1/go2_cached_floor_moments_seed_2026091401_full_jepa_noise_2mm_native_layout01_4800_v1_attempt_001/continuous_native_arrival_evaluation.json,1,1,True,0
go2_cached_floor_moments_seed_2026091402_full_direct_noise_2mm_native_layout01_4800_v1_attempt_001,PACED_NATIVE_PREFIX_COMPLETE,OBSERVED_ROUND_TRIP_CANDIDATE,False,/home/andrewknowles/RecoveryStorage/LeWMQuad-v3/.generated/navigation_development_artifacts_v1/go2_cached_floor_moments_seed_2026091402_full_direct_noise_2mm_native_layout01_4800_v1_attempt_001/result.json,,,"{""status"":""PACED_NATIVE_PREFIX_COMPLETE"",""mission_terminal"":""OBSERVED_ROUND_TRIP_CANDIDATE"",""navigation_success_claimed"":false,""simulation_s"":162.12,""wall_s"":162.861362931,""camera_frames"":1619,""disallowed_contact"":false,""observed_arrivals"":""[{\""phase\"":\""OUTBOUND\"",\""frame\"":1126,\""measured_ns\"":114100000000,\""target_initial_body_xy_m\"":[0.0,2.6],\""observed_position_initial_body_xy_m\"":[0.009505977328091882,2.585832561735343],\""observed_distance_m\"":0.017061064209042343,\""quiet_intervals\"":10,\""native_verified\"":false},{\""phase\"":\""RETURN\"",\""frame\"":1617,\""measured_ns\"":163200000000,\""target_initial_body_xy_m\"":[0.0,0.0],\""observed_position_initial_body_xy_m\"":[-0.007804600944551942,-0.001389380989036901],\""observed_distance_m\"":0.007927305685817737,\""quiet_intervals\"":10,\""native_verified\"":false}]""}",docs/go2_cached_floor_moments_tracking_2026-09-15.md;docs/go2_development_artifact_retention_2026-09-14.md,/home/andrewknowles/RecoveryStorage/LeWMQuad-v3/.generated/navigation_development_artifacts_v1/go2_cached_floor_moments_seed_2026091402_full_direct_noise_2mm_native_layout01_4800_v1_attempt_001/continuous_native_arrival_evaluation.json,1,1,True,0
go2_cached_floor_moments_two_failures_comparison_v1_attempt_001,RESULT_RECORDED,,,/home/andrewknowles/RecoveryStorage/LeWMQuad-v3/.generated/navigation_development_artifacts_v1/go2_cached_floor_moments_two_failures_comparison_v1_attempt_001/result.json,,,{},docs/go2_cached_floor_moments_tracking_2026-09-15.md,,,,,
go2_cadenced_maze00_failure_cadenced_replay_v1_attempt_001,FAILED,,,/home/andrewknowles/RecoveryStorage/LeWMQuad-v3/.generated/navigation_development_artifacts_v1/go2_cadenced_maze00_failure_cadenced_replay_v1_attempt_001/result.json,,,"{""status"":""FAILED"",""wall_s"":66.3661008591298}",docs/go2_cadenced_view_navigation_2026-09-16.md,,,,,
go2_cadenced_view_age_250ms_supervised_rollout_noise_2mm_native_layout00_4800_v1_attempt_001,FAILURE_RECORD_ONLY,,,,/home/andrewknowles/RecoveryStorage/LeWMQuad-v3/.generated/navigation_development_artifacts_v1/go2_cadenced_view_age_250ms_supervised_rollout_noise_2mm_native_layout00_4800_v1_attempt_001/failure.json,"RuntimeError('[{\'stage\': \'tracking\', \'reason\': ""ValueError(\'measured visual pose unavailable\')""}]')",{},docs/go2_cadenced_view_navigation_2026-09-16.md,/home/andrewknowles/RecoveryStorage/LeWMQuad-v3/.generated/navigation_development_artifacts_v1/go2_cadenced_view_age_250ms_supervised_rollout_noise_2mm_native_layout00_4800_v1_attempt_001/continuous_native_arrival_evaluation.json,0,0,False,0
go2_cadenced_view_age_250ms_supervised_rollout_noise_2mm_native_layout01_4800_v1_attempt_001,PACED_NATIVE_PREFIX_COMPLETE,OBSERVED_ROUND_TRIP_CANDIDATE,False,/home/andrewknowles/RecoveryStorage/LeWMQuad-v3/.generated/navigation_development_artifacts_v1/go2_cadenced_view_age_250ms_supervised_rollout_noise_2mm_native_layout01_4800_v1_attempt_001/result.json,,,"{""status"":""PACED_NATIVE_PREFIX_COMPLETE"",""mission_terminal"":""OBSERVED_ROUND_TRIP_CANDIDATE"",""navigation_success_claimed"":false,""simulation_s"":317.82,""wall_s"":416.657522554,""camera_frames"":3173,""disallowed_contact"":false,""observed_arrivals"":""[{\""phase\"":\""OUTBOUND\"",\""frame\"":2164,\""measured_ns\"":217900000000,\""target_initial_body_xy_m\"":[3.9000000000000004,-1.3],\""observed_position_initial_body_xy_m\"":[3.9058492193620724,-1.291972910924631],\""observed_distance_m\"":0.009932146100896239,\""quiet_intervals\"":10,\""native_verified\"":false},{\""phase\"":\""RETURN\"",\""frame\"":3171,\""measured_ns\"":318600000000,\""target_initial_body_xy_m\"":[0.0,0.0],\""observed_position_initial_body_xy_m\"":[0.006292769016755848,0.010736780873404728],\""observed_distance_m\"":0.012444975107317489,\""quiet_intervals\"":10,\""native_verified\"":false}]""}",docs/go2_cadenced_view_navigation_2026-09-16.md;docs/go2_development_artifact_retention_2026-09-14.md,/home/andrewknowles/RecoveryStorage/LeWMQuad-v3/.generated/navigation_development_artifacts_v1/go2_cadenced_view_age_250ms_supervised_rollout_noise_2mm_native_layout01_4800_v1_attempt_001/continuous_native_arrival_evaluation.json,1,1,True,0
go2_cadenced_view_revisit_replay_v1_attempt_001,COMPLETE,,,/home/andrewknowles/RecoveryStorage/LeWMQuad-v3/.generated/navigation_development_artifacts_v1/go2_cadenced_view_revisit_replay_v1_attempt_001/result.json,,,"{""status"":""COMPLETE"",""wall_s"":205.5058692221064}",docs/go2_cadenced_view_navigation_2026-09-16.md;docs/go2_pipeline_age_navigation_2026-09-16.md,,,,,
go2_camera_frontier_viewpoint_layout00_summary_v1_attempt_001,RESULT_RECORDED,,,/home/andrewknowles/RecoveryStorage/LeWMQuad-v3/.generated/navigation_development_artifacts_v1/go2_camera_frontier_viewpoint_layout00_summary_v1_attempt_001/result.json,,,{},docs/go2_camera_frontier_viewpoint_2026-09-15.md,,,,,
go2_camera_frontier_viewpoint_learned_yaw_noise_2mm_native_layout00_4800_v1_attempt_001,PACED_NATIVE_PREFIX_COMPLETE,OBSERVED_ROUND_TRIP_CANDIDATE,False,/home/andrewknowles/RecoveryStorage/LeWMQuad-v3/.generated/navigation_development_artifacts_v1/go2_camera_frontier_viewpoint_learned_yaw_noise_2mm_native_layout00_4800_v1_attempt_001/result.json,,,"{""status"":""PACED_NATIVE_PREFIX_COMPLETE"",""mission_terminal"":""OBSERVED_ROUND_TRIP_CANDIDATE"",""navigation_success_claimed"":false,""simulation_s"":170.74,""wall_s"":171.534316783,""camera_frames"":1706,""disallowed_contact"":false,""observed_arrivals"":""[{\""phase\"":\""OUTBOUND\"",\""frame\"":1012,\""measured_ns\"":102700000000,\""target_initial_body_xy_m\"":[3.9000000000000004,2.6],\""observed_position_initial_body_xy_m\"":[3.887079852873527,2.587598853224489],\""observed_distance_m\"":0.01790861924095454,\""quiet_intervals\"":10,\""native_verified\"":false},{\""phase\"":\""RETURN\"",\""frame\"":1704,\""measured_ns\"":171900000000,\""target_initial_body_xy_m\"":[0.0,0.0],\""observed_position_initial_body_xy_m\"":[0.016139963795709856,-0.009502751217480744],\""observed_distance_m\"":0.018729674637541268,\""quiet_intervals\"":10,\""native_verified\"":false}]""}",docs/go2_camera_frontier_viewpoint_2026-09-15.md;docs/go2_development_artifact_retention_2026-09-14.md,/home/andrewknowles/RecoveryStorage/LeWMQuad-v3/.generated/navigation_development_artifacts_v1/go2_camera_frontier_viewpoint_learned_yaw_noise_2mm_native_layout00_4800_v1_attempt_001/continuous_native_arrival_evaluation.json,1,1,True,0
go2_camera_renderer_identity_v1_attempt_001,CAMERA_RENDERER_IDENTITY_INTEGRATION_COMPLETE,,,/home/andrewknowles/RecoveryStorage/LeWMQuad-v3/.generated/navigation_development_artifacts_v1/go2_camera_renderer_identity_v1_attempt_001/result.json,,,"{""status"":""CAMERA_RENDERER_IDENTITY_INTEGRATION_COMPLETE"",""wall_s"":21.619726510019973}",docs/go2_camera_renderer_identity_result_2026-09-09.md;docs/go2_camera_renderer_identity_v1_2026-09-09.md,,,,,
go2_causal_executed_residual_diagnosis_integrity_v1_attempt_001,CAUSAL_EXECUTED_RESIDUAL_INTEGRITY_COMPLETE,,,/home/andrewknowles/RecoveryStorage/LeWMQuad-v3/.generated/navigation_development_artifacts_v1/go2_causal_executed_residual_diagnosis_integrity_v1_attempt_001/result.json,,,"{""status"":""CAUSAL_EXECUTED_RESIDUAL_INTEGRITY_COMPLETE"",""wall_s"":25.468856108142063}",docs/go2_causal_executed_residual_diagnosis_integrity_v1_2026-09-08.md;docs/go2_causal_executed_residual_result_2026-09-08.md,,,,,
go2_causal_executed_residual_diagnosis_v1_attempt_001,FAILURE_RECORD_ONLY,,,,/home/andrewknowles/RecoveryStorage/LeWMQuad-v3/.generated/navigation_development_artifacts_v1/go2_causal_executed_residual_diagnosis_v1_attempt_001/failure.json,"SensorContractError('identity must be (environment, episode, reset)')",{},docs/go2_causal_executed_residual_diagnosis_failure_2026-09-08.md;docs/go2_causal_executed_residual_diagnosis_v1_2026-09-08.md,,,,,
go2_causal_local_motion_inputs_v1_attempt_001,COMPLETE,,,/home/andrewknowles/RecoveryStorage/LeWMQuad-v3/.generated/navigation_development_artifacts_v1/go2_causal_local_motion_inputs_v1_attempt_001/result.json,,,"{""status"":""COMPLETE"",""wall_s"":307.7767180958763}",docs/go2_causal_local_motion_inputs_2026-09-16.md,,,,,
go2_causal_residual_final_goal_prefix_v1_attempt_001,CAUSAL_RESIDUAL_FINAL_GOAL_PREFIX_COMPLETE,,,/home/andrewknowles/RecoveryStorage/LeWMQuad-v3/.generated/navigation_development_artifacts_v1/go2_causal_residual_final_goal_prefix_v1_attempt_001/result.json,,,"{""status"":""CAUSAL_RESIDUAL_FINAL_GOAL_PREFIX_COMPLETE"",""wall_s"":269.1673247090075}",docs/go2_causal_residual_final_goal_prefix_result_2026-09-08.md;docs/go2_causal_residual_final_goal_prefix_v1_2026-09-08.md,,,,,
go2_causal_residual_final_goal_probe_v1_attempt_001,CAUSAL_RESIDUAL_FINAL_GOAL_PROBE_COMPLETE,,,/home/andrewknowles/RecoveryStorage/LeWMQuad-v3/.generated/navigation_development_artifacts_v1/go2_causal_residual_final_goal_probe_v1_attempt_001/result.json,,,"{""status"":""CAUSAL_RESIDUAL_FINAL_GOAL_PROBE_COMPLETE"",""wall_s"":431.15995307196863}",docs/go2_causal_residual_final_goal_probe_result_2026-09-08.md;docs/go2_causal_residual_final_goal_probe_v1_2026-09-08.md,,,,,
go2_causal_residual_final_goal_readout_v1_attempt_001,CAUSAL_RESIDUAL_FINAL_GOAL_READOUT_COMPLETE,,,/home/andrewknowles/RecoveryStorage/LeWMQuad-v3/.generated/navigation_development_artifacts_v1/go2_causal_residual_final_goal_readout_v1_attempt_001/result.json,,,"{""status"":""CAUSAL_RESIDUAL_FINAL_GOAL_READOUT_COMPLETE""}",docs/go2_causal_residual_final_goal_probe_result_2026-09-08.md;docs/go2_causal_residual_final_goal_readout_v1_2026-09-08.md,,,,,
go2_chained_anchor_controller_prefix_v1_attempt_001,CHAINED_ANCHOR_CONTROLLER_PREFIX_V1_COMPLETE,,,/home/andrewknowles/RecoveryStorage/LeWMQuad-v3/.generated/navigation_development_artifacts_v1/go2_chained_anchor_controller_prefix_v1_attempt_001/result.json,,,"{""status"":""CHAINED_ANCHOR_CONTROLLER_PREFIX_V1_COMPLETE"",""wall_s"":890.0593334729783}",docs/go2_chained_anchor_observer_completed_controller_started_2026-09-11.md,,,,,
go2_chained_anchor_observer_prefix_v1_attempt_001,CHAINED_ANCHOR_OBSERVER_PREFIX_V1_COMPLETE,,,/home/andrewknowles/RecoveryStorage/LeWMQuad-v3/.generated/navigation_development_artifacts_v1/go2_chained_anchor_observer_prefix_v1_attempt_001/result.json,,,"{""status"":""CHAINED_ANCHOR_OBSERVER_PREFIX_V1_COMPLETE"",""wall_s"":373.85042631602846}",docs/go2_chained_anchor_observer_execution_result_2026-09-11.md,,,,,
go2_clearance_lookahead_native_layout00_v1_attempt_001,PACED_NATIVE_PREFIX_COMPLETE,MISSION_TICK_BUDGET_EXHAUSTED,False,/home/andrewknowles/RecoveryStorage/LeWMQuad-v3/.generated/navigation_development_artifacts_v1/go2_clearance_lookahead_native_layout00_v1_attempt_001/result.json,,,"{""status"":""PACED_NATIVE_PREFIX_COMPLETE"",""mission_terminal"":""MISSION_TICK_BUDGET_EXHAUSTED"",""navigation_success_claimed"":false,""simulation_s"":181.04,""wall_s"":181.034717416,""camera_frames"":1805,""disallowed_contact"":false,""observed_arrivals"":""[]""}",docs/go2_feature150_memory_clearance_experiment_2026-09-13.md,,,,,
go2_clearance_preferred_arc_recovery_learned_round_trip_native_layout02_v1_attempt_001,PACED_NATIVE_PREFIX_COMPLETE,OBSERVED_ROUND_TRIP_CANDIDATE,False,/home/andrewknowles/RecoveryStorage/LeWMQuad-v3/.generated/navigation_development_artifacts_v1/go2_clearance_preferred_arc_recovery_learned_round_trip_native_layout02_v1_attempt_001/result.json,,,"{""status"":""PACED_NATIVE_PREFIX_COMPLETE"",""mission_terminal"":""OBSERVED_ROUND_TRIP_CANDIDATE"",""navigation_success_claimed"":false,""simulation_s"":271.64,""wall_s"":272.181006271,""camera_frames"":2714,""disallowed_contact"":false,""observed_arrivals"":""[{\""phase\"":\""OUTBOUND\"",\""frame\"":1672,\""measured_ns\"":168700000000,\""target_initial_body_xy_m\"":[3.9000000000000004,-1.3],\""observed_position_initial_body_xy_m\"":[3.8896560083383016,-1.2907170111033994],\""observed_distance_m\"":0.013898634693800094,\""quiet_intervals\"":10,\""native_verified\"":false},{\""phase\"":\""RETURN\"",\""frame\"":2712,\""measured_ns\"":272700000000,\""target_initial_body_xy_m\"":[0.0,0.0],\""observed_position_initial_body_xy_m\"":[-0.014460696179654972,-0.003213431998476006],\""observed_distance_m\"":0.014813435766530242,\""quiet_intervals\"":10,\""native_verified\"":false}]""}",docs/go2_continuous_controller_comparison_2026-09-13.md;docs/go2_development_artifact_retention_2026-09-14.md,/home/andrewknowles/RecoveryStorage/LeWMQuad-v3/.generated/navigation_development_artifacts_v1/go2_clearance_preferred_arc_recovery_learned_round_trip_native_layout02_v1_attempt_001/continuous_native_arrival_evaluation.json,1,1,True,0
go2_clearance_preferred_arc_recovery_learned_round_trip_native_layout03_v1_attempt_001,PACED_NATIVE_PREFIX_COMPLETE,MISSION_TICK_BUDGET_EXHAUSTED,False,/home/andrewknowles/RecoveryStorage/LeWMQuad-v3/.generated/navigation_development_artifacts_v1/go2_clearance_preferred_arc_recovery_learned_round_trip_native_layout03_v1_attempt_001/result.json,,,"{""status"":""PACED_NATIVE_PREFIX_COMPLETE"",""mission_terminal"":""MISSION_TICK_BUDGET_EXHAUSTED"",""navigation_success_claimed"":false,""simulation_s"":361.0,""wall_s"":361.59491659,""camera_frames"":3605,""disallowed_contact"":false,""observed_arrivals"":""[{\""phase\"":\""OUTBOUND\"",\""frame\"":2441,\""measured_ns\"":245600000000,\""target_initial_body_xy_m\"":[0.0,1.3],\""observed_position_initial_body_xy_m\"":[0.013352312884694394,1.2887476857784133],\""observed_distance_m\"":0.017461352602593544,\""quiet_intervals\"":10,\""native_verified\"":false}]""}",docs/go2_continuous_controller_comparison_2026-09-13.md,/home/andrewknowles/RecoveryStorage/LeWMQuad-v3/.generated/navigation_development_artifacts_v1/go2_clearance_preferred_arc_recovery_learned_round_trip_native_layout03_v1_attempt_001/continuous_native_arrival_evaluation.json,1,0,False,0
go2_clearance_preferred_controller_comparison_layout03_v1_attempt_001,RESULT_RECORDED,,,/home/andrewknowles/RecoveryStorage/LeWMQuad-v3/.generated/navigation_development_artifacts_v1/go2_clearance_preferred_controller_comparison_layout03_v1_attempt_001/result.json,,,{},docs/go2_continuous_controller_comparison_2026-09-13.md,,,,,
go2_clearance_preferred_reactive_round_trip_native_layout03_v1_attempt_001,FAILURE_RECORD_ONLY,,,,/home/andrewknowles/RecoveryStorage/LeWMQuad-v3/.generated/navigation_development_artifacts_v1/go2_clearance_preferred_reactive_round_trip_native_layout03_v1_attempt_001/failure.json,"RuntimeError('[{\'stage\': \'tracking\', \'reason\': ""ValueError(\'measured visual pose unavailable\')""}]')",{},docs/go2_continuous_controller_comparison_2026-09-13.md,/home/andrewknowles/RecoveryStorage/LeWMQuad-v3/.generated/navigation_development_artifacts_v1/go2_clearance_preferred_reactive_round_trip_native_layout03_v1_attempt_001/continuous_native_arrival_evaluation.json,0,0,False,0
go2_clearance_preferred_route_learned_round_trip_native_layout02_v1_attempt_001,PACED_NATIVE_PREFIX_COMPLETE,MISSION_TICK_BUDGET_EXHAUSTED,False,/home/andrewknowles/RecoveryStorage/LeWMQuad-v3/.generated/navigation_development_artifacts_v1/go2_clearance_preferred_route_learned_round_trip_native_layout02_v1_attempt_001/result.json,,,"{""status"":""PACED_NATIVE_PREFIX_COMPLETE"",""mission_terminal"":""MISSION_TICK_BUDGET_EXHAUSTED"",""navigation_success_claimed"":false,""simulation_s"":361.0,""wall_s"":361.610699737,""camera_frames"":3605,""disallowed_contact"":false,""observed_arrivals"":""[{\""phase\"":\""OUTBOUND\"",\""frame\"":1961,\""measured_ns\"":197600000000,\""target_initial_body_xy_m\"":[3.9000000000000004,-1.3],\""observed_position_initial_body_xy_m\"":[3.8930796484758816,-1.2967358577336647],\""observed_distance_m\"":0.007651528602328374,\""quiet_intervals\"":10,\""native_verified\"":false}]""}",docs/go2_continuous_controller_comparison_2026-09-13.md,/home/andrewknowles/RecoveryStorage/LeWMQuad-v3/.generated/navigation_development_artifacts_v1/go2_clearance_preferred_route_learned_round_trip_native_layout02_v1_attempt_001/continuous_native_arrival_evaluation.json,1,0,False,0
go2_clearance_turn_recovery_learned_round_trip_native_layout02_v1_attempt_001,PACED_NATIVE_PREFIX_COMPLETE,MISSION_TICK_BUDGET_EXHAUSTED,False,/home/andrewknowles/RecoveryStorage/LeWMQuad-v3/.generated/navigation_development_artifacts_v1/go2_clearance_turn_recovery_learned_round_trip_native_layout02_v1_attempt_001/result.json,,,"{""status"":""PACED_NATIVE_PREFIX_COMPLETE"",""mission_terminal"":""MISSION_TICK_BUDGET_EXHAUSTED"",""navigation_success_claimed"":false,""simulation_s"":360.96,""wall_s"":361.569889813,""camera_frames"":3605,""disallowed_contact"":false,""observed_arrivals"":""[]""}",docs/go2_continuous_controller_comparison_2026-09-13.md,/home/andrewknowles/RecoveryStorage/LeWMQuad-v3/.generated/navigation_development_artifacts_v1/go2_clearance_turn_recovery_learned_round_trip_native_layout02_v1_attempt_001/continuous_native_arrival_evaluation.json,0,0,False,0
go2_closed_loop_motion_residual_study_v1_attempt_001,COMPLETE,,,/home/andrewknowles/RecoveryStorage/LeWMQuad-v3/.generated/navigation_development_artifacts_v1/go2_closed_loop_motion_residual_study_v1_attempt_001/result.json,,,"{""status"":""COMPLETE""}",docs/go2_feature150_memory_clearance_experiment_2026-09-13.md,,,,,
go2_coherent_reference_refresh_layout01_summary_v1_attempt_001,RESULT_RECORDED,,,/home/andrewknowles/RecoveryStorage/LeWMQuad-v3/.generated/navigation_development_artifacts_v1/go2_coherent_reference_refresh_layout01_summary_v1_attempt_001/result.json,,,{},docs/go2_coherent_reference_refresh_2026-09-15.md,,,,,
go2_coherent_reference_refresh_learned_yaw_noise_2mm_native_layout01_4800_v1_attempt_001,PACED_NATIVE_PREFIX_COMPLETE,OBSERVED_ROUND_TRIP_CANDIDATE,False,/home/andrewknowles/RecoveryStorage/LeWMQuad-v3/.generated/navigation_development_artifacts_v1/go2_coherent_reference_refresh_learned_yaw_noise_2mm_native_layout01_4800_v1_attempt_001/result.json,,,"{""status"":""PACED_NATIVE_PREFIX_COMPLETE"",""mission_terminal"":""OBSERVED_ROUND_TRIP_CANDIDATE"",""navigation_success_claimed"":false,""simulation_s"":256.82,""wall_s"":257.984480962,""camera_frames"":2566,""disallowed_contact"":false,""observed_arrivals"":""[{\""phase\"":\""OUTBOUND\"",\""frame\"":2069,\""measured_ns\"":208400000000,\""target_initial_body_xy_m\"":[0.0,2.6],\""observed_position_initial_body_xy_m\"":[-0.001183480344710258,2.5993190507947532],\""observed_distance_m\"":0.0013654001415123126,\""quiet_intervals\"":10,\""native_verified\"":false},{\""phase\"":\""RETURN\"",\""frame\"":2564,\""measured_ns\"":257900000000,\""target_initial_body_xy_m\"":[0.0,0.0],\""observed_position_initial_body_xy_m\"":[0.008794514219663575,0.01500691788421778],\""observed_distance_m\"":0.017393995077138555,\""quiet_intervals\"":10,\""native_verified\"":false}]""}",docs/go2_coherent_reference_refresh_2026-09-15.md;docs/go2_development_artifact_retention_2026-09-14.md,/home/andrewknowles/RecoveryStorage/LeWMQuad-v3/.generated/navigation_development_artifacts_v1/go2_coherent_reference_refresh_learned_yaw_noise_2mm_native_layout01_4800_v1_attempt_001/continuous_native_arrival_evaluation.json,1,1,True,0
go2_combined_floor_reacquisition_layout02_summary_v1_attempt_001,RESULT_RECORDED,,,/home/andrewknowles/RecoveryStorage/LeWMQuad-v3/.generated/navigation_development_artifacts_v1/go2_combined_floor_reacquisition_layout02_summary_v1_attempt_001/result.json,,,{},docs/go2_combined_perception_motion_comparison_2026-09-15.md,,,,,
go2_combined_floor_reacquisition_pose_command_noise_2mm_native_layout02_4800_v1_attempt_001,PACED_NATIVE_PREFIX_COMPLETE,MISSION_TICK_BUDGET_EXHAUSTED,False,/home/andrewknowles/RecoveryStorage/LeWMQuad-v3/.generated/navigation_development_artifacts_v1/go2_combined_floor_reacquisition_pose_command_noise_2mm_native_layout02_4800_v1_attempt_001/result.json,,,"{""status"":""PACED_NATIVE_PREFIX_COMPLETE"",""mission_terminal"":""MISSION_TICK_BUDGET_EXHAUSTED"",""navigation_success_claimed"":false,""simulation_s"":480.62,""wall_s"":482.089646357,""camera_frames"":4805,""disallowed_contact"":false,""observed_arrivals"":""[]""}",docs/go2_combined_perception_motion_comparison_2026-09-15.md,/home/andrewknowles/RecoveryStorage/LeWMQuad-v3/.generated/navigation_development_artifacts_v1/go2_combined_floor_reacquisition_pose_command_noise_2mm_native_layout02_4800_v1_attempt_001/continuous_native_arrival_evaluation.json,0,0,False,0
go2_combined_perception_motion_comparison_layout00_v1_attempt_001,RESULT_RECORDED,,,/home/andrewknowles/RecoveryStorage/LeWMQuad-v3/.generated/navigation_development_artifacts_v1/go2_combined_perception_motion_comparison_layout00_v1_attempt_001/result.json,,,{},docs/go2_combined_perception_motion_comparison_2026-09-15.md,,,,,
go2_combined_perception_motion_comparison_layout01_v1_attempt_001,RESULT_RECORDED,,,/home/andrewknowles/RecoveryStorage/LeWMQuad-v3/.generated/navigation_development_artifacts_v1/go2_combined_perception_motion_comparison_layout01_v1_attempt_001/result.json,,,{},docs/go2_combined_perception_motion_comparison_2026-09-15.md,,,,,
go2_combined_perception_motion_comparison_layout02_v1_attempt_001,RESULT_RECORDED,,,/home/andrewknowles/RecoveryStorage/LeWMQuad-v3/.generated/navigation_development_artifacts_v1/go2_combined_perception_motion_comparison_layout02_v1_attempt_001/result.json,,,{},docs/go2_combined_perception_motion_comparison_2026-09-15.md,,,,,
go2_combined_perception_motion_four_layout_summary_v1_attempt_001,RESULT_RECORDED,,,/home/andrewknowles/RecoveryStorage/LeWMQuad-v3/.generated/navigation_development_artifacts_v1/go2_combined_perception_motion_four_layout_summary_v1_attempt_001/result.json,,,{},docs/go2_combined_perception_motion_comparison_2026-09-15.md,,,,,
go2_combined_perception_motion_learned_noise_2mm_native_layout01_4800_v1_attempt_001,PACED_NATIVE_PREFIX_COMPLETE,OBSERVED_ROUND_TRIP_CANDIDATE,False,/home/andrewknowles/RecoveryStorage/LeWMQuad-v3/.generated/navigation_development_artifacts_v1/go2_combined_perception_motion_learned_noise_2mm_native_layout01_4800_v1_attempt_001/result.json,,,"{""status"":""PACED_NATIVE_PREFIX_COMPLETE"",""mission_terminal"":""OBSERVED_ROUND_TRIP_CANDIDATE"",""navigation_success_claimed"":false,""simulation_s"":239.68,""wall_s"":241.560158931,""camera_frames"":2393,""disallowed_contact"":false,""observed_arrivals"":""[{\""phase\"":\""OUTBOUND\"",\""frame\"":1793,\""measured_ns\"":180800000000,\""target_initial_body_xy_m\"":[3.9000000000000004,2.6],\""observed_position_initial_body_xy_m\"":[3.8929014207970294,2.601945355606026],\""observed_distance_m\"":0.007360314880135828,\""quiet_intervals\"":10,\""native_verified\"":false},{\""phase\"":\""RETURN\"",\""frame\"":2391,\""measured_ns\"":240600000000,\""target_initial_body_xy_m\"":[0.0,0.0],\""observed_position_initial_body_xy_m\"":[0.009552795585903724,0.01614625126633913],\""observed_distance_m\"":0.0187605259377721,\""quiet_intervals\"":10,\""native_verified\"":false}]""}",docs/go2_development_artifact_retention_2026-09-14.md,/home/andrewknowles/RecoveryStorage/LeWMQuad-v3/.generated/navigation_development_artifacts_v1/go2_combined_perception_motion_learned_noise_2mm_native_layout01_4800_v1_attempt_001/continuous_native_arrival_evaluation.json,1,1,True,0
go2_combined_perception_motion_learned_noise_2mm_native_layout03_4800_v1_attempt_001,FAILURE_RECORD_ONLY,,,,/home/andrewknowles/RecoveryStorage/LeWMQuad-v3/.generated/navigation_development_artifacts_v1/go2_combined_perception_motion_learned_noise_2mm_native_layout03_4800_v1_attempt_001/failure.json,"RuntimeError('[{\'stage\': \'registration\', \'reason\': ""ValueError(\'current measured candidate conflicts with transported floor reference\')""}]')",{},docs/go2_local_view_revisit_tracking_2026-09-15.md,/home/andrewknowles/RecoveryStorage/LeWMQuad-v3/.generated/navigation_development_artifacts_v1/go2_combined_perception_motion_learned_noise_2mm_native_layout03_4800_v1_attempt_001/continuous_native_arrival_evaluation.json,0,0,False,0
go2_combined_perception_motion_pose_command_noise_2mm_native_layout00_4800_v1_attempt_001,PACED_NATIVE_PREFIX_COMPLETE,OBSERVED_ROUND_TRIP_CANDIDATE,False,/home/andrewknowles/RecoveryStorage/LeWMQuad-v3/.generated/navigation_development_artifacts_v1/go2_combined_perception_motion_pose_command_noise_2mm_native_layout00_4800_v1_attempt_001/result.json,,,"{""status"":""PACED_NATIVE_PREFIX_COMPLETE"",""mission_terminal"":""OBSERVED_ROUND_TRIP_CANDIDATE"",""navigation_success_claimed"":false,""simulation_s"":231.26,""wall_s"":232.413256273,""camera_frames"":2311,""disallowed_contact"":false,""observed_arrivals"":""[{\""phase\"":\""OUTBOUND\"",\""frame\"":1816,\""measured_ns\"":183100000000,\""target_initial_body_xy_m\"":[2.6,2.6],\""observed_position_initial_body_xy_m\"":[2.591109272522178,2.6036287809746055],\""observed_distance_m\"":0.009602764521040702,\""quiet_intervals\"":10,\""native_verified\"":false},{\""phase\"":\""RETURN\"",\""frame\"":2309,\""measured_ns\"":232400000000,\""target_initial_body_xy_m\"":[0.0,0.0],\""observed_position_initial_body_xy_m\"":[-0.008941506434639299,0.0027571059087367076],\""observed_distance_m\"":0.009356931671904356,\""quiet_intervals\"":10,\""native_verified\"":false}]""}",docs/go2_development_artifact_retention_2026-09-14.md,/home/andrewknowles/RecoveryStorage/LeWMQuad-v3/.generated/navigation_development_artifacts_v1/go2_combined_perception_motion_pose_command_noise_2mm_native_layout00_4800_v1_attempt_001/continuous_native_arrival_evaluation.json,1,1,True,0
go2_combined_perception_motion_pose_command_noise_2mm_native_layout01_4800_v1_attempt_001,PACED_NATIVE_PREFIX_COMPLETE,MISSION_TICK_BUDGET_EXHAUSTED,False,/home/andrewknowles/RecoveryStorage/LeWMQuad-v3/.generated/navigation_development_artifacts_v1/go2_combined_perception_motion_pose_command_noise_2mm_native_layout01_4800_v1_attempt_001/result.json,,,"{""status"":""PACED_NATIVE_PREFIX_COMPLETE"",""mission_terminal"":""MISSION_TICK_BUDGET_EXHAUSTED"",""navigation_success_claimed"":false,""simulation_s"":480.94,""wall_s"":485.550220163,""camera_frames"":4805,""disallowed_contact"":false,""observed_arrivals"":""[{\""phase\"":\""OUTBOUND\"",\""frame\"":4188,\""measured_ns\"":420300000000,\""target_initial_body_xy_m\"":[3.9000000000000004,2.6],\""observed_position_initial_body_xy_m\"":[3.880591736342581,2.596375726509953],\""observed_distance_m\"":0.019743759938941733,\""quiet_intervals\"":10,\""native_verified\"":false}]""}",docs/go2_committed_camera_frontier_view_2026-09-15.md;docs/go2_local_view_revisit_tracking_2026-09-15.md,/home/andrewknowles/RecoveryStorage/LeWMQuad-v3/.generated/navigation_development_artifacts_v1/go2_combined_perception_motion_pose_command_noise_2mm_native_layout01_4800_v1_attempt_001/continuous_native_arrival_evaluation.json,1,0,False,0
go2_combined_perception_motion_pose_command_noise_2mm_native_layout03_4800_v1_attempt_001,PACED_NATIVE_PREFIX_COMPLETE,OBSERVED_ROUND_TRIP_CANDIDATE,False,/home/andrewknowles/RecoveryStorage/LeWMQuad-v3/.generated/navigation_development_artifacts_v1/go2_combined_perception_motion_pose_command_noise_2mm_native_layout03_4800_v1_attempt_001/result.json,,,"{""status"":""PACED_NATIVE_PREFIX_COMPLETE"",""mission_terminal"":""OBSERVED_ROUND_TRIP_CANDIDATE"",""navigation_success_claimed"":false,""simulation_s"":393.96,""wall_s"":395.901235685,""camera_frames"":3938,""disallowed_contact"":false,""observed_arrivals"":""[{\""phase\"":\""OUTBOUND\"",\""frame\"":3069,\""measured_ns\"":308400000000,\""target_initial_body_xy_m\"":[0.0,-1.3],\""observed_position_initial_body_xy_m\"":[-0.005067594063323918,-1.3032200194776635],\""observed_distance_m\"":0.006004084861756039,\""quiet_intervals\"":10,\""native_verified\"":false},{\""phase\"":\""RETURN\"",\""frame\"":3936,\""measured_ns\"":395100000000,\""target_initial_body_xy_m\"":[0.0,0.0],\""observed_position_initial_body_xy_m\"":[-0.011818019504463054,0.0013955182827383671],\""observed_distance_m\"":0.01190012841465697,\""quiet_intervals\"":10,\""native_verified\"":false}]""}",docs/go2_development_artifact_retention_2026-09-14.md,/home/andrewknowles/RecoveryStorage/LeWMQuad-v3/.generated/navigation_development_artifacts_v1/go2_combined_perception_motion_pose_command_noise_2mm_native_layout03_4800_v1_attempt_001/continuous_native_arrival_evaluation.json,1,1,True,0
go2_combined_tracking_floor_recovery_seed_2026091402_full_supervised_rollout_noise_2mm_native_layout01_4800_v1_attempt_001,PACED_NATIVE_PREFIX_COMPLETE,OBSERVED_ROUND_TRIP_CANDIDATE,False,/home/andrewknowles/RecoveryStorage/LeWMQuad-v3/.generated/navigation_development_artifacts_v1/go2_combined_tracking_floor_recovery_seed_2026091402_full_supervised_rollout_noise_2mm_native_layout01_4800_v1_attempt_001/result.json,,,"{""status"":""PACED_NATIVE_PREFIX_COMPLETE"",""mission_terminal"":""OBSERVED_ROUND_TRIP_CANDIDATE"",""navigation_success_claimed"":false,""simulation_s"":160.0,""wall_s"":160.71386009,""camera_frames"":1598,""disallowed_contact"":false,""observed_arrivals"":""[{\""phase\"":\""OUTBOUND\"",\""frame\"":1124,\""measured_ns\"":113900000000,\""target_initial_body_xy_m\"":[0.0,2.6],\""observed_position_initial_body_xy_m\"":[-0.006513201472518548,2.6167210395682123],\""observed_distance_m\"":0.01794477521908083,\""quiet_intervals\"":10,\""native_verified\"":false},{\""phase\"":\""RETURN\"",\""frame\"":1596,\""measured_ns\"":161100000000,\""target_initial_body_xy_m\"":[0.0,0.0],\""observed_position_initial_body_xy_m\"":[0.010811370613072479,-0.003043602015681537],\""observed_distance_m\"":0.0112316182165825,\""quiet_intervals\"":10,\""native_verified\"":false}]""}",docs/go2_combined_tracking_floor_recovery_2026-09-15.md;docs/go2_development_artifact_retention_2026-09-14.md,/home/andrewknowles/RecoveryStorage/LeWMQuad-v3/.generated/navigation_development_artifacts_v1/go2_combined_tracking_floor_recovery_seed_2026091402_full_supervised_rollout_noise_2mm_native_layout01_4800_v1_attempt_001/continuous_native_arrival_evaluation.json,1,1,True,0
go2_command_history_executed_windows_v1_attempt_001,COMPLETE,,,/home/andrewknowles/RecoveryStorage/LeWMQuad-v3/.generated/navigation_development_artifacts_v1/go2_command_history_executed_windows_v1_attempt_001/result.json,,,"{""status"":""COMPLETE"",""wall_s"":13.377065534004942}",docs/go2_short_pulse_learning_2026-09-16.md,,,,,
go2_commitment_contact_anchored_maze02_native_wait_v1_attempt_001,COMMITMENT_CONTACT_ANCHORED_MAZE02_NATIVE_WAIT_V1_COMPLETE,,,/home/andrewknowles/RecoveryStorage/LeWMQuad-v3/.generated/navigation_development_artifacts_v1/go2_commitment_contact_anchored_maze02_native_wait_v1_attempt_001/result.json,,,"{""status"":""COMMITMENT_CONTACT_ANCHORED_MAZE02_NATIVE_WAIT_V1_COMPLETE""}",docs/go2_commitment_contact_anchored_maze02_native_wait_v1_2026-09-10.md,,,,,
go2_commitment_contact_anchored_maze02_pilot_v1_attempt_001,COMMITMENT_CONTACT_ANCHORED_MAZE02_PILOT_V1_COMPLETE,,,/home/andrewknowles/RecoveryStorage/LeWMQuad-v3/.generated/navigation_development_artifacts_v1/go2_commitment_contact_anchored_maze02_pilot_v1_attempt_001/result.json,,,"{""status"":""COMMITMENT_CONTACT_ANCHORED_MAZE02_PILOT_V1_COMPLETE"",""wall_s"":4422.633497582981}",docs/go2_commitment_contact_anchored_maze02_pilot_v1_2026-09-10.md,,,,,
go2_commitment_contact_anchored_raw_prefix_v1_attempt_001,COMMITMENT_CONTACT_ANCHORED_RAW_PREFIX_V1_COMPLETE,,,/home/andrewknowles/RecoveryStorage/LeWMQuad-v3/.generated/navigation_development_artifacts_v1/go2_commitment_contact_anchored_raw_prefix_v1_attempt_001/result.json,,,"{""status"":""COMMITMENT_CONTACT_ANCHORED_RAW_PREFIX_V1_COMPLETE"",""wall_s"":960.8767612180673}",docs/go2_commitment_contact_anchored_raw_execution_2026-09-10.md;docs/go2_commitment_contact_anchored_raw_prefix_result_2026-09-10.md;docs/go2_commitment_contact_anchored_raw_prefix_v1_2026-09-10.md,,,,,
go2_commitment_contact_anchored_raw_prefix_wait_v1_attempt_001,COMMITMENT_CONTACT_ANCHORED_RAW_PREFIX_WAIT_V1_COMPLETE,,,/home/andrewknowles/RecoveryStorage/LeWMQuad-v3/.generated/navigation_development_artifacts_v1/go2_commitment_contact_anchored_raw_prefix_wait_v1_attempt_001/result.json,,,"{""status"":""COMMITMENT_CONTACT_ANCHORED_RAW_PREFIX_WAIT_V1_COMPLETE""}",docs/go2_commitment_contact_anchored_raw_execution_2026-09-10.md;docs/go2_commitment_contact_anchored_raw_prefix_wait_v1_2026-09-10.md,,,,,
go2_commitment_contact_anchored_saved_prefix_v1_attempt_001,COMMITMENT_CONTACT_ANCHORED_SAVED_PREFIX_V1_COMPLETE,,,/home/andrewknowles/RecoveryStorage/LeWMQuad-v3/.generated/navigation_development_artifacts_v1/go2_commitment_contact_anchored_saved_prefix_v1_attempt_001/result.json,,,"{""status"":""COMMITMENT_CONTACT_ANCHORED_SAVED_PREFIX_V1_COMPLETE""}",docs/go2_commitment_contact_anchored_saved_prefix_result_2026-09-10.md;docs/go2_commitment_contact_anchored_v1_2026-09-10.md,,,,,
go2_commitment_pose_goal_probe_v1_attempt_001,COMMITMENT_POSE_GOAL_PROBE_COMPLETE,,,/home/andrewknowles/RecoveryStorage/LeWMQuad-v3/.generated/navigation_development_artifacts_v1/go2_commitment_pose_goal_probe_v1_attempt_001/result.json,,,"{""status"":""COMMITMENT_POSE_GOAL_PROBE_COMPLETE"",""wall_s"":209.14214402111247}",docs/go2_commitment_pose_goal_probe_result_2026-09-08.md,,,,,
go2_commitment_pose_goal_readout_v1_attempt_001,COMMITMENT_POSE_GOAL_READOUT_COMPLETE,,,/home/andrewknowles/RecoveryStorage/LeWMQuad-v3/.generated/navigation_development_artifacts_v1/go2_commitment_pose_goal_readout_v1_attempt_001/result.json,,,"{""status"":""COMMITMENT_POSE_GOAL_READOUT_COMPLETE""}",docs/go2_commitment_pose_goal_probe_result_2026-09-08.md;docs/go2_commitment_pose_goal_readout_v1_2026-09-08.md,,,,,
go2_commitment_pose_route_loss_v1_attempt_001,FAILURE_RECORD_ONLY,,,,/home/andrewknowles/RecoveryStorage/LeWMQuad-v3/.generated/navigation_development_artifacts_v1/go2_commitment_pose_route_loss_v1_attempt_001/failure.json,SensorContractError('observed floor map unavailable'),{},docs/go2_commitment_pose_route_loss_result_2026-09-08.md;docs/go2_commitment_pose_route_loss_v1_2026-09-08.md,,,,,
go2_commitment_pose_route_loss_v2_attempt_001,COMMITMENT_POSE_ROUTE_LOSS_DIAGNOSTIC_COMPLETE,,,/home/andrewknowles/RecoveryStorage/LeWMQuad-v3/.generated/navigation_development_artifacts_v1/go2_commitment_pose_route_loss_v2_attempt_001/result.json,,,"{""status"":""COMMITMENT_POSE_ROUTE_LOSS_DIAGNOSTIC_COMPLETE"",""wall_s"":46.60154092684388}",docs/go2_commitment_pose_route_loss_result_2026-09-08.md;docs/go2_commitment_pose_route_loss_v2_2026-09-08.md,,,,,
go2_committed_camera_view_layout01_summary_v1_attempt_001,RESULT_RECORDED,,,/home/andrewknowles/RecoveryStorage/LeWMQuad-v3/.generated/navigation_development_artifacts_v1/go2_committed_camera_view_layout01_summary_v1_attempt_001/result.json,,,{},docs/go2_committed_camera_frontier_view_2026-09-15.md,,,,,
go2_committed_camera_view_learned_layout02_summary_v1_attempt_001,RESULT_RECORDED,,,/home/andrewknowles/RecoveryStorage/LeWMQuad-v3/.generated/navigation_development_artifacts_v1/go2_committed_camera_view_learned_layout02_summary_v1_attempt_001/result.json,,,{},docs/go2_committed_camera_frontier_view_2026-09-15.md,,,,,
go2_committed_camera_view_learned_noise_2mm_native_layout02_4800_v1_attempt_001,FAILURE_RECORD_ONLY,,,,/home/andrewknowles/RecoveryStorage/LeWMQuad-v3/.generated/navigation_development_artifacts_v1/go2_committed_camera_view_learned_noise_2mm_native_layout02_4800_v1_attempt_001/failure.json,"RuntimeError('[{\'stage\': \'registration\', \'reason\': ""ValueError(\'current measured candidate conflicts with transported floor reference\')""}]')",{},docs/go2_committed_camera_frontier_view_2026-09-15.md,/home/andrewknowles/RecoveryStorage/LeWMQuad-v3/.generated/navigation_development_artifacts_v1/go2_committed_camera_view_learned_noise_2mm_native_layout02_4800_v1_attempt_001/continuous_native_arrival_evaluation.json,1,0,False,0
go2_committed_camera_view_pose_command_noise_2mm_native_layout01_4800_v1_attempt_001,PACED_NATIVE_PREFIX_COMPLETE,OBSERVED_ROUND_TRIP_CANDIDATE,False,/home/andrewknowles/RecoveryStorage/LeWMQuad-v3/.generated/navigation_development_artifacts_v1/go2_committed_camera_view_pose_command_noise_2mm_native_layout01_4800_v1_attempt_001/result.json,,,"{""status"":""PACED_NATIVE_PREFIX_COMPLETE"",""mission_terminal"":""OBSERVED_ROUND_TRIP_CANDIDATE"",""navigation_success_claimed"":false,""simulation_s"":229.98,""wall_s"":231.033088739,""camera_frames"":2298,""disallowed_contact"":false,""observed_arrivals"":""[{\""phase\"":\""OUTBOUND\"",\""frame\"":1577,\""measured_ns\"":159200000000,\""target_initial_body_xy_m\"":[3.9000000000000004,2.6],\""observed_position_initial_body_xy_m\"":[3.899988974999052,2.5880438882710046],\""observed_distance_m\"":0.01195611681219571,\""quiet_intervals\"":10,\""native_verified\"":false},{\""phase\"":\""RETURN\"",\""frame\"":2296,\""measured_ns\"":231100000000,\""target_initial_body_xy_m\"":[0.0,0.0],\""observed_position_initial_body_xy_m\"":[0.019105947624729256,-0.0052584850260642725],\""observed_distance_m\"":0.01981637957368196,\""quiet_intervals\"":10,\""native_verified\"":false}]""}",docs/go2_committed_camera_frontier_view_2026-09-15.md;docs/go2_development_artifact_retention_2026-09-14.md,/home/andrewknowles/RecoveryStorage/LeWMQuad-v3/.generated/navigation_development_artifacts_v1/go2_committed_camera_view_pose_command_noise_2mm_native_layout01_4800_v1_attempt_001/continuous_native_arrival_evaluation.json,1,1,True,0
go2_compact_depth_recorded_sample_v1_attempt_001,COMPACT_DEPTH_RECORDED_SAMPLE_V1_COMPLETE,,,/home/andrewknowles/RecoveryStorage/LeWMQuad-v3/.generated/navigation_development_artifacts_v1/go2_compact_depth_recorded_sample_v1_attempt_001/result.json,,,"{""status"":""COMPACT_DEPTH_RECORDED_SAMPLE_V1_COMPLETE"",""wall_s"":0.7086804718710482}",docs/go2_compact_depth_recorded_sample_preflight_correction_2026-09-12.md;docs/go2_compact_depth_recorded_sample_result_2026-09-12.md;docs/go2_compact_depth_recorded_sample_v1_2026-09-12.md,,,,,
go2_complete_plan_profile_v1_attempt_001,RESULT_RECORDED,,,/home/andrewknowles/RecoveryStorage/LeWMQuad-v3/.generated/navigation_development_artifacts_v1/go2_complete_plan_profile_v1_attempt_001/result.json,,,{},docs/go2_planning_cost_profile_2026-09-16.md,,,,,
go2_conditioned150_memory_clearance_native_layout00_v1_attempt_001,PACED_NATIVE_PREFIX_COMPLETE,MISSION_TICK_BUDGET_EXHAUSTED,False,/home/andrewknowles/RecoveryStorage/LeWMQuad-v3/.generated/navigation_development_artifacts_v1/go2_conditioned150_memory_clearance_native_layout00_v1_attempt_001/result.json,,,"{""status"":""PACED_NATIVE_PREFIX_COMPLETE"",""mission_terminal"":""MISSION_TICK_BUDGET_EXHAUSTED"",""navigation_success_claimed"":false,""simulation_s"":181.02,""wall_s"":181.017889887,""camera_frames"":1805,""disallowed_contact"":false,""observed_arrivals"":""[]""}",docs/go2_feature150_memory_clearance_experiment_2026-09-13.md,,,,,
go2_conditioned_support_native_layout00_v1_attempt_001,FAILURE_RECORD_ONLY,,,,/home/andrewknowles/RecoveryStorage/LeWMQuad-v3/.generated/navigation_development_artifacts_v1/go2_conditioned_support_native_layout00_v1_attempt_001/failure.json,"RuntimeError('[{\'stage\': \'tracking\', \'reason\': ""ValueError(\'measured visual pose unavailable\')""}]')",{},docs/go2_development_artifact_retention_2026-09-14.md;docs/go2_development_support_sensitivity_2026-09-13.md,,,,,
go2_confirmed_floor_maze_pilot_v1_attempt_001,CONFIRMED_FLOOR_MAZE_PILOT_COMPLETE,,,/home/andrewknowles/RecoveryStorage/LeWMQuad-v3/.generated/navigation_development_artifacts_v1/go2_confirmed_floor_maze_pilot_v1_attempt_001/result.json,,,"{""status"":""CONFIRMED_FLOOR_MAZE_PILOT_COMPLETE"",""wall_s"":3763.9268850150984}",docs/go2_confirmed_floor_maze_pilot_result_2026-09-08.md;docs/go2_confirmed_floor_maze_pilot_v1_2026-09-08.md;docs/go2_floor_registered_controller_candidate_2026-09-08.md;docs/go2_novel_maze_round_trip_pilot_status_2026-09-08.md,,,,,
go2_confirmed_floor_maze_prefix_v1_attempt_001,CONFIRMED_FLOOR_MAZE_PREFIX_COMPLETE,,,/home/andrewknowles/RecoveryStorage/LeWMQuad-v3/.generated/navigation_development_artifacts_v1/go2_confirmed_floor_maze_prefix_v1_attempt_001/result.json,,,"{""status"":""CONFIRMED_FLOOR_MAZE_PREFIX_COMPLETE"",""wall_s"":1554.3127937079407}",docs/go2_confirmed_floor_maze_prefix_result_2026-09-08.md;docs/go2_confirmed_floor_maze_prefix_v1_2026-09-08.md;docs/go2_novel_maze_round_trip_pilot_status_2026-09-08.md,,,,,
go2_confirmed_floor_maze_readout_v1_attempt_001,CONFIRMED_FLOOR_MAZE_READOUT_COMPLETE,,,/home/andrewknowles/RecoveryStorage/LeWMQuad-v3/.generated/navigation_development_artifacts_v1/go2_confirmed_floor_maze_readout_v1_attempt_001/result.json,,,"{""status"":""CONFIRMED_FLOOR_MAZE_READOUT_COMPLETE""}",docs/go2_confirmed_floor_maze_pilot_result_2026-09-08.md;docs/go2_confirmed_floor_maze_readout_v1_2026-09-08.md,,,,,
go2_consecutive_retained_noise_four_layout_summary_v1_attempt_001,RESULT_RECORDED,,,/home/andrewknowles/RecoveryStorage/LeWMQuad-v3/.generated/navigation_development_artifacts_v1/go2_consecutive_retained_noise_four_layout_summary_v1_attempt_001/result.json,,,{},docs/go2_consecutive_retained_camera_pair_2026-09-14.md,,,,,
go2_contact_anchored_direct_flow_controller_prefix_v1_attempt_001,CONTACT_ANCHORED_DIRECT_FLOW_CONTROLLER_PREFIX_V1_COMPLETE,,,/home/andrewknowles/RecoveryStorage/LeWMQuad-v3/.generated/navigation_development_artifacts_v1/go2_contact_anchored_direct_flow_controller_prefix_v1_attempt_001/result.json,,,"{""status"":""CONTACT_ANCHORED_DIRECT_FLOW_CONTROLLER_PREFIX_V1_COMPLETE"",""wall_s"":1102.7538611569908}",docs/go2_contact_anchored_direct_flow_controller_execution_result_2026-09-11.md,,,,,
go2_contact_anchored_direct_flow_observer_prefix_v1_attempt_001,CONTACT_ANCHORED_DIRECT_FLOW_OBSERVER_PREFIX_V1_COMPLETE,,,/home/andrewknowles/RecoveryStorage/LeWMQuad-v3/.generated/navigation_development_artifacts_v1/go2_contact_anchored_direct_flow_observer_prefix_v1_attempt_001/result.json,,,"{""status"":""CONTACT_ANCHORED_DIRECT_FLOW_OBSERVER_PREFIX_V1_COMPLETE"",""wall_s"":566.1530096188653}",docs/go2_sustained_raw_and_contact_tracking_completed_results_2026-09-11.md,,,,,
go2_contact_score_ablation_pose_command_xy_disabled_noise_2mm_native_layout00_4800_v1_attempt_001,PACED_NATIVE_PREFIX_COMPLETE,MISSION_TICK_BUDGET_EXHAUSTED,False,/home/andrewknowles/RecoveryStorage/LeWMQuad-v3/.generated/navigation_development_artifacts_v1/go2_contact_score_ablation_pose_command_xy_disabled_noise_2mm_native_layout00_4800_v1_attempt_001/result.json,,,"{""status"":""PACED_NATIVE_PREFIX_COMPLETE"",""mission_terminal"":""MISSION_TICK_BUDGET_EXHAUSTED"",""navigation_success_claimed"":false,""simulation_s"":480.84,""wall_s"":482.189625739,""camera_frames"":4805,""disallowed_contact"":false,""observed_arrivals"":""[]""}",docs/go2_arrival_conditioned_frontier_diagnosis_2026-09-15.md,/home/andrewknowles/RecoveryStorage/LeWMQuad-v3/.generated/navigation_development_artifacts_v1/go2_contact_score_ablation_pose_command_xy_disabled_noise_2mm_native_layout00_4800_v1_attempt_001/continuous_native_arrival_evaluation.json,0,0,False,0
go2_contact_score_ablation_pose_command_xy_disabled_noise_2mm_native_layout01_4800_v1_attempt_001,PACED_NATIVE_PREFIX_COMPLETE,OBSERVED_ROUND_TRIP_CANDIDATE,False,/home/andrewknowles/RecoveryStorage/LeWMQuad-v3/.generated/navigation_development_artifacts_v1/go2_contact_score_ablation_pose_command_xy_disabled_noise_2mm_native_layout01_4800_v1_attempt_001/result.json,,,"{""status"":""PACED_NATIVE_PREFIX_COMPLETE"",""mission_terminal"":""OBSERVED_ROUND_TRIP_CANDIDATE"",""navigation_success_claimed"":false,""simulation_s"":277.62,""wall_s"":279.94743582,""camera_frames"":2775,""disallowed_contact"":false,""observed_arrivals"":""[{\""phase\"":\""OUTBOUND\"",\""frame\"":1908,\""measured_ns\"":192300000000,\""target_initial_body_xy_m\"":[0.0,2.6],\""observed_position_initial_body_xy_m\"":[-0.008910945915709751,2.60001617047594],\""observed_distance_m\"":0.008910960587781567,\""quiet_intervals\"":10,\""native_verified\"":false},{\""phase\"":\""RETURN\"",\""frame\"":2773,\""measured_ns\"":278800000000,\""target_initial_body_xy_m\"":[0.0,0.0],\""observed_position_initial_body_xy_m\"":[0.007484712931214995,-0.016228005210536505],\""observed_distance_m\"":0.01787090039074408,\""quiet_intervals\"":10,\""native_verified\"":false}]""}",docs/go2_development_artifact_retention_2026-09-14.md,/home/andrewknowles/RecoveryStorage/LeWMQuad-v3/.generated/navigation_development_artifacts_v1/go2_contact_score_ablation_pose_command_xy_disabled_noise_2mm_native_layout01_4800_v1_attempt_001/continuous_native_arrival_evaluation.json,1,1,True,0
go2_contact_score_ablation_pose_command_xy_learned_noise_2mm_native_layout00_4800_v1_attempt_001,PACED_NATIVE_PREFIX_COMPLETE,OBSERVED_ROUND_TRIP_CANDIDATE,False,/home/andrewknowles/RecoveryStorage/LeWMQuad-v3/.generated/navigation_development_artifacts_v1/go2_contact_score_ablation_pose_command_xy_learned_noise_2mm_native_layout00_4800_v1_attempt_001/result.json,,,"{""status"":""PACED_NATIVE_PREFIX_COMPLETE"",""mission_terminal"":""OBSERVED_ROUND_TRIP_CANDIDATE"",""navigation_success_claimed"":false,""simulation_s"":382.04,""wall_s"":383.525213501,""camera_frames"":3817,""disallowed_contact"":false,""observed_arrivals"":""[{\""phase\"":\""OUTBOUND\"",\""frame\"":2296,\""measured_ns\"":231100000000,\""target_initial_body_xy_m\"":[3.9000000000000004,2.6],\""observed_position_initial_body_xy_m\"":[3.908309044102493,2.6173976818041758],\""observed_distance_m\"":0.0192800297213596,\""quiet_intervals\"":10,\""native_verified\"":false},{\""phase\"":\""RETURN\"",\""frame\"":3815,\""measured_ns\"":383000000000,\""target_initial_body_xy_m\"":[0.0,0.0],\""observed_position_initial_body_xy_m\"":[0.01604758749281482,-0.0016725998735135626],\""observed_distance_m\"":0.016134517491280122,\""quiet_intervals\"":10,\""native_verified\"":false}]""}",docs/go2_development_artifact_retention_2026-09-14.md,/home/andrewknowles/RecoveryStorage/LeWMQuad-v3/.generated/navigation_development_artifacts_v1/go2_contact_score_ablation_pose_command_xy_learned_noise_2mm_native_layout00_4800_v1_attempt_001/continuous_native_arrival_evaluation.json,1,1,True,0
go2_contact_score_ablation_pose_command_xy_learned_noise_2mm_native_layout01_4800_v1_attempt_001,PACED_NATIVE_PREFIX_COMPLETE,OBSERVED_ROUND_TRIP_CANDIDATE,False,/home/andrewknowles/RecoveryStorage/LeWMQuad-v3/.generated/navigation_development_artifacts_v1/go2_contact_score_ablation_pose_command_xy_learned_noise_2mm_native_layout01_4800_v1_attempt_001/result.json,,,"{""status"":""PACED_NATIVE_PREFIX_COMPLETE"",""mission_terminal"":""OBSERVED_ROUND_TRIP_CANDIDATE"",""navigation_success_claimed"":false,""simulation_s"":361.16,""wall_s"":363.69460823,""camera_frames"":3610,""disallowed_contact"":false,""observed_arrivals"":""[{\""phase\"":\""OUTBOUND\"",\""frame\"":2456,\""measured_ns\"":247100000000,\""target_initial_body_xy_m\"":[0.0,2.6],\""observed_position_initial_body_xy_m\"":[0.005330905330193701,2.5808766256550864],\""observed_distance_m\"":0.01985250608802809,\""quiet_intervals\"":10,\""native_verified\"":false},{\""phase\"":\""RETURN\"",\""frame\"":3608,\""measured_ns\"":362300000000,\""target_initial_body_xy_m\"":[0.0,0.0],\""observed_position_initial_body_xy_m\"":[0.012111195530055704,-0.005612342108213251],\""observed_distance_m\"":0.013348387209954049,\""quiet_intervals\"":10,\""native_verified\"":false}]""}",docs/go2_development_artifact_retention_2026-09-14.md,/home/andrewknowles/RecoveryStorage/LeWMQuad-v3/.generated/navigation_development_artifacts_v1/go2_contact_score_ablation_pose_command_xy_learned_noise_2mm_native_layout01_4800_v1_attempt_001/continuous_native_arrival_evaluation.json,1,1,True,0
go2_contact_score_ablation_pose_command_xy_two_layout_summary_v1_attempt_001,RESULT_RECORDED,,,/home/andrewknowles/RecoveryStorage/LeWMQuad-v3/.generated/navigation_development_artifacts_v1/go2_contact_score_ablation_pose_command_xy_two_layout_summary_v1_attempt_001/result.json,,,{},docs/go2_contact_score_ablation_pilot_2026-09-15.md,,,,,
go2_continuous_commitment_20s_native_layout00_v1_attempt_001,PACED_NATIVE_PREFIX_COMPLETE,,False,/home/andrewknowles/RecoveryStorage/LeWMQuad-v3/.generated/navigation_development_artifacts_v1/go2_continuous_commitment_20s_native_layout00_v1_attempt_001/result.json,,,"{""status"":""PACED_NATIVE_PREFIX_COMPLETE"",""navigation_success_claimed"":false,""simulation_s"":20.56,""wall_s"":21.112363377,""camera_frames"":201,""disallowed_contact"":false}",docs/go2_development_artifact_retention_2026-09-14.md;docs/go2_feature150_and_continuous_commitment_2026-09-13.md,,,,,
go2_continuous_connector_goal_probe_v1_attempt_001,CONTINUOUS_CONNECTOR_GOAL_PROBE_COMPLETE,,,/home/andrewknowles/RecoveryStorage/LeWMQuad-v3/.generated/navigation_development_artifacts_v1/go2_continuous_connector_goal_probe_v1_attempt_001/result.json,,,"{""status"":""CONTINUOUS_CONNECTOR_GOAL_PROBE_COMPLETE"",""wall_s"":196.78588775894605}",docs/go2_continuous_connector_goal_probe_result_2026-09-08.md,,,,,
go2_continuous_connector_goal_readout_v1_attempt_001,CONTINUOUS_CONNECTOR_GOAL_READOUT_COMPLETE,,,/home/andrewknowles/RecoveryStorage/LeWMQuad-v3/.generated/navigation_development_artifacts_v1/go2_continuous_connector_goal_readout_v1_attempt_001/result.json,,,"{""status"":""CONTINUOUS_CONNECTOR_GOAL_READOUT_COMPLETE""}",docs/go2_continuous_connector_goal_probe_result_2026-09-08.md,,,,,
go2_continuous_connector_optional_plane_native_layout00_v1_attempt_001,PACED_NATIVE_PREFIX_COMPLETE,MISSION_TICK_BUDGET_EXHAUSTED,False,/home/andrewknowles/RecoveryStorage/LeWMQuad-v3/.generated/navigation_development_artifacts_v1/go2_continuous_connector_optional_plane_native_layout00_v1_attempt_001/result.json,,,"{""status"":""PACED_NATIVE_PREFIX_COMPLETE"",""mission_terminal"":""MISSION_TICK_BUDGET_EXHAUSTED"",""navigation_success_claimed"":false,""simulation_s"":181.04,""wall_s"":181.024422694,""camera_frames"":1805,""disallowed_contact"":false,""observed_arrivals"":""[]""}",docs/go2_development_artifact_retention_2026-09-14.md;docs/go2_fine_stored_obstacle_routing_2026-09-13.md;docs/go2_optional_plane_and_continuous_connector_2026-09-13.md,,,,,
go2_continuous_reactive_round_trip_native_layout00_v1_attempt_001,FAILURE_RECORD_ONLY,,,,/home/andrewknowles/RecoveryStorage/LeWMQuad-v3/.generated/navigation_development_artifacts_v1/go2_continuous_reactive_round_trip_native_layout00_v1_attempt_001/failure.json,"RuntimeError('[{\'stage\': \'tracking\', \'reason\': ""ValueError(\'measured visual pose unavailable\')""}]')",{},docs/go2_continuous_controller_comparison_2026-09-13.md,/home/andrewknowles/RecoveryStorage/LeWMQuad-v3/.generated/navigation_development_artifacts_v1/go2_continuous_reactive_round_trip_native_layout00_v1_attempt_001/continuous_native_arrival_evaluation.json,0,0,False,0
go2_continuous_round_trip_native_layout00_v1_attempt_001,FAILURE_RECORD_ONLY,,,,/home/andrewknowles/RecoveryStorage/LeWMQuad-v3/.generated/navigation_development_artifacts_v1/go2_continuous_round_trip_native_layout00_v1_attempt_001/failure.json,"RuntimeError('[{\'stage\': \'registration\', \'reason\': ""ValueError(\'all five actual preceding policy requests required for arrival dwell\')""}]')",{},docs/go2_continuous_round_trip_progress_2026-09-13.md,,,,,
go2_continuous_round_trip_native_layout00_v1_attempt_002,FAILURE_RECORD_ONLY,,,,/home/andrewknowles/RecoveryStorage/LeWMQuad-v3/.generated/navigation_development_artifacts_v1/go2_continuous_round_trip_native_layout00_v1_attempt_002/failure.json,"RuntimeError(""[{'stage': 'tracking', 'reason': 'Full()'}]"")",{},docs/go2_continuous_round_trip_progress_2026-09-13.md,,,,,
go2_continuous_round_trip_native_layout00_v1_attempt_003,FAILURE_RECORD_ONLY,,,,/home/andrewknowles/RecoveryStorage/LeWMQuad-v3/.generated/navigation_development_artifacts_v1/go2_continuous_round_trip_native_layout00_v1_attempt_003/failure.json,"RuntimeError(""[{'stage': 'tracking', 'reason': 'Full()'}]"")",{},docs/go2_continuous_round_trip_progress_2026-09-13.md,,,,,
go2_continuous_round_trip_native_layout00_v1_attempt_004,FAILURE_RECORD_ONLY,,,,/home/andrewknowles/RecoveryStorage/LeWMQuad-v3/.generated/navigation_development_artifacts_v1/go2_continuous_round_trip_native_layout00_v1_attempt_004/failure.json,Full(),{},docs/go2_continuous_round_trip_progress_2026-09-13.md,,,,,
go2_continuous_round_trip_native_layout00_v1_attempt_005,PACED_NATIVE_PREFIX_COMPLETE,MISSION_TICK_BUDGET_EXHAUSTED,False,/home/andrewknowles/RecoveryStorage/LeWMQuad-v3/.generated/navigation_development_artifacts_v1/go2_continuous_round_trip_native_layout00_v1_attempt_005/result.json,,,"{""status"":""PACED_NATIVE_PREFIX_COMPLETE"",""mission_terminal"":""MISSION_TICK_BUDGET_EXHAUSTED"",""navigation_success_claimed"":false,""simulation_s"":181.62,""wall_s"":181.445090717,""camera_frames"":1808,""disallowed_contact"":false,""observed_arrivals"":""[]""}",docs/go2_continuous_round_trip_progress_2026-09-13.md,,,,,
go2_continuous_round_trip_native_layout00_v1_attempt_006,FAILURE_RECORD_ONLY,,,,/home/andrewknowles/RecoveryStorage/LeWMQuad-v3/.generated/navigation_development_artifacts_v1/go2_continuous_round_trip_native_layout00_v1_attempt_006/failure.json,Full(),{},docs/go2_timing_and_stopping_margin_2026-09-13.md,,,,,
go2_controller_phase_timing_v1_attempt_001,CONTROLLER_PHASE_TIMING_COMPLETE,,,/home/andrewknowles/RecoveryStorage/LeWMQuad-v3/.generated/navigation_development_artifacts_v1/go2_controller_phase_timing_v1_attempt_001/result.json,,,"{""status"":""CONTROLLER_PHASE_TIMING_COMPLETE"",""wall_s"":892.8876304258592}",docs/go2_controller_phase_timing_result_2026-09-09.md;docs/go2_controller_phase_timing_v1_2026-09-09.md,,,,,
go2_controller_timing_diagnosis_v1_attempt_001,CONTROLLER_TIMING_DIAGNOSIS_COMPLETE,,,/home/andrewknowles/RecoveryStorage/LeWMQuad-v3/.generated/navigation_development_artifacts_v1/go2_controller_timing_diagnosis_v1_attempt_001/result.json,,,"{""status"":""CONTROLLER_TIMING_DIAGNOSIS_COMPLETE""}",docs/go2_controller_timing_diagnosis_result_2026-09-09.md;docs/go2_controller_timing_diagnosis_v1_2026-09-09.md;docs/go2_novel_maze_round_trip_pilot_status_2026-09-08.md,,,,,
go2_corner_support_observer_replay_v1_attempt_001,CORNER_SUPPORT_OBSERVER_REPLAY_COMPLETE,,,/home/andrewknowles/RecoveryStorage/LeWMQuad-v3/.generated/navigation_development_artifacts_v1/go2_corner_support_observer_replay_v1_attempt_001/result.json,,,"{""status"":""CORNER_SUPPORT_OBSERVER_REPLAY_COMPLETE""}",docs/go2_corner_support_observer_replay_result_2026-09-08.md;docs/go2_corner_support_observer_replay_v1_2026-09-08.md,,,,,
go2_correlation_motion_readout_v1_attempt_001,COMPLETE,,,/home/andrewknowles/Workspace/LeWMQuad-v3/.generated/navigation_development_artifacts_v1/go2_correlation_motion_readout_v1_attempt_001/result.json,,,"{""status"":""COMPLETE"",""wall_s"":1459.3186103438493}",docs/go2_correlation_motion_readout_2026-09-18.md,,,,,
go2_coverage_translation_view_supervised_rollout_noise_2mm_native_layout01_4800_v1_attempt_001,PACED_NATIVE_PREFIX_COMPLETE,MISSION_TICK_BUDGET_EXHAUSTED,False,/home/andrewknowles/RecoveryStorage/LeWMQuad-v3/.generated/navigation_development_artifacts_v1/go2_coverage_translation_view_supervised_rollout_noise_2mm_native_layout01_4800_v1_attempt_001/result.json,,,"{""status"":""PACED_NATIVE_PREFIX_COMPLETE"",""mission_terminal"":""MISSION_TICK_BUDGET_EXHAUSTED"",""navigation_success_claimed"":false,""simulation_s"":480.9,""wall_s"":621.054279283,""camera_frames"":4805,""disallowed_contact"":false,""observed_arrivals"":""[]""}",docs/go2_coverage_translation_view_2026-09-17.md,/home/andrewknowles/RecoveryStorage/LeWMQuad-v3/.generated/navigation_development_artifacts_v1/go2_coverage_translation_view_supervised_rollout_noise_2mm_native_layout01_4800_v1_attempt_001/continuous_native_arrival_evaluation.json,0,0,False,0
go2_cross_trajectory_goal_metric_v1_attempt_001,COMPLETE,,,/home/andrewknowles/RecoveryStorage/LeWMQuad-v3/.generated/navigation_development_artifacts_v1/go2_cross_trajectory_goal_metric_v1_attempt_001/result.json,,,"{""status"":""COMPLETE"",""wall_s"":862.7994374190457}",docs/go2_cross_trajectory_goal_metric_2026-09-17.md,,,,,
go2_current_controller_wall_deadlines_layout01_600_v1_attempt_001,FAILURE_RECORD_ONLY,,,,/home/andrewknowles/RecoveryStorage/LeWMQuad-v3/.generated/navigation_development_artifacts_v1/go2_current_controller_wall_deadlines_layout01_600_v1_attempt_001/failure.json,ValueError('complete ordered 20-ms request history required'),{},docs/go2_post_training_host_timing_2026-09-15.md,,,,,
go2_current_controller_wall_deadlines_layout01_600_v1_attempt_002,PACED_NATIVE_PREFIX_COMPLETE,,False,/home/andrewknowles/RecoveryStorage/LeWMQuad-v3/.generated/navigation_development_artifacts_v1/go2_current_controller_wall_deadlines_layout01_600_v1_attempt_002/result.json,,,"{""status"":""PACED_NATIVE_PREFIX_COMPLETE"",""mission_terminal"":null,""navigation_success_claimed"":false,""simulation_s"":60.1,""wall_s"":60.523297725,""camera_frames"":601,""disallowed_contact"":false,""observed_arrivals"":""[]""}",docs/go2_post_training_host_timing_2026-09-15.md,/home/andrewknowles/RecoveryStorage/LeWMQuad-v3/.generated/navigation_development_artifacts_v1/go2_current_controller_wall_deadlines_layout01_600_v1_attempt_002/continuous_native_arrival_evaluation.json,0,0,False,0
go2_current_observation_planning_maze_pilot_v1_attempt_001,CURRENT_OBSERVATION_PLANNING_MAZE_PILOT_V1_COMPLETE,,,/home/andrewknowles/RecoveryStorage/LeWMQuad-v3/.generated/navigation_development_artifacts_v1/go2_current_observation_planning_maze_pilot_v1_attempt_001/result.json,,,"{""status"":""CURRENT_OBSERVATION_PLANNING_MAZE_PILOT_V1_COMPLETE"",""wall_s"":694.1448035400826}",docs/go2_current_observation_planning_maze_pilot_result_2026-09-09.md;docs/go2_current_observation_planning_maze_pilot_v1_2026-09-09.md,,,,,
go2_current_observation_planning_maze_readout_v1_attempt_001,CURRENT_OBSERVATION_PLANNING_MAZE_READOUT_V1_COMPLETE,,,/home/andrewknowles/RecoveryStorage/LeWMQuad-v3/.generated/navigation_development_artifacts_v1/go2_current_observation_planning_maze_readout_v1_attempt_001/result.json,,,"{""status"":""CURRENT_OBSERVATION_PLANNING_MAZE_READOUT_V1_COMPLETE""}",docs/go2_current_observation_planning_maze_readout_v1_2026-09-09.md;docs/go2_current_observation_planning_readout_result_2026-09-09.md,,,,,
go2_current_observation_planning_prefix_v1_attempt_001,CURRENT_OBSERVATION_PLANNING_PREFIX_V1_COMPLETE,,,/home/andrewknowles/RecoveryStorage/LeWMQuad-v3/.generated/navigation_development_artifacts_v1/go2_current_observation_planning_prefix_v1_attempt_001/result.json,,,"{""status"":""CURRENT_OBSERVATION_PLANNING_PREFIX_V1_COMPLETE"",""wall_s"":23.671889048069715}",docs/go2_current_observation_planning_prefix_result_2026-09-09.md;docs/go2_current_observation_planning_prefix_v1_2026-09-09.md,,,,,
go2_current_plane_coverage_noise_2mm_native_layout00_4800_v1_attempt_001,PACED_NATIVE_PREFIX_COMPLETE,OBSERVED_ROUND_TRIP_CANDIDATE,False,/home/andrewknowles/RecoveryStorage/LeWMQuad-v3/.generated/navigation_development_artifacts_v1/go2_current_plane_coverage_noise_2mm_native_layout00_4800_v1_attempt_001/result.json,,,"{""status"":""PACED_NATIVE_PREFIX_COMPLETE"",""mission_terminal"":""OBSERVED_ROUND_TRIP_CANDIDATE"",""navigation_success_claimed"":false,""simulation_s"":339.94,""wall_s"":340.783256154,""camera_frames"":3398,""disallowed_contact"":false,""observed_arrivals"":""[{\""phase\"":\""OUTBOUND\"",\""frame\"":2243,\""measured_ns\"":225800000000,\""target_initial_body_xy_m\"":[0.0,-1.3],\""observed_position_initial_body_xy_m\"":[0.019360254824201735,-1.3034694320814517],\""observed_distance_m\"":0.01966866609167568,\""quiet_intervals\"":10,\""native_verified\"":false},{\""phase\"":\""RETURN\"",\""frame\"":3396,\""measured_ns\"":341100000000,\""target_initial_body_xy_m\"":[0.0,0.0],\""observed_position_initial_body_xy_m\"":[0.0011501357755487709,-0.0032029634917280143],\""observed_distance_m\"":0.003403202525789449,\""quiet_intervals\"":10,\""native_verified\"":false}]""}",docs/go2_development_artifact_retention_2026-09-14.md,/home/andrewknowles/RecoveryStorage/LeWMQuad-v3/.generated/navigation_development_artifacts_v1/go2_current_plane_coverage_noise_2mm_native_layout00_4800_v1_attempt_001/continuous_native_arrival_evaluation.json,1,1,True,0
go2_current_plane_coverage_noise_2mm_native_layout01_4800_v1_attempt_001,PACED_NATIVE_PREFIX_COMPLETE,OBSERVED_ROUND_TRIP_CANDIDATE,False,/home/andrewknowles/RecoveryStorage/LeWMQuad-v3/.generated/navigation_development_artifacts_v1/go2_current_plane_coverage_noise_2mm_native_layout01_4800_v1_attempt_001/result.json,,,"{""status"":""PACED_NATIVE_PREFIX_COMPLETE"",""mission_terminal"":""OBSERVED_ROUND_TRIP_CANDIDATE"",""navigation_success_claimed"":false,""simulation_s"":354.82,""wall_s"":355.54721808,""camera_frames"":3545,""disallowed_contact"":false,""observed_arrivals"":""[{\""phase\"":\""OUTBOUND\"",\""frame\"":2612,\""measured_ns\"":262700000000,\""target_initial_body_xy_m\"":[3.9000000000000004,2.6],\""observed_position_initial_body_xy_m\"":[3.887096931260146,2.613825773501433],\""observed_distance_m\"":0.01891140385635954,\""quiet_intervals\"":10,\""native_verified\"":false},{\""phase\"":\""RETURN\"",\""frame\"":3543,\""measured_ns\"":355800000000,\""target_initial_body_xy_m\"":[0.0,0.0],\""observed_position_initial_body_xy_m\"":[0.01520633345525627,-0.004080878019702255],\""observed_distance_m\"":0.015744400355813332,\""quiet_intervals\"":10,\""native_verified\"":false}]""}",docs/go2_development_artifact_retention_2026-09-14.md,/home/andrewknowles/RecoveryStorage/LeWMQuad-v3/.generated/navigation_development_artifacts_v1/go2_current_plane_coverage_noise_2mm_native_layout01_4800_v1_attempt_001/continuous_native_arrival_evaluation.json,1,1,True,0
go2_current_plane_coverage_noise_2mm_native_layout02_4800_v1_attempt_001,PACED_NATIVE_PREFIX_COMPLETE,OBSERVED_ROUND_TRIP_CANDIDATE,False,/home/andrewknowles/RecoveryStorage/LeWMQuad-v3/.generated/navigation_development_artifacts_v1/go2_current_plane_coverage_noise_2mm_native_layout02_4800_v1_attempt_001/result.json,,,"{""status"":""PACED_NATIVE_PREFIX_COMPLETE"",""mission_terminal"":""OBSERVED_ROUND_TRIP_CANDIDATE"",""navigation_success_claimed"":false,""simulation_s"":306.82,""wall_s"":307.57183542,""camera_frames"":3067,""disallowed_contact"":false,""observed_arrivals"":""[{\""phase\"":\""OUTBOUND\"",\""frame\"":2056,\""measured_ns\"":207100000000,\""target_initial_body_xy_m\"":[1.3,2.6],\""observed_position_initial_body_xy_m\"":[1.3026637596991744,2.613136045961982],\""observed_distance_m\"":0.013403407001589176,\""quiet_intervals\"":10,\""native_verified\"":false},{\""phase\"":\""RETURN\"",\""frame\"":3065,\""measured_ns\"":308000000000,\""target_initial_body_xy_m\"":[0.0,0.0],\""observed_position_initial_body_xy_m\"":[-0.0008261675952808183,0.012700845038757427],\""observed_distance_m\"":0.012727687048086201,\""quiet_intervals\"":10,\""native_verified\"":false}]""}",docs/go2_development_artifact_retention_2026-09-14.md;docs/go2_noisy_floor_coverage_gap_2026-09-15.md,/home/andrewknowles/RecoveryStorage/LeWMQuad-v3/.generated/navigation_development_artifacts_v1/go2_current_plane_coverage_noise_2mm_native_layout02_4800_v1_attempt_001/continuous_native_arrival_evaluation.json,1,1,True,0
go2_current_plane_coverage_noise_four_layout_summary_v1_attempt_001,RESULT_RECORDED,,,/home/andrewknowles/RecoveryStorage/LeWMQuad-v3/.generated/navigation_development_artifacts_v1/go2_current_plane_coverage_noise_four_layout_summary_v1_attempt_001/result.json,,,{},docs/go2_noisy_floor_coverage_gap_2026-09-15.md,,,,,
go2_current_plane_heading_reactive_noise_2mm_native_layout01_4800_v1_attempt_001,PACED_NATIVE_PREFIX_COMPLETE,OBSERVED_ROUND_TRIP_CANDIDATE,False,/home/andrewknowles/RecoveryStorage/LeWMQuad-v3/.generated/navigation_development_artifacts_v1/go2_current_plane_heading_reactive_noise_2mm_native_layout01_4800_v1_attempt_001/result.json,,,"{""status"":""PACED_NATIVE_PREFIX_COMPLETE"",""mission_terminal"":""OBSERVED_ROUND_TRIP_CANDIDATE"",""navigation_success_claimed"":false,""simulation_s"":226.32,""wall_s"":226.877261581,""camera_frames"":2262,""disallowed_contact"":false,""observed_arrivals"":""[{\""phase\"":\""OUTBOUND\"",\""frame\"":1551,\""measured_ns\"":156600000000,\""target_initial_body_xy_m\"":[3.9000000000000004,2.6],\""observed_position_initial_body_xy_m\"":[3.9016979352879213,2.6143411837889796],\""observed_distance_m\"":0.014441348161139818,\""quiet_intervals\"":10,\""native_verified\"":false},{\""phase\"":\""RETURN\"",\""frame\"":2260,\""measured_ns\"":227500000000,\""target_initial_body_xy_m\"":[0.0,0.0],\""observed_position_initial_body_xy_m\"":[-0.0003626309123379524,0.005790880025689004],\""observed_distance_m\"":0.0058022230783129096,\""quiet_intervals\"":10,\""native_verified\"":false}]""}",docs/go2_development_artifact_retention_2026-09-14.md,/home/andrewknowles/RecoveryStorage/LeWMQuad-v3/.generated/navigation_development_artifacts_v1/go2_current_plane_heading_reactive_noise_2mm_native_layout01_4800_v1_attempt_001/continuous_native_arrival_evaluation.json,1,1,True,0
go2_current_plane_matched_reactive_noise_four_layout_summary_v1_attempt_001,RESULT_RECORDED,,,/home/andrewknowles/RecoveryStorage/LeWMQuad-v3/.generated/navigation_development_artifacts_v1/go2_current_plane_matched_reactive_noise_four_layout_summary_v1_attempt_001/result.json,,,{},docs/go2_current_plane_matched_reactive_noise_2026-09-15.md,,,,,
go2_current_plane_matched_reactive_noise_layout01_comparison_v1_attempt_001,RESULT_RECORDED,,,/home/andrewknowles/RecoveryStorage/LeWMQuad-v3/.generated/navigation_development_artifacts_v1/go2_current_plane_matched_reactive_noise_layout01_comparison_v1_attempt_001/result.json,,,{},docs/go2_current_plane_matched_reactive_noise_2026-09-15.md,,,,,
go2_current_plane_matched_reactive_noise_layout02_comparison_v1_attempt_001,RESULT_RECORDED,,,/home/andrewknowles/RecoveryStorage/LeWMQuad-v3/.generated/navigation_development_artifacts_v1/go2_current_plane_matched_reactive_noise_layout02_comparison_v1_attempt_001/result.json,,,{},docs/go2_current_plane_matched_reactive_noise_2026-09-15.md,,,,,
go2_current_plane_matched_reactive_noise_layout03_comparison_v1_attempt_001,RESULT_RECORDED,,,/home/andrewknowles/RecoveryStorage/LeWMQuad-v3/.generated/navigation_development_artifacts_v1/go2_current_plane_matched_reactive_noise_layout03_comparison_v1_attempt_001/result.json,,,{},docs/go2_current_plane_matched_reactive_noise_2026-09-15.md,,,,,
go2_current_plane_matched_training_comparison_layout00_v1_attempt_001,RESULT_RECORDED,,,/home/andrewknowles/RecoveryStorage/LeWMQuad-v3/.generated/navigation_development_artifacts_v1/go2_current_plane_matched_training_comparison_layout00_v1_attempt_001/result.json,,,{},docs/go2_current_plane_matched_training_noise_2026-09-15.md,,,,,
go2_current_plane_matched_training_comparison_layout01_v1_attempt_001,RESULT_RECORDED,,,/home/andrewknowles/RecoveryStorage/LeWMQuad-v3/.generated/navigation_development_artifacts_v1/go2_current_plane_matched_training_comparison_layout01_v1_attempt_001/result.json,,,{},docs/go2_current_plane_matched_training_noise_2026-09-15.md,,,,,
go2_current_plane_matched_training_direct_noise_2mm_native_layout01_4800_v1_attempt_001,PACED_NATIVE_PREFIX_COMPLETE,MISSION_TICK_BUDGET_EXHAUSTED,False,/home/andrewknowles/RecoveryStorage/LeWMQuad-v3/.generated/navigation_development_artifacts_v1/go2_current_plane_matched_training_direct_noise_2mm_native_layout01_4800_v1_attempt_001/result.json,,,"{""status"":""PACED_NATIVE_PREFIX_COMPLETE"",""mission_terminal"":""MISSION_TICK_BUDGET_EXHAUSTED"",""navigation_success_claimed"":false,""simulation_s"":480.84,""wall_s"":482.002252152,""camera_frames"":4805,""disallowed_contact"":false,""observed_arrivals"":""[]""}",docs/go2_development_artifact_retention_2026-09-14.md,/home/andrewknowles/RecoveryStorage/LeWMQuad-v3/.generated/navigation_development_artifacts_v1/go2_current_plane_matched_training_direct_noise_2mm_native_layout01_4800_v1_attempt_001/continuous_native_arrival_evaluation.json,0,0,False,0
go2_current_plane_matched_training_direct_noise_2mm_native_layout02_4800_v1_attempt_001,PACED_NATIVE_PREFIX_COMPLETE,OBSERVED_ROUND_TRIP_CANDIDATE,False,/home/andrewknowles/RecoveryStorage/LeWMQuad-v3/.generated/navigation_development_artifacts_v1/go2_current_plane_matched_training_direct_noise_2mm_native_layout02_4800_v1_attempt_001/result.json,,,"{""status"":""PACED_NATIVE_PREFIX_COMPLETE"",""mission_terminal"":""OBSERVED_ROUND_TRIP_CANDIDATE"",""navigation_success_claimed"":false,""simulation_s"":452.4,""wall_s"":453.470743116,""camera_frames"":4521,""disallowed_contact"":false,""observed_arrivals"":""[{\""phase\"":\""OUTBOUND\"",\""frame\"":2812,\""measured_ns\"":282700000000,\""target_initial_body_xy_m\"":[1.3,2.6],\""observed_position_initial_body_xy_m\"":[1.280691930966614,2.6032303653328643],\""observed_distance_m\"":0.01957643455744101,\""quiet_intervals\"":10,\""native_verified\"":false},{\""phase\"":\""RETURN\"",\""frame\"":4519,\""measured_ns\"":453400000000,\""target_initial_body_xy_m\"":[0.0,0.0],\""observed_position_initial_body_xy_m\"":[0.01683722196153654,0.002723745909536543],\""observed_distance_m\"":0.017056108441311148,\""quiet_intervals\"":10,\""native_verified\"":false}]""}",docs/go2_development_artifact_retention_2026-09-14.md,/home/andrewknowles/RecoveryStorage/LeWMQuad-v3/.generated/navigation_development_artifacts_v1/go2_current_plane_matched_training_direct_noise_2mm_native_layout02_4800_v1_attempt_001/continuous_native_arrival_evaluation.json,1,1,True,0
go2_current_plane_matched_training_direct_noise_2mm_native_layout03_4800_v1_attempt_001,PACED_NATIVE_PREFIX_COMPLETE,OBSERVED_ROUND_TRIP_CANDIDATE,False,/home/andrewknowles/RecoveryStorage/LeWMQuad-v3/.generated/navigation_development_artifacts_v1/go2_current_plane_matched_training_direct_noise_2mm_native_layout03_4800_v1_attempt_001/result.json,,,"{""status"":""PACED_NATIVE_PREFIX_COMPLETE"",""mission_terminal"":""OBSERVED_ROUND_TRIP_CANDIDATE"",""navigation_success_claimed"":false,""simulation_s"":360.34,""wall_s"":361.464590333,""camera_frames"":3602,""disallowed_contact"":false,""observed_arrivals"":""[{\""phase\"":\""OUTBOUND\"",\""frame\"":2038,\""measured_ns\"":205300000000,\""target_initial_body_xy_m\"":[0.0,1.3],\""observed_position_initial_body_xy_m\"":[-0.003197970041647076,1.3183244160537726],\""observed_distance_m\"":0.01860137726349932,\""quiet_intervals\"":10,\""native_verified\"":false},{\""phase\"":\""RETURN\"",\""frame\"":3600,\""measured_ns\"":361500000000,\""target_initial_body_xy_m\"":[0.0,0.0],\""observed_position_initial_body_xy_m\"":[0.018625792945541744,0.006637385615031404],\""observed_distance_m\"":0.019773089051860825,\""quiet_intervals\"":10,\""native_verified\"":false}]""}",docs/go2_development_artifact_retention_2026-09-14.md,/home/andrewknowles/RecoveryStorage/LeWMQuad-v3/.generated/navigation_development_artifacts_v1/go2_current_plane_matched_training_direct_noise_2mm_native_layout03_4800_v1_attempt_001/continuous_native_arrival_evaluation.json,1,1,True,0
go2_current_plane_matched_training_jepa_noise_2mm_native_layout00_4800_v1_attempt_001,FAILURE_RECORD_ONLY,,,,/home/andrewknowles/RecoveryStorage/LeWMQuad-v3/.generated/navigation_development_artifacts_v1/go2_current_plane_matched_training_jepa_noise_2mm_native_layout00_4800_v1_attempt_001/failure.json,PhysicalStop('CONTEXT_NATIVE_CONTACT_SPEED_OR_DOMAIN_STOP'),{},docs/go2_development_artifact_retention_2026-09-14.md,/home/andrewknowles/RecoveryStorage/LeWMQuad-v3/.generated/navigation_development_artifacts_v1/go2_current_plane_matched_training_jepa_noise_2mm_native_layout00_4800_v1_attempt_001/continuous_native_arrival_evaluation.json,1,0,False,0
go2_current_plane_matched_training_jepa_noise_2mm_native_layout01_4800_v1_attempt_001,PACED_NATIVE_PREFIX_COMPLETE,OBSERVED_ROUND_TRIP_CANDIDATE,False,/home/andrewknowles/RecoveryStorage/LeWMQuad-v3/.generated/navigation_development_artifacts_v1/go2_current_plane_matched_training_jepa_noise_2mm_native_layout01_4800_v1_attempt_001/result.json,,,"{""status"":""PACED_NATIVE_PREFIX_COMPLETE"",""mission_terminal"":""OBSERVED_ROUND_TRIP_CANDIDATE"",""navigation_success_claimed"":false,""simulation_s"":357.58,""wall_s"":359.114334188,""camera_frames"":3574,""disallowed_contact"":false,""observed_arrivals"":""[{\""phase\"":\""OUTBOUND\"",\""frame\"":2110,\""measured_ns\"":212500000000,\""target_initial_body_xy_m\"":[3.9000000000000004,2.6],\""observed_position_initial_body_xy_m\"":[3.8971561704373063,2.5845921263317213],\""observed_distance_m\"":0.015668118507315774,\""quiet_intervals\"":10,\""native_verified\"":false},{\""phase\"":\""RETURN\"",\""frame\"":3572,\""measured_ns\"":358700000000,\""target_initial_body_xy_m\"":[0.0,0.0],\""observed_position_initial_body_xy_m\"":[0.01831606544011543,0.0015867279925547997],\""observed_distance_m\"":0.01838466640787773,\""quiet_intervals\"":10,\""native_verified\"":false}]""}",docs/go2_development_artifact_retention_2026-09-14.md,/home/andrewknowles/RecoveryStorage/LeWMQuad-v3/.generated/navigation_development_artifacts_v1/go2_current_plane_matched_training_jepa_noise_2mm_native_layout01_4800_v1_attempt_001/continuous_native_arrival_evaluation.json,1,1,True,0
go2_current_plane_matched_training_jepa_noise_2mm_native_layout02_4800_v1_attempt_001,PACED_NATIVE_PREFIX_COMPLETE,OBSERVED_ROUND_TRIP_CANDIDATE,False,/home/andrewknowles/RecoveryStorage/LeWMQuad-v3/.generated/navigation_development_artifacts_v1/go2_current_plane_matched_training_jepa_noise_2mm_native_layout02_4800_v1_attempt_001/result.json,,,"{""status"":""PACED_NATIVE_PREFIX_COMPLETE"",""mission_terminal"":""OBSERVED_ROUND_TRIP_CANDIDATE"",""navigation_success_claimed"":false,""simulation_s"":322.72,""wall_s"":323.519345771,""camera_frames"":3226,""disallowed_contact"":false,""observed_arrivals"":""[{\""phase\"":\""OUTBOUND\"",\""frame\"":1860,\""measured_ns\"":187500000000,\""target_initial_body_xy_m\"":[1.3,2.6],\""observed_position_initial_body_xy_m\"":[1.295396751291288,2.5909876325260837],\""observed_distance_m\"":0.01011991433556457,\""quiet_intervals\"":10,\""native_verified\"":false},{\""phase\"":\""RETURN\"",\""frame\"":3224,\""measured_ns\"":323900000000,\""target_initial_body_xy_m\"":[0.0,0.0],\""observed_position_initial_body_xy_m\"":[0.008516463985427901,-0.016225402787662338],\""observed_distance_m\"":0.01832467883584788,\""quiet_intervals\"":10,\""native_verified\"":false}]""}",docs/go2_development_artifact_retention_2026-09-14.md,/home/andrewknowles/RecoveryStorage/LeWMQuad-v3/.generated/navigation_development_artifacts_v1/go2_current_plane_matched_training_jepa_noise_2mm_native_layout02_4800_v1_attempt_001/continuous_native_arrival_evaluation.json,1,1,True,0
go2_current_plane_matched_training_jepa_noise_2mm_native_layout03_4800_v1_attempt_001,FAILURE_RECORD_ONLY,,,,/home/andrewknowles/RecoveryStorage/LeWMQuad-v3/.generated/navigation_development_artifacts_v1/go2_current_plane_matched_training_jepa_noise_2mm_native_layout03_4800_v1_attempt_001/failure.json,"RuntimeError('[{\'stage\': \'tracking\', \'reason\': ""ValueError(\'measured visual pose unavailable\')""}]')",{},docs/go2_current_plane_matched_training_noise_2026-09-15.md;docs/go2_gyro_coherent_floor_constraint_2026-09-15.md,/home/andrewknowles/RecoveryStorage/LeWMQuad-v3/.generated/navigation_development_artifacts_v1/go2_current_plane_matched_training_jepa_noise_2mm_native_layout03_4800_v1_attempt_001/continuous_native_arrival_evaluation.json,0,0,False,0
go2_current_plane_matched_training_noise_four_layout_summary_v1_attempt_001,RESULT_RECORDED,,,/home/andrewknowles/RecoveryStorage/LeWMQuad-v3/.generated/navigation_development_artifacts_v1/go2_current_plane_matched_training_noise_four_layout_summary_v1_attempt_001/result.json,,,{},docs/go2_current_plane_matched_training_noise_2026-09-15.md,,,,,
go2_current_plane_matched_training_supervised_rollout_noise_2mm_native_layout00_4800_v1_attempt_001,PACED_NATIVE_PREFIX_COMPLETE,OBSERVED_ROUND_TRIP_CANDIDATE,False,/home/andrewknowles/RecoveryStorage/LeWMQuad-v3/.generated/navigation_development_artifacts_v1/go2_current_plane_matched_training_supervised_rollout_noise_2mm_native_layout00_4800_v1_attempt_001/result.json,,,"{""status"":""PACED_NATIVE_PREFIX_COMPLETE"",""mission_terminal"":""OBSERVED_ROUND_TRIP_CANDIDATE"",""navigation_success_claimed"":false,""simulation_s"":363.62,""wall_s"":364.551453867,""camera_frames"":3635,""disallowed_contact"":false,""observed_arrivals"":""[{\""phase\"":\""OUTBOUND\"",\""frame\"":2259,\""measured_ns\"":227400000000,\""target_initial_body_xy_m\"":[0.0,-1.3],\""observed_position_initial_body_xy_m\"":[0.010072105170346467,-1.2846290819549826],\""observed_distance_m\"":0.01837695361340293,\""quiet_intervals\"":10,\""native_verified\"":false},{\""phase\"":\""RETURN\"",\""frame\"":3633,\""measured_ns\"":364800000000,\""target_initial_body_xy_m\"":[0.0,0.0],\""observed_position_initial_body_xy_m\"":[0.003572601432987935,0.004629511709427772],\""observed_distance_m\"":0.005847722605144356,\""quiet_intervals\"":10,\""native_verified\"":false}]""}",docs/go2_development_artifact_retention_2026-09-14.md,/home/andrewknowles/RecoveryStorage/LeWMQuad-v3/.generated/navigation_development_artifacts_v1/go2_current_plane_matched_training_supervised_rollout_noise_2mm_native_layout00_4800_v1_attempt_001/continuous_native_arrival_evaluation.json,1,1,True,0
go2_current_plane_matched_training_supervised_rollout_noise_2mm_native_layout01_4800_v1_attempt_001,PACED_NATIVE_PREFIX_COMPLETE,OBSERVED_ROUND_TRIP_CANDIDATE,False,/home/andrewknowles/RecoveryStorage/LeWMQuad-v3/.generated/navigation_development_artifacts_v1/go2_current_plane_matched_training_supervised_rollout_noise_2mm_native_layout01_4800_v1_attempt_001/result.json,,,"{""status"":""PACED_NATIVE_PREFIX_COMPLETE"",""mission_terminal"":""OBSERVED_ROUND_TRIP_CANDIDATE"",""navigation_success_claimed"":false,""simulation_s"":428.38,""wall_s"":429.418500963,""camera_frames"":4282,""disallowed_contact"":false,""observed_arrivals"":""[{\""phase\"":\""OUTBOUND\"",\""frame\"":3017,\""measured_ns\"":303200000000,\""target_initial_body_xy_m\"":[3.9000000000000004,2.6],\""observed_position_initial_body_xy_m\"":[3.8955105527129823,2.598624093732739],\""observed_distance_m\"":0.004695556942387374,\""quiet_intervals\"":10,\""native_verified\"":false},{\""phase\"":\""RETURN\"",\""frame\"":4280,\""measured_ns\"":429500000000,\""target_initial_body_xy_m\"":[0.0,0.0],\""observed_position_initial_body_xy_m\"":[0.014559250117567145,-0.007532967569721306],\""observed_distance_m\"":0.01639260090383316,\""quiet_intervals\"":10,\""native_verified\"":false}]""}",docs/go2_development_artifact_retention_2026-09-14.md,/home/andrewknowles/RecoveryStorage/LeWMQuad-v3/.generated/navigation_development_artifacts_v1/go2_current_plane_matched_training_supervised_rollout_noise_2mm_native_layout01_4800_v1_attempt_001/continuous_native_arrival_evaluation.json,1,1,True,0
go2_current_plane_matched_training_supervised_rollout_noise_2mm_native_layout02_4800_v1_attempt_001,PACED_NATIVE_PREFIX_COMPLETE,OBSERVED_ROUND_TRIP_CANDIDATE,False,/home/andrewknowles/RecoveryStorage/LeWMQuad-v3/.generated/navigation_development_artifacts_v1/go2_current_plane_matched_training_supervised_rollout_noise_2mm_native_layout02_4800_v1_attempt_001/result.json,,,"{""status"":""PACED_NATIVE_PREFIX_COMPLETE"",""mission_terminal"":""OBSERVED_ROUND_TRIP_CANDIDATE"",""navigation_success_claimed"":false,""simulation_s"":384.96,""wall_s"":385.830843377,""camera_frames"":3847,""disallowed_contact"":false,""observed_arrivals"":""[{\""phase\"":\""OUTBOUND\"",\""frame\"":2301,\""measured_ns\"":231600000000,\""target_initial_body_xy_m\"":[1.3,2.6],\""observed_position_initial_body_xy_m\"":[1.3076621534901087,2.5885755283355874],\""observed_distance_m\"":0.013755985930385151,\""quiet_intervals\"":10,\""native_verified\"":false},{\""phase\"":\""RETURN\"",\""frame\"":3845,\""measured_ns\"":386000000000,\""target_initial_body_xy_m\"":[0.0,0.0],\""observed_position_initial_body_xy_m\"":[0.004421846964160717,0.002214647398656839],\""observed_distance_m\"":0.004945441706747219,\""quiet_intervals\"":10,\""native_verified\"":false}]""}",docs/go2_development_artifact_retention_2026-09-14.md,/home/andrewknowles/RecoveryStorage/LeWMQuad-v3/.generated/navigation_development_artifacts_v1/go2_current_plane_matched_training_supervised_rollout_noise_2mm_native_layout02_4800_v1_attempt_001/continuous_native_arrival_evaluation.json,1,1,True,0
go2_current_plane_matched_training_supervised_rollout_noise_2mm_native_layout03_4800_v1_attempt_001,PACED_NATIVE_PREFIX_COMPLETE,OBSERVED_ROUND_TRIP_CANDIDATE,False,/home/andrewknowles/RecoveryStorage/LeWMQuad-v3/.generated/navigation_development_artifacts_v1/go2_current_plane_matched_training_supervised_rollout_noise_2mm_native_layout03_4800_v1_attempt_001/result.json,,,"{""status"":""PACED_NATIVE_PREFIX_COMPLETE"",""mission_terminal"":""OBSERVED_ROUND_TRIP_CANDIDATE"",""navigation_success_claimed"":false,""simulation_s"":305.54,""wall_s"":306.282895466,""camera_frames"":3054,""disallowed_contact"":false,""observed_arrivals"":""[{\""phase\"":\""OUTBOUND\"",\""frame\"":1616,\""measured_ns\"":163100000000,\""target_initial_body_xy_m\"":[0.0,1.3],\""observed_position_initial_body_xy_m\"":[0.0010622607478783775,1.3046761072054711],\""observed_distance_m\"":0.0047952451963941935,\""quiet_intervals\"":10,\""native_verified\"":false},{\""phase\"":\""RETURN\"",\""frame\"":3052,\""measured_ns\"":306700000000,\""target_initial_body_xy_m\"":[0.0,0.0],\""observed_position_initial_body_xy_m\"":[0.018951323630464742,0.005664089261496123],\""observed_distance_m\"":0.019779650515335378,\""quiet_intervals\"":10,\""native_verified\"":false}]""}",docs/go2_development_artifact_retention_2026-09-14.md,/home/andrewknowles/RecoveryStorage/LeWMQuad-v3/.generated/navigation_development_artifacts_v1/go2_current_plane_matched_training_supervised_rollout_noise_2mm_native_layout03_4800_v1_attempt_001/continuous_native_arrival_evaluation.json,1,1,True,0
go2_current_planning_profile_v1_attempt_001,RESULT_RECORDED,,,/home/andrewknowles/RecoveryStorage/LeWMQuad-v3/.generated/navigation_development_artifacts_v1/go2_current_planning_profile_v1_attempt_001/result.json,,,{},docs/go2_planning_cost_profile_2026-09-16.md,,,,,
go2_current_position_coverage_view_supervised_rollout_noise_2mm_native_layout01_4800_v1_attempt_001,FAILURE_RECORD_ONLY,,,,/mnt/steam_drive/LeWMQuad-v3/navigation_development_artifacts_v1/go2_current_position_coverage_view_supervised_rollout_noise_2mm_native_layout01_4800_v1_attempt_001/failure.json,"RuntimeError(""[{'stage': 'registration', 'reason': 'Full()'}]"")",{},docs/go2_current_position_coverage_view_2026-09-17.md,/mnt/steam_drive/LeWMQuad-v3/navigation_development_artifacts_v1/go2_current_position_coverage_view_supervised_rollout_noise_2mm_native_layout01_4800_v1_attempt_001/continuous_native_arrival_evaluation.json,0,0,False,0
go2_current_reserve_terminal_feedback_complete_comparison_v1_attempt_001,COMPLETE,,,/home/andrewknowles/RecoveryStorage/LeWMQuad-v3/.generated/navigation_development_artifacts_v1/go2_current_reserve_terminal_feedback_complete_comparison_v1_attempt_001/result.json,,,"{""status"":""COMPLETE""}",docs/go2_current_reserve_terminal_feedback_2026-09-15.md,,,,,
go2_current_reserve_terminal_feedback_seed_2026091001_full_supervised_rollout_noise_2mm_native_layout00_4800_v1_attempt_001,PACED_NATIVE_PREFIX_COMPLETE,MISSION_TICK_BUDGET_EXHAUSTED,False,/home/andrewknowles/RecoveryStorage/LeWMQuad-v3/.generated/navigation_development_artifacts_v1/go2_current_reserve_terminal_feedback_seed_2026091001_full_supervised_rollout_noise_2mm_native_layout00_4800_v1_attempt_001/result.json,,,"{""status"":""PACED_NATIVE_PREFIX_COMPLETE"",""mission_terminal"":""MISSION_TICK_BUDGET_EXHAUSTED"",""navigation_success_claimed"":false,""simulation_s"":480.86,""wall_s"":483.08022069,""camera_frames"":4805,""disallowed_contact"":false,""observed_arrivals"":""[]""}",docs/go2_development_artifact_retention_2026-09-14.md,/home/andrewknowles/RecoveryStorage/LeWMQuad-v3/.generated/navigation_development_artifacts_v1/go2_current_reserve_terminal_feedback_seed_2026091001_full_supervised_rollout_noise_2mm_native_layout00_4800_v1_attempt_001/continuous_native_arrival_evaluation.json,0,0,False,0
go2_current_reserve_terminal_feedback_seed_2026091001_full_supervised_rollout_noise_2mm_native_layout01_4800_v1_attempt_001,PACED_NATIVE_PREFIX_COMPLETE,MISSION_TICK_BUDGET_EXHAUSTED,False,/home/andrewknowles/RecoveryStorage/LeWMQuad-v3/.generated/navigation_development_artifacts_v1/go2_current_reserve_terminal_feedback_seed_2026091001_full_supervised_rollout_noise_2mm_native_layout01_4800_v1_attempt_001/result.json,,,"{""status"":""PACED_NATIVE_PREFIX_COMPLETE"",""mission_terminal"":""MISSION_TICK_BUDGET_EXHAUSTED"",""navigation_success_claimed"":false,""simulation_s"":480.86,""wall_s"":482.974082759,""camera_frames"":4805,""disallowed_contact"":false,""observed_arrivals"":""[]""}",docs/go2_development_artifact_retention_2026-09-14.md,/home/andrewknowles/RecoveryStorage/LeWMQuad-v3/.generated/navigation_development_artifacts_v1/go2_current_reserve_terminal_feedback_seed_2026091001_full_supervised_rollout_noise_2mm_native_layout01_4800_v1_attempt_001/continuous_native_arrival_evaluation.json,0,0,False,0
go2_current_routing_profile_v1_attempt_001,RESULT_RECORDED,,,/home/andrewknowles/RecoveryStorage/LeWMQuad-v3/.generated/navigation_development_artifacts_v1/go2_current_routing_profile_v1_attempt_001/result.json,,,{},docs/go2_planning_cost_profile_2026-09-16.md,,,,,
go2_declared_floor_gap_learned_noise_2mm_native_layout00_4800_v1_attempt_001,PACED_NATIVE_PREFIX_COMPLETE,OBSERVED_ROUND_TRIP_CANDIDATE,False,/home/andrewknowles/RecoveryStorage/LeWMQuad-v3/.generated/navigation_development_artifacts_v1/go2_declared_floor_gap_learned_noise_2mm_native_layout00_4800_v1_attempt_001/result.json,,,"{""status"":""PACED_NATIVE_PREFIX_COMPLETE"",""mission_terminal"":""OBSERVED_ROUND_TRIP_CANDIDATE"",""navigation_success_claimed"":false,""simulation_s"":316.76,""wall_s"":317.516604167,""camera_frames"":3166,""disallowed_contact"":false,""observed_arrivals"":""[{\""phase\"":\""OUTBOUND\"",\""frame\"":1993,\""measured_ns\"":200800000000,\""target_initial_body_xy_m\"":[0.0,-1.3],\""observed_position_initial_body_xy_m\"":[0.009287226215046813,-1.2889222187094787],\""observed_distance_m\"":0.014455788082635916,\""quiet_intervals\"":10,\""native_verified\"":false},{\""phase\"":\""RETURN\"",\""frame\"":3164,\""measured_ns\"":317900000000,\""target_initial_body_xy_m\"":[0.0,0.0],\""observed_position_initial_body_xy_m\"":[0.0188290141451409,0.005071626209861335],\""observed_distance_m\"":0.0195000811816379,\""quiet_intervals\"":10,\""native_verified\"":false}]""}",docs/go2_development_artifact_retention_2026-09-14.md,/home/andrewknowles/RecoveryStorage/LeWMQuad-v3/.generated/navigation_development_artifacts_v1/go2_declared_floor_gap_learned_noise_2mm_native_layout00_4800_v1_attempt_001/continuous_native_arrival_evaluation.json,1,1,True,0
go2_deferred_memo_completion_wait_v1_attempt_001,DEFERRED_MEMO_COMPLETION_WAIT_V1_COMPLETE,,,/home/andrewknowles/RecoveryStorage/LeWMQuad-v3/.generated/navigation_development_artifacts_v1/go2_deferred_memo_completion_wait_v1_attempt_001/result.json,,,"{""status"":""DEFERRED_MEMO_COMPLETION_WAIT_V1_COMPLETE""}",docs/go2_deferred_memo_completion_wait_v1_2026-09-11.md;docs/go2_deferred_memo_copy_component_and_replay_started_2026-09-11.md,,,,,
go2_deferred_memo_single_pass_late_history_v1_attempt_001,DEFERRED_MEMO_SINGLE_PASS_LATE_HISTORY_V1_COMPLETE,,,/home/andrewknowles/RecoveryStorage/LeWMQuad-v3/.generated/navigation_development_artifacts_v1/go2_deferred_memo_single_pass_late_history_v1_attempt_001/result.json,,,"{""status"":""DEFERRED_MEMO_SINGLE_PASS_LATE_HISTORY_V1_COMPLETE"",""wall_s"":1907.7301632051822}",docs/go2_deferred_memo_copy_component_and_replay_started_2026-09-11.md;docs/go2_deferred_memo_single_pass_late_history_v1_2026-09-11.md,,,,,
go2_dense_goal_metric_v1_attempt_001,COMPLETE,,,/mnt/steam_drive/LeWMQuad-v3/navigation_development_artifacts_v1/go2_dense_goal_metric_v1_attempt_001/result.json,,,"{""status"":""COMPLETE"",""wall_s"":863.1797847039998}",docs/go2_dense_goal_metric_2026-09-17.md,,,,,
go2_dense_goal_overshoot_branches_v1_attempt_001,COMPLETE,,,/mnt/steam_drive/LeWMQuad-v3/navigation_development_artifacts_v1/go2_dense_goal_overshoot_branches_v1_attempt_001/result.json,,,"{""status"":""COMPLETE""}",docs/go2_dense_goal_overshoot_2026-09-17.md;docs/go2_development_artifact_retention_2026-09-14.md,,,,,
go2_dense_horizon_untimed_action_mixed_data_readout_exposed_maze_full_v1_attempt_001,FULL_MISSION_RUN_COMPLETE,OBSERVED_ROUND_TRIP_CANDIDATE,False,/home/andrewknowles/Workspace/LeWMQuad-v3/.generated/navigation_development_artifacts_v1/go2_dense_horizon_untimed_action_mixed_data_readout_exposed_maze_full_v1_attempt_001/result.json,,,"{""status"":""FULL_MISSION_RUN_COMPLETE"",""mission_terminal"":""OBSERVED_ROUND_TRIP_CANDIDATE"",""navigation_success_claimed"":false,""simulation_s"":409.62,""wall_s"":3312.9879082720727,""camera_frames"":4097,""model_calls"":1015,""disallowed_contact"":false,""observed_arrivals"":""[{\""phase\"":\""OUTBOUND\"",\""frame\"":2680,\""measured_ns\"":269500000000,\""target_initial_body_xy_m\"":[0.0,1.3],\""observed_position_initial_body_xy_m\"":[-0.004714206593095467,1.3117751275094964],\""observed_distance_m\"":0.012683744386705501,\""quiet_intervals\"":10,\""native_verified\"":false},{\""phase\"":\""RETURN\"",\""frame\"":4096,\""measured_ns\"":411100000000,\""target_initial_body_xy_m\"":[0.0,0.0],\""observed_position_initial_body_xy_m\"":[0.009120145629618947,-0.0030416079892427363],\""observed_distance_m\"":0.009613970847973424,\""quiet_intervals\"":10,\""native_verified\"":false}]""}",docs/go2_dense_horizon_closed_loop_integration_2026-09-18.md;docs/go2_full_heading_readout_experiment_2026-09-18.md,/home/andrewknowles/Workspace/LeWMQuad-v3/.generated/navigation_development_artifacts_v1/go2_dense_horizon_untimed_action_mixed_data_readout_exposed_maze_full_v1_attempt_001/dense_navigation_readout.json,1,1,True,0
go2_dense_horizon_untimed_exposed_maze_full_v1_attempt_001,FULL_MISSION_RUN_COMPLETE,MISSION_TICK_BUDGET_EXHAUSTED,False,/home/andrewknowles/Workspace/LeWMQuad-v3/.generated/navigation_development_artifacts_v1/go2_dense_horizon_untimed_exposed_maze_full_v1_attempt_001/result.json,,,"{""status"":""FULL_MISSION_RUN_COMPLETE"",""mission_terminal"":""MISSION_TICK_BUDGET_EXHAUSTED"",""navigation_success_claimed"":false,""simulation_s"":480.32,""wall_s"":3896.877435725881,""camera_frames"":4804,""model_calls"":1198,""disallowed_contact"":false,""observed_arrivals"":""[]""}",docs/go2_dense_horizon_closed_loop_integration_2026-09-18.md;docs/go2_development_artifact_retention_2026-09-14.md,/home/andrewknowles/Workspace/LeWMQuad-v3/.generated/navigation_development_artifacts_v1/go2_dense_horizon_untimed_exposed_maze_full_v1_attempt_001/dense_navigation_readout.json,0,0,False,0
go2_dense_horizon_untimed_exposed_maze_pilot_v1_attempt_001,FAILURE_RECORD_ONLY,,,,/home/andrewknowles/Workspace/LeWMQuad-v3/.generated/navigation_development_artifacts_v1/go2_dense_horizon_untimed_exposed_maze_pilot_v1_attempt_001/failure.json,"AttributeError(""'DenseHorizonNavigationModel' object has no attribute 'encode_history'"")",{},docs/go2_dense_horizon_closed_loop_integration_2026-09-18.md,,,,,
go2_dense_horizon_untimed_exposed_maze_pilot_v1_attempt_002,BOUNDED_PILOT_COMPLETE,,False,/home/andrewknowles/Workspace/LeWMQuad-v3/.generated/navigation_development_artifacts_v1/go2_dense_horizon_untimed_exposed_maze_pilot_v1_attempt_002/result.json,,,"{""status"":""BOUNDED_PILOT_COMPLETE"",""mission_terminal"":null,""navigation_success_claimed"":false,""simulation_s"":16.1,""wall_s"":141.73374725412577,""camera_frames"":161,""model_calls"":38,""disallowed_contact"":false,""observed_arrivals"":""[]""}",docs/go2_dense_horizon_closed_loop_integration_2026-09-18.md,/home/andrewknowles/Workspace/LeWMQuad-v3/.generated/navigation_development_artifacts_v1/go2_dense_horizon_untimed_exposed_maze_pilot_v1_attempt_002/dense_navigation_readout.json,0,0,False,0
go2_dense_horizon_untimed_reactive_feedback_exposed_maze_full_v1_attempt_001,FULL_MISSION_RUN_COMPLETE,OBSERVED_ROUND_TRIP_CANDIDATE,False,/home/andrewknowles/Workspace/LeWMQuad-v3/.generated/navigation_development_artifacts_v1/go2_dense_horizon_untimed_reactive_feedback_exposed_maze_full_v1_attempt_001/result.json,,,"{""status"":""FULL_MISSION_RUN_COMPLETE"",""mission_terminal"":""OBSERVED_ROUND_TRIP_CANDIDATE"",""navigation_success_claimed"":false,""simulation_s"":249.22,""wall_s"":1991.1653669800144,""camera_frames"":2493,""model_calls"":613,""disallowed_contact"":false,""observed_arrivals"":""[{\""phase\"":\""OUTBOUND\"",\""frame\"":1708,\""measured_ns\"":172300000000,\""target_initial_body_xy_m\"":[0.0,1.3],\""observed_position_initial_body_xy_m\"":[-0.009122528406709976,1.3134584236906968],\""observed_distance_m\"":0.016258834299221366,\""quiet_intervals\"":10,\""native_verified\"":false},{\""phase\"":\""RETURN\"",\""frame\"":2492,\""measured_ns\"":250700000000,\""target_initial_body_xy_m\"":[0.0,0.0],\""observed_position_initial_body_xy_m\"":[0.004825125155896746,-0.0005122419422177327],\""observed_distance_m\"":0.0048522391302814605,\""quiet_intervals\"":10,\""native_verified\"":false}]""}",docs/go2_dense_horizon_closed_loop_integration_2026-09-18.md,/home/andrewknowles/Workspace/LeWMQuad-v3/.generated/navigation_development_artifacts_v1/go2_dense_horizon_untimed_reactive_feedback_exposed_maze_full_v1_attempt_001/dense_navigation_readout.json,1,1,True,0
go2_dense_metric_late_turn_v1_attempt_001,COMPLETE,,,/mnt/steam_drive/LeWMQuad-v3/navigation_development_artifacts_v1/go2_dense_metric_late_turn_v1_attempt_001/result.json,,,"{""status"":""COMPLETE""}",docs/go2_dense_metric_late_turn_2026-09-17.md;docs/go2_development_artifact_retention_2026-09-14.md,,,,,
go2_dense_task_predictor_v1_attempt_001,COMPLETE,,,/mnt/steam_drive/LeWMQuad-v3/navigation_development_artifacts_v1/go2_dense_task_predictor_v1_attempt_001/result.json,,,"{""status"":""COMPLETE"",""wall_s"":2696.823613828048}",docs/go2_dense_task_predictor_2026-09-17.md,,,,,
go2_dense_visual_motion_readout_v1_attempt_001,COMPLETE,,,/mnt/steam_drive/LeWMQuad-v3/navigation_development_artifacts_v1/go2_dense_visual_motion_readout_v1_attempt_001/result.json,,,"{""status"":""COMPLETE"",""wall_s"":844.875378676923}",docs/go2_dense_visual_motion_readout_2026-09-17.md,,,,,
go2_dense_world_model_maze_layout00_action_mixed_data_v1_attempt_001,FULL_MISSION_RUN_COMPLETE,MISSION_TICK_BUDGET_EXHAUSTED,False,/home/andrewknowles/Workspace/LeWMQuad-v3/.generated/navigation_development_artifacts_v1/go2_dense_world_model_maze_layout00_action_mixed_data_v1_attempt_001/result.json,,,"{""status"":""FULL_MISSION_RUN_COMPLETE"",""mission_terminal"":""MISSION_TICK_BUDGET_EXHAUSTED"",""navigation_success_claimed"":false,""simulation_s"":480.32,""wall_s"":4235.20010509,""camera_frames"":4804,""model_calls"":1198,""disallowed_contact"":false,""observed_arrivals"":""[]""}",docs/go2_dense_world_model_maze_cohort_2026-09-18.md,/home/andrewknowles/Workspace/LeWMQuad-v3/.generated/navigation_development_artifacts_v1/go2_dense_world_model_maze_layout00_action_mixed_data_v1_attempt_001/dense_navigation_readout.json,0,0,False,0
go2_dense_world_model_maze_layout00_command_history_mixed_data_v1_attempt_001,FULL_MISSION_RUN_COMPLETE,OBSERVED_ROUND_TRIP_CANDIDATE,False,/home/andrewknowles/Workspace/LeWMQuad-v3/.generated/navigation_development_artifacts_v1/go2_dense_world_model_maze_layout00_command_history_mixed_data_v1_attempt_001/result.json,,,"{""status"":""FULL_MISSION_RUN_COMPLETE"",""mission_terminal"":""OBSERVED_ROUND_TRIP_CANDIDATE"",""navigation_success_claimed"":false,""simulation_s"":175.22,""wall_s"":1486.8867767939992,""camera_frames"":1753,""model_calls"":417,""disallowed_contact"":false,""observed_arrivals"":""[{\""phase\"":\""OUTBOUND\"",\""frame\"":1196,\""measured_ns\"":121100000000,\""target_initial_body_xy_m\"":[0.0,-1.3],\""observed_position_initial_body_xy_m\"":[0.014979679933965725,-1.31091898106607],\""observed_distance_m\"":0.018536854060094685,\""quiet_intervals\"":10,\""native_verified\"":false},{\""phase\"":\""RETURN\"",\""frame\"":1752,\""measured_ns\"":176700000000,\""target_initial_body_xy_m\"":[0.0,0.0],\""observed_position_initial_body_xy_m\"":[0.013661319397378732,-0.0033425043738267773],\""observed_distance_m\"":0.014064280399872849,\""quiet_intervals\"":10,\""native_verified\"":false}]""}",docs/go2_dense_world_model_maze_cohort_2026-09-18.md,/home/andrewknowles/Workspace/LeWMQuad-v3/.generated/navigation_development_artifacts_v1/go2_dense_world_model_maze_layout00_command_history_mixed_data_v1_attempt_001/dense_navigation_readout.json,1,1,True,0
go2_dense_world_model_maze_layout00_no_future_action_mixed_data_v1_attempt_001,FULL_MISSION_RUN_COMPLETE,MISSION_TICK_BUDGET_EXHAUSTED,False,/home/andrewknowles/Workspace/LeWMQuad-v3/.generated/navigation_development_artifacts_v1/go2_dense_world_model_maze_layout00_no_future_action_mixed_data_v1_attempt_001/result.json,,,"{""status"":""FULL_MISSION_RUN_COMPLETE"",""mission_terminal"":""MISSION_TICK_BUDGET_EXHAUSTED"",""navigation_success_claimed"":false,""simulation_s"":480.32,""wall_s"":2559.7943055669994,""camera_frames"":4804,""model_calls"":1198,""disallowed_contact"":false,""observed_arrivals"":""[]""}",docs/go2_dense_world_model_maze_cohort_2026-09-18.md,/home/andrewknowles/Workspace/LeWMQuad-v3/.generated/navigation_development_artifacts_v1/go2_dense_world_model_maze_layout00_no_future_action_mixed_data_v1_attempt_001/dense_navigation_readout.json,0,0,False,0
go2_dense_world_model_maze_layout00_reactive_feedback_mixed_data_v1_attempt_001,FULL_MISSION_RUN_COMPLETE,MISSION_TICK_BUDGET_EXHAUSTED,False,/home/andrewknowles/Workspace/LeWMQuad-v3/.generated/navigation_development_artifacts_v1/go2_dense_world_model_maze_layout00_reactive_feedback_mixed_data_v1_attempt_001/result.json,,,"{""status"":""FULL_MISSION_RUN_COMPLETE"",""mission_terminal"":""MISSION_TICK_BUDGET_EXHAUSTED"",""navigation_success_claimed"":false,""simulation_s"":480.32,""wall_s"":4217.843088056001,""camera_frames"":4804,""model_calls"":1198,""disallowed_contact"":false,""observed_arrivals"":""[]""}",docs/go2_dense_world_model_maze_cohort_2026-09-18.md,/home/andrewknowles/Workspace/LeWMQuad-v3/.generated/navigation_development_artifacts_v1/go2_dense_world_model_maze_layout00_reactive_feedback_mixed_data_v1_attempt_001/dense_navigation_readout.json,0,0,False,0
go2_dense_world_model_maze_layout01_no_future_action_mixed_data_v1_attempt_001,FULL_MISSION_RUN_COMPLETE,MISSION_TICK_BUDGET_EXHAUSTED,False,/home/andrewknowles/Workspace/LeWMQuad-v3/.generated/navigation_development_artifacts_v1/go2_dense_world_model_maze_layout01_no_future_action_mixed_data_v1_attempt_001/result.json,,,"{""status"":""FULL_MISSION_RUN_COMPLETE"",""mission_terminal"":""MISSION_TICK_BUDGET_EXHAUSTED"",""navigation_success_claimed"":false,""simulation_s"":480.32,""wall_s"":2552.76615392,""camera_frames"":4804,""model_calls"":1198,""disallowed_contact"":false,""observed_arrivals"":""[]""}",docs/go2_dense_world_model_maze_cohort_2026-09-18.md,/home/andrewknowles/Workspace/LeWMQuad-v3/.generated/navigation_development_artifacts_v1/go2_dense_world_model_maze_layout01_no_future_action_mixed_data_v1_attempt_001/dense_navigation_readout.json,0,0,False,0
go2_density_routed_floor_late_history_v1_attempt_001,DENSITY_ROUTED_FLOOR_LATE_HISTORY_V1_COMPLETE,,,/home/andrewknowles/RecoveryStorage/LeWMQuad-v3/.generated/navigation_development_artifacts_v1/go2_density_routed_floor_late_history_v1_attempt_001/result.json,,,"{""status"":""DENSITY_ROUTED_FLOOR_LATE_HISTORY_V1_COMPLETE"",""wall_s"":2265.0461918120272}",docs/go2_density_routed_perception_verified_progressive_replay_running_2026-09-11.md,,,,,
go2_density_routed_floor_registration_prefix_v1_attempt_001,DENSITY_ROUTED_FLOOR_REGISTRATION_PREFIX_V1_COMPLETE,,,/home/andrewknowles/RecoveryStorage/LeWMQuad-v3/.generated/navigation_development_artifacts_v1/go2_density_routed_floor_registration_prefix_v1_attempt_001/result.json,,,"{""status"":""DENSITY_ROUTED_FLOOR_REGISTRATION_PREFIX_V1_COMPLETE"",""wall_s"":154.66196180693805}",docs/go2_density_routed_floor_registration_verified_controller_replay_prepared_2026-09-11.md,,,,,
go2_depth_boundary_counterexamples_v1_attempt_001,DEPTH_BOUNDARY_COUNTEREXAMPLES_COMPLETE,,,/home/andrewknowles/RecoveryStorage/LeWMQuad-v3/.generated/navigation_development_artifacts_v1/go2_depth_boundary_counterexamples_v1_attempt_001/result.json,,,"{""status"":""DEPTH_BOUNDARY_COUNTEREXAMPLES_COMPLETE""}",docs/go2_depth_boundary_counterexamples_result_2026-09-08.md;docs/go2_depth_boundary_counterexamples_v1_2026-09-08.md;docs/go2_novel_maze_round_trip_pilot_status_2026-09-08.md,,,,,
go2_depth_noise_tracking_four_layout_summary_v1_attempt_001,RESULT_RECORDED,,,/home/andrewknowles/RecoveryStorage/LeWMQuad-v3/.generated/navigation_development_artifacts_v1/go2_depth_noise_tracking_four_layout_summary_v1_attempt_001/result.json,,,{},docs/go2_initial_floor_depth_noise_sensitivity_2026-09-14.md,,,,,
go2_direct_corner_flow_failed_pairs_v1_attempt_001,DIRECT_CORNER_FLOW_FAILED_PAIRS_V1_COMPLETE,,,/home/andrewknowles/RecoveryStorage/LeWMQuad-v3/.generated/navigation_development_artifacts_v1/go2_direct_corner_flow_failed_pairs_v1_attempt_001/result.json,,,"{""status"":""DIRECT_CORNER_FLOW_FAILED_PAIRS_V1_COMPLETE"",""wall_s"":5.640770641854033}",docs/go2_direct_corner_flow_failed_pairs_result_2026-09-09.md,,,,,
go2_direct_flow_maze01_floor_conflict_v1_attempt_001,DIRECT_FLOW_MAZE01_FLOOR_CONFLICT_V1_COMPLETE,,,/home/andrewknowles/RecoveryStorage/LeWMQuad-v3/.generated/navigation_development_artifacts_v1/go2_direct_flow_maze01_floor_conflict_v1_attempt_001/result.json,,,"{""status"":""DIRECT_FLOW_MAZE01_FLOOR_CONFLICT_V1_COMPLETE"",""wall_s"":362.72002852801234}",docs/go2_direct_flow_maze01_floor_conflict_preparation_2026-09-09.md;docs/go2_direct_flow_maze01_floor_conflict_result_2026-09-09.md;docs/go2_direct_flow_maze01_floor_conflict_v1_2026-09-09.md,,,,,
go2_direct_flow_maze01_pilot_v1_attempt_001,DIRECT_FLOW_MAZE01_PILOT_V1_COMPLETE,,,/home/andrewknowles/RecoveryStorage/LeWMQuad-v3/.generated/navigation_development_artifacts_v1/go2_direct_flow_maze01_pilot_v1_attempt_001/result.json,,,"{""status"":""DIRECT_FLOW_MAZE01_PILOT_V1_COMPLETE"",""wall_s"":2126.4156174929813}",docs/go2_direct_flow_maze01_native_preparation_2026-09-09.md;docs/go2_direct_flow_maze01_native_result_2026-09-09.md;docs/go2_direct_flow_maze01_pilot_v1_2026-09-09.md;docs/go2_partial_floor_height_prefix_v1_2026-09-09.md,,,,,
go2_direct_flow_maze01_prefix_v1_attempt_001,FAILURE_RECORD_ONLY,,,,/home/andrewknowles/RecoveryStorage/LeWMQuad-v3/.generated/navigation_development_artifacts_v1/go2_direct_flow_maze01_prefix_v1_attempt_001/failure.json,"SensorContractError('identity must be (environment, episode, reset)')",{},docs/go2_direct_flow_maze01_prefix_v1_2026-09-09.md;docs/go2_direct_flow_maze01_prefix_v1_failure_2026-09-09.md;docs/go2_direct_flow_observer_prefix_preparation_2026-09-09.md,,,,,
go2_direct_flow_maze01_prefix_v2_attempt_001,DIRECT_FLOW_MAZE01_PREFIX_V2_COMPLETE,,,/home/andrewknowles/RecoveryStorage/LeWMQuad-v3/.generated/navigation_development_artifacts_v1/go2_direct_flow_maze01_prefix_v2_attempt_001/result.json,,,"{""status"":""DIRECT_FLOW_MAZE01_PREFIX_V2_COMPLETE"",""wall_s"":349.3820586500224}",docs/go2_direct_flow_maze01_prefix_result_2026-09-09.md;docs/go2_direct_flow_maze01_prefix_v2_2026-09-09.md,,,,,
go2_direct_flow_maze03_pilot_v1_attempt_001,DIRECT_FLOW_MAZE03_PILOT_V1_COMPLETE,,,/home/andrewknowles/RecoveryStorage/LeWMQuad-v3/.generated/navigation_development_artifacts_v1/go2_direct_flow_maze03_pilot_v1_attempt_001/result.json,,,"{""status"":""DIRECT_FLOW_MAZE03_PILOT_V1_COMPLETE"",""wall_s"":3776.6211977240164}",docs/go2_direct_flow_maze03_native_preparation_2026-09-09.md;docs/go2_direct_flow_maze03_pilot_v1_2026-09-09.md;docs/go2_recent_qualified_direct_flow_maze03_pilot_v1_2026-09-10.md;docs/go2_recent_qualified_direct_flow_maze03_prefix_v1_2026-09-10.md,,,,,
go2_direct_flow_maze03_prefix_v1_attempt_001,DIRECT_FLOW_MAZE03_PREFIX_V1_COMPLETE,,,/home/andrewknowles/RecoveryStorage/LeWMQuad-v3/.generated/navigation_development_artifacts_v1/go2_direct_flow_maze03_prefix_v1_attempt_001/result.json,,,"{""status"":""DIRECT_FLOW_MAZE03_PREFIX_V1_COMPLETE"",""wall_s"":429.16784635791555}",docs/go2_direct_flow_maze03_prefix_preparation_2026-09-09.md;docs/go2_direct_flow_maze03_prefix_result_2026-09-09.md;docs/go2_direct_flow_maze03_prefix_v1_2026-09-09.md,,,,,
go2_direct_visual_goal_readout_v1_attempt_001,COMPLETE,,,/mnt/steam_drive/LeWMQuad-v3/navigation_development_artifacts_v1/go2_direct_visual_goal_readout_v1_attempt_001/result.json,,,"{""status"":""COMPLETE"",""wall_s"":862.3595923290122}",docs/go2_direct_visual_goal_readout_2026-09-17.md,,,,,
go2_downward45_paired_floor_coverage_v1_attempt_001,DOWNWARD45_PAIRED_FLOOR_COVERAGE_COMPLETE,,,/home/andrewknowles/RecoveryStorage/LeWMQuad-v3/.generated/navigation_development_artifacts_v1/go2_downward45_paired_floor_coverage_v1_attempt_001/result.json,,,"{""status"":""DOWNWARD45_PAIRED_FLOOR_COVERAGE_COMPLETE"",""wall_s"":42.747171296039596}",docs/go2_downward45_paired_floor_coverage_result_2026-09-08.md;docs/go2_downward45_paired_floor_coverage_v1_2026-09-08.md,,,,,
go2_dual_camera_controller_prefix_v1_attempt_001,FAILURE_RECORD_ONLY,,,,/home/andrewknowles/RecoveryStorage/LeWMQuad-v3/.generated/navigation_development_artifacts_v1/go2_dual_camera_controller_prefix_v1_attempt_001/failure.json,"SensorContractError('identity must be (environment, episode, reset)')",{},docs/go2_dual_camera_controller_prefix_v1_2026-09-09.md,,,,,
go2_dual_camera_controller_prefix_v2_attempt_001,DUAL_CAMERA_CONTROLLER_PREFIX_V2_COMPLETE,,,/home/andrewknowles/RecoveryStorage/LeWMQuad-v3/.generated/navigation_development_artifacts_v1/go2_dual_camera_controller_prefix_v2_attempt_001/result.json,,,"{""status"":""DUAL_CAMERA_CONTROLLER_PREFIX_V2_COMPLETE"",""wall_s"":2164.0208888410125}",docs/go2_dual_camera_controller_prefix_result_2026-09-09.md;docs/go2_dual_camera_controller_prefix_v2_2026-09-09.md;docs/go2_novel_maze_round_trip_pilot_status_2026-09-08.md,,,,,
go2_dual_camera_floor_extent_diagnosis_v1_attempt_001,DUAL_CAMERA_FLOOR_EXTENT_DIAGNOSIS_COMPLETE,,,/home/andrewknowles/RecoveryStorage/LeWMQuad-v3/.generated/navigation_development_artifacts_v1/go2_dual_camera_floor_extent_diagnosis_v1_attempt_001/result.json,,,"{""status"":""DUAL_CAMERA_FLOOR_EXTENT_DIAGNOSIS_COMPLETE"",""wall_s"":61.56844203197397}",docs/go2_dual_camera_floor_extent_diagnosis_result_2026-09-09.md;docs/go2_dual_camera_floor_extent_diagnosis_v1_2026-09-09.md;docs/go2_novel_maze_round_trip_pilot_status_2026-09-08.md,,,,,
go2_dual_camera_observer_replay_v1_attempt_001,DUAL_CAMERA_OBSERVER_REPLAY_COMPLETE,,,/home/andrewknowles/RecoveryStorage/LeWMQuad-v3/.generated/navigation_development_artifacts_v1/go2_dual_camera_observer_replay_v1_attempt_001/result.json,,,"{""status"":""DUAL_CAMERA_OBSERVER_REPLAY_COMPLETE"",""wall_s"":187.5234938079957}",docs/go2_dual_camera_observer_replay_result_2026-09-09.md;docs/go2_dual_camera_observer_replay_v1_2026-09-09.md;docs/go2_novel_maze_round_trip_pilot_status_2026-09-08.md,,,,,
go2_dual_camera_registered_replay_v1_attempt_001,DUAL_CAMERA_REGISTERED_REPLAY_COMPLETE,,,/home/andrewknowles/RecoveryStorage/LeWMQuad-v3/.generated/navigation_development_artifacts_v1/go2_dual_camera_registered_replay_v1_attempt_001/result.json,,,"{""status"":""DUAL_CAMERA_REGISTERED_REPLAY_COMPLETE"",""wall_s"":343.0701632730197}",docs/go2_dual_camera_registered_replay_result_2026-09-09.md;docs/go2_dual_camera_registered_replay_v1_2026-09-09.md;docs/go2_novel_maze_round_trip_pilot_status_2026-09-08.md,,,,,
go2_dual_camera_settled_maze_pilot_v1_attempt_001,DUAL_CAMERA_SETTLED_MAZE_PILOT_V1_COMPLETE,,,/home/andrewknowles/RecoveryStorage/LeWMQuad-v3/.generated/navigation_development_artifacts_v1/go2_dual_camera_settled_maze_pilot_v1_attempt_001/result.json,,,"{""status"":""DUAL_CAMERA_SETTLED_MAZE_PILOT_V1_COMPLETE"",""wall_s"":5138.616231464082}",docs/go2_dual_camera_controller_prefix_result_2026-09-09.md;docs/go2_dual_camera_floor_extent_preliminary_diagnosis_2026-09-09.md;docs/go2_dual_camera_settled_maze_pilot_result_2026-09-09.md;docs/go2_dual_camera_settled_maze_pilot_v1_2026-09-09.md;docs/go2_maze_renderer_witness_probe_v1_2026-09-09.md;docs/go2_novel_maze_round_trip_pilot_status_2026-09-08.md,,,,,
go2_dual_camera_settled_maze_readout_v1_attempt_001,DUAL_CAMERA_SETTLED_MAZE_READOUT_V1_COMPLETE,,,/home/andrewknowles/RecoveryStorage/LeWMQuad-v3/.generated/navigation_development_artifacts_v1/go2_dual_camera_settled_maze_readout_v1_attempt_001/result.json,,,"{""status"":""DUAL_CAMERA_SETTLED_MAZE_READOUT_V1_COMPLETE""}",docs/go2_dual_camera_settled_maze_pilot_result_2026-09-09.md;docs/go2_dual_camera_settled_maze_readout_v1_2026-09-09.md;docs/go2_novel_maze_round_trip_pilot_status_2026-09-08.md,,,,,
go2_early_obstacle_paced_recorded_prefix_v1_attempt_001,EARLY_OBSTACLE_PACED_PREFIX_COMPLETE,,,/home/andrewknowles/RecoveryStorage/LeWMQuad-v3/.generated/navigation_development_artifacts_v1/go2_early_obstacle_paced_recorded_prefix_v1_attempt_001/result.json,,,"{""status"":""EARLY_OBSTACLE_PACED_PREFIX_COMPLETE""}",docs/go2_feature_budget300_experiment_2026-09-13.md,,,,,
go2_eight_step_planning_goal_probe_v1_attempt_001,EIGHT_STEP_PLANNING_GOAL_PROBE_COMPLETE,,,/home/andrewknowles/RecoveryStorage/LeWMQuad-v3/.generated/navigation_development_artifacts_v1/go2_eight_step_planning_goal_probe_v1_attempt_001/result.json,,,"{""status"":""EIGHT_STEP_PLANNING_GOAL_PROBE_COMPLETE"",""wall_s"":96.7447448479943}",docs/go2_eight_step_planning_goal_probe_result_2026-09-08.md;docs/go2_eight_step_planning_goal_probe_v1_2026-09-08.md;docs/go2_eight_step_planning_goal_readout_v1_2026-09-08.md,,,,,
go2_eight_step_planning_goal_readout_v1_attempt_001,EIGHT_STEP_PLANNING_GOAL_READOUT_COMPLETE,,,/home/andrewknowles/RecoveryStorage/LeWMQuad-v3/.generated/navigation_development_artifacts_v1/go2_eight_step_planning_goal_readout_v1_attempt_001/result.json,,,"{""status"":""EIGHT_STEP_PLANNING_GOAL_READOUT_COMPLETE""}",docs/go2_eight_step_planning_goal_probe_result_2026-09-08.md;docs/go2_eight_step_planning_goal_readout_v1_2026-09-08.md,,,,,
go2_exact_mission_target_goal_probe_v1_attempt_001,EXACT_MISSION_TARGET_GOAL_PROBE_COMPLETE,,,/home/andrewknowles/RecoveryStorage/LeWMQuad-v3/.generated/navigation_development_artifacts_v1/go2_exact_mission_target_goal_probe_v1_attempt_001/result.json,,,"{""status"":""EXACT_MISSION_TARGET_GOAL_PROBE_COMPLETE"",""wall_s"":426.5111534530297}",docs/go2_exact_mission_target_goal_probe_result_2026-09-08.md;docs/go2_exact_mission_target_goal_probe_v1_2026-09-08.md,,,,,
go2_exact_mission_target_goal_readout_v1_attempt_001,EXACT_MISSION_TARGET_GOAL_READOUT_COMPLETE,,,/home/andrewknowles/RecoveryStorage/LeWMQuad-v3/.generated/navigation_development_artifacts_v1/go2_exact_mission_target_goal_readout_v1_attempt_001/result.json,,,"{""status"":""EXACT_MISSION_TARGET_GOAL_READOUT_COMPLETE""}",docs/go2_exact_mission_target_goal_probe_result_2026-09-08.md;docs/go2_exact_mission_target_goal_readout_v1_2026-09-08.md,,,,,
go2_exact_mission_target_prefix_v1_attempt_001,EXACT_MISSION_TARGET_PREFIX_COMPLETE,,,/home/andrewknowles/RecoveryStorage/LeWMQuad-v3/.generated/navigation_development_artifacts_v1/go2_exact_mission_target_prefix_v1_attempt_001/result.json,,,"{""status"":""EXACT_MISSION_TARGET_PREFIX_COMPLETE"",""wall_s"":272.5956959249452}",docs/go2_exact_mission_target_prefix_result_2026-09-08.md;docs/go2_exact_mission_target_prefix_v1_2026-09-08.md,,,,,
go2_exact_terminal_target_v1_attempt_001,EXACT_TERMINAL_TARGET_DIAGNOSTIC_COMPLETE,,,/home/andrewknowles/RecoveryStorage/LeWMQuad-v3/.generated/navigation_development_artifacts_v1/go2_exact_terminal_target_v1_attempt_001/result.json,,,"{""status"":""EXACT_TERMINAL_TARGET_DIAGNOSTIC_COMPLETE"",""wall_s"":12.423368448158726}",docs/go2_exact_terminal_target_result_2026-09-08.md,,,,,
go2_executed_commitment_six_model_errors_v1_attempt_001,EXECUTED_COMMITMENT_SIX_MODEL_ERRORS_COMPLETE,,,/home/andrewknowles/RecoveryStorage/LeWMQuad-v3/.generated/navigation_development_artifacts_v1/go2_executed_commitment_six_model_errors_v1_attempt_001/result.json,,,"{""status"":""EXECUTED_COMMITMENT_SIX_MODEL_ERRORS_COMPLETE"",""wall_s"":16.63111355691217}",docs/go2_executed_commitment_six_model_errors_result_2026-09-08.md,,,,,
go2_executed_horizon_final_goal_prefix_v1_attempt_001,EXECUTED_HORIZON_FINAL_GOAL_PREFIX_COMPLETE,,,/home/andrewknowles/RecoveryStorage/LeWMQuad-v3/.generated/navigation_development_artifacts_v1/go2_executed_horizon_final_goal_prefix_v1_attempt_001/result.json,,,"{""status"":""EXECUTED_HORIZON_FINAL_GOAL_PREFIX_COMPLETE"",""wall_s"":265.01232366799377}",docs/go2_executed_horizon_final_goal_prefix_result_2026-09-08.md;docs/go2_executed_horizon_final_goal_prefix_v1_2026-09-08.md,,,,,
go2_executed_horizon_final_goal_probe_v1_attempt_001,EXECUTED_HORIZON_FINAL_GOAL_PROBE_COMPLETE,,,/home/andrewknowles/RecoveryStorage/LeWMQuad-v3/.generated/navigation_development_artifacts_v1/go2_executed_horizon_final_goal_probe_v1_attempt_001/result.json,,,"{""status"":""EXECUTED_HORIZON_FINAL_GOAL_PROBE_COMPLETE"",""wall_s"":430.1334059089422}",docs/go2_executed_horizon_final_goal_probe_result_2026-09-08.md;docs/go2_executed_horizon_final_goal_probe_v1_2026-09-08.md,,,,,
go2_executed_horizon_final_goal_readout_v1_attempt_001,EXECUTED_HORIZON_FINAL_GOAL_READOUT_COMPLETE,,,/home/andrewknowles/RecoveryStorage/LeWMQuad-v3/.generated/navigation_development_artifacts_v1/go2_executed_horizon_final_goal_readout_v1_attempt_001/result.json,,,"{""status"":""EXECUTED_HORIZON_FINAL_GOAL_READOUT_COMPLETE""}",docs/go2_executed_horizon_final_goal_probe_result_2026-09-08.md;docs/go2_executed_horizon_final_goal_readout_v1_2026-09-08.md,,,,,
go2_executed_waypoint_maze_pilot_v1_attempt_001,EXECUTED_WAYPOINT_MAZE_PILOT_COMPLETE,,,/home/andrewknowles/RecoveryStorage/LeWMQuad-v3/.generated/navigation_development_artifacts_v1/go2_executed_waypoint_maze_pilot_v1_attempt_001/result.json,,,"{""status"":""EXECUTED_WAYPOINT_MAZE_PILOT_COMPLETE"",""wall_s"":2036.6649146280251}",docs/go2_executed_waypoint_maze_pilot_result_2026-09-08.md;docs/go2_executed_waypoint_maze_pilot_v1_2026-09-08.md;docs/go2_novel_maze_round_trip_pilot_status_2026-09-08.md,,,,,
go2_executed_waypoint_maze_prefix_v1_attempt_001,EXECUTED_WAYPOINT_MAZE_PREFIX_COMPLETE,,,/home/andrewknowles/RecoveryStorage/LeWMQuad-v3/.generated/navigation_development_artifacts_v1/go2_executed_waypoint_maze_prefix_v1_attempt_001/result.json,,,"{""status"":""EXECUTED_WAYPOINT_MAZE_PREFIX_COMPLETE"",""wall_s"":13.612249847967178}",docs/go2_executed_waypoint_maze_prefix_result_2026-09-08.md;docs/go2_executed_waypoint_maze_prefix_v1_2026-09-08.md,,,,,
go2_executed_waypoint_maze_readout_v1_attempt_001,EXECUTED_WAYPOINT_MAZE_READOUT_COMPLETE,,,/home/andrewknowles/RecoveryStorage/LeWMQuad-v3/.generated/navigation_development_artifacts_v1/go2_executed_waypoint_maze_readout_v1_attempt_001/result.json,,,"{""status"":""EXECUTED_WAYPOINT_MAZE_READOUT_COMPLETE""}",docs/go2_executed_waypoint_maze_pilot_result_2026-09-08.md;docs/go2_executed_waypoint_maze_readout_v1_2026-09-08.md,,,,,
go2_extended_return_budget_controller_prefix_v1_attempt_001,EXTENDED_RETURN_BUDGET_CONTROLLER_PREFIX_V1_COMPLETE,,,/home/andrewknowles/RecoveryStorage/LeWMQuad-v3/.generated/navigation_development_artifacts_v1/go2_extended_return_budget_controller_prefix_v1_attempt_001/result.json,,,"{""status"":""EXTENDED_RETURN_BUDGET_CONTROLLER_PREFIX_V1_COMPLETE"",""wall_s"":15861.714218542911}",docs/go2_extended_return_budget_controller_prefix_v1_2026-09-12.md;docs/go2_extended_return_budget_prefix_runner_prepared_2026-09-12.md;docs/go2_measured_plane_chained_single_pass_full_history_completed_2026-09-12.md,,,,,
go2_extended_return_budget_maze02_v1_attempt_001,FAILURE_RECORD_ONLY,,,,/home/andrewknowles/RecoveryStorage/LeWMQuad-v3/.generated/navigation_development_artifacts_v1/go2_extended_return_budget_maze02_v1_attempt_001/failure.json,KeyboardInterrupt(),{},docs/go2_extended_return_budget_maze02_v1_2026-09-12.md;docs/go2_extended_return_settling_diagnosis_2026-09-12.md,,,,,
go2_family_transition_bootstrap_inputs_v1_attempt_001,FAMILY_TRANSITION_BOOTSTRAP_INPUTS_COMPLETE,,,/home/andrewknowles/RecoveryStorage/LeWMQuad-v3/.generated/navigation_development_artifacts_v1/go2_family_transition_bootstrap_inputs_v1_attempt_001/result.json,,,"{""status"":""FAMILY_TRANSITION_BOOTSTRAP_INPUTS_COMPLETE"",""wall_s"":46.7921530851163}",docs/go2_family_transition_bootstrap_inputs_result_2026-09-08.md;docs/go2_family_transition_bootstrap_inputs_v1_2026-09-08.md,,,,,
go2_family_transition_fit_benchmark_v1_attempt_001,FAMILY_TRANSITION_FIT_BENCHMARK_COMPLETE,,,/home/andrewknowles/RecoveryStorage/LeWMQuad-v3/.generated/navigation_development_artifacts_v1/go2_family_transition_fit_benchmark_v1_attempt_001/result.json,,,"{""status"":""FAMILY_TRANSITION_FIT_BENCHMARK_COMPLETE""}",docs/go2_family_transition_fit_benchmark_result_2026-09-08.md;docs/go2_family_transition_fits_v1_2026-09-08.md,,,,,
go2_family_transition_fit_readout_v1_attempt_001,FAMILY_TRANSITION_PAIRED_READOUT_COMPLETE,,,/home/andrewknowles/RecoveryStorage/LeWMQuad-v3/.generated/navigation_development_artifacts_v1/go2_family_transition_fit_readout_v1_attempt_001/result.json,,,"{""status"":""FAMILY_TRANSITION_PAIRED_READOUT_COMPLETE""}",docs/go2_family_transition_fit_readout_v1_2026-09-08.md;docs/go2_family_transition_fits_result_2026-09-08.md,,,,,
go2_family_transition_fits_v1_attempt_001,FAMILY_TRANSITION_SIX_FITS_COMPLETE,,,/home/andrewknowles/RecoveryStorage/LeWMQuad-v3/.generated/navigation_development_artifacts_v1/go2_family_transition_fits_v1_attempt_001/result.json,,,"{""status"":""FAMILY_TRANSITION_SIX_FITS_COMPLETE"",""wall_s"":343.6502001301851}",docs/go2_family_transition_fits_result_2026-09-08.md;docs/go2_family_transition_fits_v1_2026-09-08.md,,,,,
go2_family_transition_goal_probe_v1_attempt_001,FAMILY_TRANSITION_GOAL_PROBE_COMPLETE,,,/home/andrewknowles/RecoveryStorage/LeWMQuad-v3/.generated/navigation_development_artifacts_v1/go2_family_transition_goal_probe_v1_attempt_001/result.json,,,"{""status"":""FAMILY_TRANSITION_GOAL_PROBE_COMPLETE"",""wall_s"":203.19201680505648}",docs/go2_family_transition_goal_probe_result_2026-09-08.md;docs/go2_family_transition_goal_probe_v1_2026-09-08.md;docs/go2_family_transition_goal_readout_v1_2026-09-08.md;docs/go2_joint_visual_surface_memory_v1_2026-09-08.md;docs/go2_observed_floor_waypoint_v1_2026-09-08.md,,,,,
go2_family_transition_goal_readout_v1_attempt_001,FAMILY_TRANSITION_GOAL_DIAGNOSIS_COMPLETE,,,/home/andrewknowles/RecoveryStorage/LeWMQuad-v3/.generated/navigation_development_artifacts_v1/go2_family_transition_goal_readout_v1_attempt_001/result.json,,,"{""status"":""FAMILY_TRANSITION_GOAL_DIAGNOSIS_COMPLETE""}",docs/go2_family_transition_goal_probe_result_2026-09-08.md;docs/go2_family_transition_goal_readout_v1_2026-09-08.md,,,,,
go2_feature100_150_201frames_recorded_v1_attempt_001,PAIRED_FEATURE_COMPARISON_COMPLETE,,,/home/andrewknowles/RecoveryStorage/LeWMQuad-v3/.generated/navigation_development_artifacts_v1/go2_feature100_150_201frames_recorded_v1_attempt_001/result.json,,,"{""status"":""PAIRED_FEATURE_COMPARISON_COMPLETE"",""wall_s"":34.36663496401161}",docs/go2_timing_and_stopping_margin_2026-09-13.md,,,,,
go2_feature150_300_201frames_recorded_v1_attempt_001,FAILURE_RECORD_ONLY,,,,/home/andrewknowles/RecoveryStorage/LeWMQuad-v3/.generated/navigation_development_artifacts_v1/go2_feature150_300_201frames_recorded_v1_attempt_001/failure.json,ValueError('150-feature tracker failed at frame 0'),{},docs/go2_feature150_and_continuous_commitment_2026-09-13.md,,,,,
go2_feature150_300_201frames_recorded_v1_attempt_002,PAIRED_FEATURE_COMPARISON_COMPLETE,,,/home/andrewknowles/RecoveryStorage/LeWMQuad-v3/.generated/navigation_development_artifacts_v1/go2_feature150_300_201frames_recorded_v1_attempt_002/result.json,,,"{""status"":""PAIRED_FEATURE_COMPARISON_COMPLETE"",""wall_s"":37.946814259979874}",docs/go2_feature150_and_continuous_commitment_2026-09-13.md,,,,,
go2_feature150_300_3440frames_recorded_v1_attempt_001,PAIRED_FEATURE_COMPARISON_COMPLETE,,,/home/andrewknowles/RecoveryStorage/LeWMQuad-v3/.generated/navigation_development_artifacts_v1/go2_feature150_300_3440frames_recorded_v1_attempt_001/result.json,,,"{""status"":""PAIRED_FEATURE_COMPARISON_COMPLETE"",""wall_s"":682.4473585952073}",docs/go2_feature150_and_continuous_commitment_2026-09-13.md,,,,,
go2_feature150_60s_native_layout00_v1_attempt_001,PACED_NATIVE_PREFIX_COMPLETE,,False,/home/andrewknowles/RecoveryStorage/LeWMQuad-v3/.generated/navigation_development_artifacts_v1/go2_feature150_60s_native_layout00_v1_attempt_001/result.json,,,"{""status"":""PACED_NATIVE_PREFIX_COMPLETE"",""navigation_success_claimed"":false,""simulation_s"":60.64,""wall_s"":62.977957199,""camera_frames"":601,""disallowed_contact"":false}",docs/go2_development_artifact_retention_2026-09-14.md;docs/go2_feature150_and_continuous_commitment_2026-09-13.md,,,,,
go2_feature150_memory_clearance_native_layout00_v1_attempt_001,FAILURE_RECORD_ONLY,,,,/home/andrewknowles/RecoveryStorage/LeWMQuad-v3/.generated/navigation_development_artifacts_v1/go2_feature150_memory_clearance_native_layout00_v1_attempt_001/failure.json,"RuntimeError('[{\'stage\': \'tracking\', \'reason\': ""ValueError(\'measured visual pose unavailable\')""}]')",{},docs/go2_feature150_memory_clearance_experiment_2026-09-13.md,,,,,
go2_feature_budget300_full_journey_v1_attempt_001,FEATURE_BUDGET300_FULL_JOURNEY_COMPLETE,,,/home/andrewknowles/RecoveryStorage/LeWMQuad-v3/.generated/navigation_development_artifacts_v1/go2_feature_budget300_full_journey_v1_attempt_001/result.json,,,"{""status"":""FEATURE_BUDGET300_FULL_JOURNEY_COMPLETE"",""wall_s"":431.55273162410595}",docs/go2_feature_budget300_experiment_2026-09-13.md,,,,,
go2_feature_budget300_paced_recorded_prefix_v1_attempt_001,FEATURE_BUDGET300_PACED_PREFIX_COMPLETE,,,/home/andrewknowles/RecoveryStorage/LeWMQuad-v3/.generated/navigation_development_artifacts_v1/go2_feature_budget300_paced_recorded_prefix_v1_attempt_001/result.json,,,"{""status"":""FEATURE_BUDGET300_PACED_PREFIX_COMPLETE""}",docs/go2_feature_budget300_experiment_2026-09-13.md,,,,,
go2_feature_budget300_recorded_prefix_v1_attempt_001,FEATURE_BUDGET300_RECORDED_COMPLETE,,,/home/andrewknowles/RecoveryStorage/LeWMQuad-v3/.generated/navigation_development_artifacts_v1/go2_feature_budget300_recorded_prefix_v1_attempt_001/result.json,,,"{""status"":""FEATURE_BUDGET300_RECORDED_COMPLETE"",""wall_s"":30.57481334498152}",docs/go2_feature_budget300_experiment_2026-09-13.md,,,,,
go2_fine_obstacle_round_trip_native_layout00_v1_attempt_001,FAILURE_RECORD_ONLY,,,,/home/andrewknowles/RecoveryStorage/LeWMQuad-v3/.generated/navigation_development_artifacts_v1/go2_fine_obstacle_round_trip_native_layout00_v1_attempt_001/failure.json,"RuntimeError('[{\'stage\': \'registration\', \'reason\': ""ValueError(\'current measured candidate conflicts with transported floor reference\')""}]')",{},docs/go2_partial_height_integration_2026-09-13.md;docs/go2_timing_and_stopping_margin_2026-09-13.md,,,,,
go2_fine_stored_obstacle_native_layout00_v1_attempt_001,FAILURE_RECORD_ONLY,,,,/home/andrewknowles/RecoveryStorage/LeWMQuad-v3/.generated/navigation_development_artifacts_v1/go2_fine_stored_obstacle_native_layout00_v1_attempt_001/failure.json,"RuntimeError('[{\'stage\': \'tracking\', \'reason\': ""ValueError(\'measured visual pose unavailable\')""}]')",{},docs/go2_development_artifact_retention_2026-09-14.md;docs/go2_fine_stored_obstacle_routing_2026-09-13.md,,,,,
go2_fixed_transfer_controller_comparison_cohort_layout04_07_v1_attempt_001,RESULT_RECORDED,,,/home/andrewknowles/RecoveryStorage/LeWMQuad-v3/.generated/navigation_development_artifacts_v1/go2_fixed_transfer_controller_comparison_cohort_layout04_07_v1_attempt_001/result.json,,,{},docs/go2_continuous_controller_comparison_2026-09-13.md,,,,,
go2_fixed_transfer_controller_comparison_layout04_4800_v1_attempt_001,RESULT_RECORDED,,,/home/andrewknowles/RecoveryStorage/LeWMQuad-v3/.generated/navigation_development_artifacts_v1/go2_fixed_transfer_controller_comparison_layout04_4800_v1_attempt_001/result.json,,,{},docs/go2_continuous_controller_comparison_2026-09-13.md,,,,,
go2_fixed_transfer_controller_comparison_layout05_4800_v1_attempt_001,RESULT_RECORDED,,,/home/andrewknowles/RecoveryStorage/LeWMQuad-v3/.generated/navigation_development_artifacts_v1/go2_fixed_transfer_controller_comparison_layout05_4800_v1_attempt_001/result.json,,,{},docs/go2_continuous_controller_comparison_2026-09-13.md,,,,,
go2_fixed_transfer_controller_comparison_layout06_4800_v1_attempt_001,RESULT_RECORDED,,,/home/andrewknowles/RecoveryStorage/LeWMQuad-v3/.generated/navigation_development_artifacts_v1/go2_fixed_transfer_controller_comparison_layout06_4800_v1_attempt_001/result.json,,,{},docs/go2_continuous_controller_comparison_2026-09-13.md,,,,,
go2_fixed_transfer_learned_cohort_layout04_07_v1_attempt_001,RESULT_RECORDED,,,/home/andrewknowles/RecoveryStorage/LeWMQuad-v3/.generated/navigation_development_artifacts_v1/go2_fixed_transfer_learned_cohort_layout04_07_v1_attempt_001/result.json,,,{},docs/go2_continuous_controller_comparison_2026-09-13.md,,,,,
go2_fixed_transfer_preferred_reactive_round_trip_native_layout04_4800_v1_attempt_001,PACED_NATIVE_PREFIX_COMPLETE,MISSION_TICK_BUDGET_EXHAUSTED,False,/home/andrewknowles/RecoveryStorage/LeWMQuad-v3/.generated/navigation_development_artifacts_v1/go2_fixed_transfer_preferred_reactive_round_trip_native_layout04_4800_v1_attempt_001/result.json,,,"{""status"":""PACED_NATIVE_PREFIX_COMPLETE"",""mission_terminal"":""MISSION_TICK_BUDGET_EXHAUSTED"",""navigation_success_claimed"":false,""simulation_s"":481.04,""wall_s"":481.542380186,""camera_frames"":4805,""disallowed_contact"":false,""observed_arrivals"":""[]""}",docs/go2_continuous_controller_comparison_2026-09-13.md;docs/go2_development_artifact_retention_2026-09-14.md,/home/andrewknowles/RecoveryStorage/LeWMQuad-v3/.generated/navigation_development_artifacts_v1/go2_fixed_transfer_preferred_reactive_round_trip_native_layout04_4800_v1_attempt_001/continuous_native_arrival_evaluation.json,0,0,False,0
go2_fixed_transfer_preferred_reactive_round_trip_native_layout05_4800_v1_attempt_001,FAILURE_RECORD_ONLY,,,,/home/andrewknowles/RecoveryStorage/LeWMQuad-v3/.generated/navigation_development_artifacts_v1/go2_fixed_transfer_preferred_reactive_round_trip_native_layout05_4800_v1_attempt_001/failure.json,"RuntimeError('[{\'stage\': \'registration\', \'reason\': ""ValueError(\'current measured candidate conflicts with transported floor reference\')""}]')",{},docs/go2_continuous_controller_comparison_2026-09-13.md,/home/andrewknowles/RecoveryStorage/LeWMQuad-v3/.generated/navigation_development_artifacts_v1/go2_fixed_transfer_preferred_reactive_round_trip_native_layout05_4800_v1_attempt_001/continuous_native_arrival_evaluation.json,0,0,False,0
go2_fixed_transfer_preferred_reactive_round_trip_native_layout06_4800_v1_attempt_001,PACED_NATIVE_PREFIX_COMPLETE,MISSION_TICK_BUDGET_EXHAUSTED,False,/home/andrewknowles/RecoveryStorage/LeWMQuad-v3/.generated/navigation_development_artifacts_v1/go2_fixed_transfer_preferred_reactive_round_trip_native_layout06_4800_v1_attempt_001/result.json,,,"{""status"":""PACED_NATIVE_PREFIX_COMPLETE"",""mission_terminal"":""MISSION_TICK_BUDGET_EXHAUSTED"",""navigation_success_claimed"":false,""simulation_s"":481.04,""wall_s"":481.54803276,""camera_frames"":4805,""disallowed_contact"":false,""observed_arrivals"":""[]""}",docs/go2_continuous_controller_comparison_2026-09-13.md,/home/andrewknowles/RecoveryStorage/LeWMQuad-v3/.generated/navigation_development_artifacts_v1/go2_fixed_transfer_preferred_reactive_round_trip_native_layout06_4800_v1_attempt_001/continuous_native_arrival_evaluation.json,0,0,False,0
go2_fixed_transfer_preferred_reactive_round_trip_native_layout07_4800_v1_attempt_001,PACED_NATIVE_PREFIX_COMPLETE,MISSION_TICK_BUDGET_EXHAUSTED,False,/home/andrewknowles/RecoveryStorage/LeWMQuad-v3/.generated/navigation_development_artifacts_v1/go2_fixed_transfer_preferred_reactive_round_trip_native_layout07_4800_v1_attempt_001/result.json,,,"{""status"":""PACED_NATIVE_PREFIX_COMPLETE"",""mission_terminal"":""MISSION_TICK_BUDGET_EXHAUSTED"",""navigation_success_claimed"":false,""simulation_s"":481.08,""wall_s"":481.543581851,""camera_frames"":4805,""disallowed_contact"":false,""observed_arrivals"":""[]""}",docs/go2_continuous_controller_comparison_2026-09-13.md;docs/go2_development_artifact_retention_2026-09-14.md,/home/andrewknowles/RecoveryStorage/LeWMQuad-v3/.generated/navigation_development_artifacts_v1/go2_fixed_transfer_preferred_reactive_round_trip_native_layout07_4800_v1_attempt_001/continuous_native_arrival_evaluation.json,0,0,False,0
go2_floor_index_reuse_diagnosis_v1_attempt_001,FLOOR_INDEX_REUSE_DIAGNOSIS_COMPLETE,,,/home/andrewknowles/RecoveryStorage/LeWMQuad-v3/.generated/navigation_development_artifacts_v1/go2_floor_index_reuse_diagnosis_v1_attempt_001/result.json,,,"{""status"":""FLOOR_INDEX_REUSE_DIAGNOSIS_COMPLETE""}",docs/go2_floor_index_reuse_diagnosis_v1_2026-09-09.md,,,,,
go2_floor_reacquisition_reactive_noise_2mm_native_layout03_4800_v1_attempt_001,PACED_NATIVE_PREFIX_COMPLETE,OBSERVED_ROUND_TRIP_CANDIDATE,False,/home/andrewknowles/RecoveryStorage/LeWMQuad-v3/.generated/navigation_development_artifacts_v1/go2_floor_reacquisition_reactive_noise_2mm_native_layout03_4800_v1_attempt_001/result.json,,,"{""status"":""PACED_NATIVE_PREFIX_COMPLETE"",""mission_terminal"":""OBSERVED_ROUND_TRIP_CANDIDATE"",""navigation_success_claimed"":false,""simulation_s"":190.0,""wall_s"":190.318252006,""camera_frames"":1899,""disallowed_contact"":false,""observed_arrivals"":""[{\""phase\"":\""OUTBOUND\"",\""frame\"":1096,\""measured_ns\"":111100000000,\""target_initial_body_xy_m\"":[0.0,1.3],\""observed_position_initial_body_xy_m\"":[-0.008287748100448687,1.2845939794369712],\""observed_distance_m\"":0.017493777126880262,\""quiet_intervals\"":10,\""native_verified\"":false},{\""phase\"":\""RETURN\"",\""frame\"":1897,\""measured_ns\"":191200000000,\""target_initial_body_xy_m\"":[0.0,0.0],\""observed_position_initial_body_xy_m\"":[0.006134742908312746,0.00590589470983845],\""observed_distance_m\"":0.008515554173087699,\""quiet_intervals\"":10,\""native_verified\"":false}]""}",docs/go2_development_artifact_retention_2026-09-14.md;docs/go2_floor_reacquisition_2026-09-15.md,/home/andrewknowles/RecoveryStorage/LeWMQuad-v3/.generated/navigation_development_artifacts_v1/go2_floor_reacquisition_reactive_noise_2mm_native_layout03_4800_v1_attempt_001/continuous_native_arrival_evaluation.json,1,1,True,0
go2_floor_registered_maze_prefix_v1_attempt_001,FAILURE_RECORD_ONLY,,,,/home/andrewknowles/RecoveryStorage/LeWMQuad-v3/.generated/navigation_development_artifacts_v1/go2_floor_registered_maze_prefix_v1_attempt_001/failure.json,ValueError('candidate admission failure at 329: two current independently admitted measured planes required'),{},docs/go2_floor_registered_maze_prefix_v1_2026-09-08.md;docs/go2_floor_registered_prefix_failure_2026-09-08.md;docs/go2_novel_maze_round_trip_pilot_status_2026-09-08.md,,,,,
go2_forecast_observation_dependence_v1_attempt_001,RESULT_RECORDED,,,/mnt/steam_drive/LeWMQuad-v3/navigation_development_artifacts_v1/go2_forecast_observation_dependence_v1_attempt_001/result.json,,,"{""wall_s"":59.86745041701943}",docs/go2_command_history_residual_2026-09-17.md,,,,,
go2_frame_cached_floor_prefix_v1_attempt_001,FRAME_CACHED_FLOOR_PREFIX_COMPLETE,,,/home/andrewknowles/RecoveryStorage/LeWMQuad-v3/.generated/navigation_development_artifacts_v1/go2_frame_cached_floor_prefix_v1_attempt_001/result.json,,,"{""status"":""FRAME_CACHED_FLOOR_PREFIX_COMPLETE"",""wall_s"":762.9908080089372}",docs/go2_frame_cache_and_copy_progress_2026-09-09.md;docs/go2_frame_cached_floor_prefix_result_2026-09-09.md;docs/go2_frame_cached_floor_prefix_v1_2026-09-09.md,,,,,
go2_framewise_visual_support_supervised_rollout_noise_2mm_native_layout00_4800_v1_attempt_001,FAILURE_RECORD_ONLY,,,,/home/andrewknowles/RecoveryStorage/LeWMQuad-v3/.generated/navigation_development_artifacts_v1/go2_framewise_visual_support_supervised_rollout_noise_2mm_native_layout00_4800_v1_attempt_001/failure.json,"RuntimeError('[{\'stage\': \'tracking\', \'reason\': ""ValueError(\'measured visual pose unavailable\')""}]')",{},docs/go2_development_artifact_retention_2026-09-14.md;docs/go2_framewise_visual_support_2026-09-16.md,/home/andrewknowles/RecoveryStorage/LeWMQuad-v3/.generated/navigation_development_artifacts_v1/go2_framewise_visual_support_supervised_rollout_noise_2mm_native_layout00_4800_v1_attempt_001/continuous_native_arrival_evaluation.json,0,0,False,0
go2_fresh_goal_direction_v1_attempt_001,COMPLETE,,,/mnt/steam_drive/LeWMQuad-v3/navigation_development_artifacts_v1/go2_fresh_goal_direction_v1_attempt_001/result.json,,,"{""status"":""COMPLETE"",""wall_s"":6.125125743914396}",docs/go2_fresh_goal_direction_2026-09-17.md,,,,,
go2_fresh_stable_reference_learned_round_trip_native_layout00_4800_v1_attempt_001,PACED_NATIVE_PREFIX_COMPLETE,MISSION_TICK_BUDGET_EXHAUSTED,False,/home/andrewknowles/RecoveryStorage/LeWMQuad-v3/.generated/navigation_development_artifacts_v1/go2_fresh_stable_reference_learned_round_trip_native_layout00_4800_v1_attempt_001/result.json,,,"{""status"":""PACED_NATIVE_PREFIX_COMPLETE"",""mission_terminal"":""MISSION_TICK_BUDGET_EXHAUSTED"",""navigation_success_claimed"":false,""simulation_s"":481.0,""wall_s"":481.886891975,""camera_frames"":4805,""disallowed_contact"":false,""observed_arrivals"":""[{\""phase\"":\""OUTBOUND\"",\""frame\"":4732,\""measured_ns\"":474700000000,\""target_initial_body_xy_m\"":[0.0,-1.3],\""observed_position_initial_body_xy_m\"":[-0.003379743912448256,-1.2884686097470797],\""observed_distance_m\"":0.012016473279580752,\""quiet_intervals\"":10,\""native_verified\"":false}]""}",docs/go2_fresh_fixed_controller_transfer_2026-09-14.md,/home/andrewknowles/RecoveryStorage/LeWMQuad-v3/.generated/navigation_development_artifacts_v1/go2_fresh_stable_reference_learned_round_trip_native_layout00_4800_v1_attempt_001/continuous_native_arrival_evaluation.json,1,0,False,0
go2_fresh_stable_reference_learned_round_trip_native_layout01_4800_v1_attempt_001,PACED_NATIVE_PREFIX_COMPLETE,MISSION_TICK_BUDGET_EXHAUSTED,False,/home/andrewknowles/RecoveryStorage/LeWMQuad-v3/.generated/navigation_development_artifacts_v1/go2_fresh_stable_reference_learned_round_trip_native_layout01_4800_v1_attempt_001/result.json,,,"{""status"":""PACED_NATIVE_PREFIX_COMPLETE"",""mission_terminal"":""MISSION_TICK_BUDGET_EXHAUSTED"",""navigation_success_claimed"":false,""simulation_s"":480.96,""wall_s"":481.889697251,""camera_frames"":4805,""disallowed_contact"":false,""observed_arrivals"":""[]""}",docs/go2_fresh_fixed_controller_transfer_2026-09-14.md,/home/andrewknowles/RecoveryStorage/LeWMQuad-v3/.generated/navigation_development_artifacts_v1/go2_fresh_stable_reference_learned_round_trip_native_layout01_4800_v1_attempt_001/continuous_native_arrival_evaluation.json,0,0,False,0
go2_fresh_stable_reference_learned_round_trip_native_layout02_4800_v1_attempt_001,PACED_NATIVE_PREFIX_COMPLETE,OBSERVED_ROUND_TRIP_CANDIDATE,False,/home/andrewknowles/RecoveryStorage/LeWMQuad-v3/.generated/navigation_development_artifacts_v1/go2_fresh_stable_reference_learned_round_trip_native_layout02_4800_v1_attempt_001/result.json,,,"{""status"":""PACED_NATIVE_PREFIX_COMPLETE"",""mission_terminal"":""OBSERVED_ROUND_TRIP_CANDIDATE"",""navigation_success_claimed"":false,""simulation_s"":236.52,""wall_s"":236.842827561,""camera_frames"":2361,""disallowed_contact"":false,""observed_arrivals"":""[{\""phase\"":\""OUTBOUND\"",\""frame\"":1570,\""measured_ns\"":158500000000,\""target_initial_body_xy_m\"":[3.9000000000000004,1.3],\""observed_position_initial_body_xy_m\"":[3.8874607566820645,1.3051480236002855],\""observed_distance_m\"":0.01355487993216817,\""quiet_intervals\"":10,\""native_verified\"":false},{\""phase\"":\""RETURN\"",\""frame\"":2359,\""measured_ns\"":237400000000,\""target_initial_body_xy_m\"":[0.0,0.0],\""observed_position_initial_body_xy_m\"":[0.006329360397752721,0.012392854419163171],\""observed_distance_m\"":0.013915589951533231,\""quiet_intervals\"":10,\""native_verified\"":false}]""}",docs/go2_development_artifact_retention_2026-09-14.md;docs/go2_fresh_fixed_controller_transfer_2026-09-14.md,/home/andrewknowles/RecoveryStorage/LeWMQuad-v3/.generated/navigation_development_artifacts_v1/go2_fresh_stable_reference_learned_round_trip_native_layout02_4800_v1_attempt_001/continuous_native_arrival_evaluation.json,1,1,True,0
go2_fresh_stable_reference_learned_round_trip_native_layout03_4800_v1_attempt_001,PACED_NATIVE_PREFIX_COMPLETE,MISSION_TICK_BUDGET_EXHAUSTED,False,/home/andrewknowles/RecoveryStorage/LeWMQuad-v3/.generated/navigation_development_artifacts_v1/go2_fresh_stable_reference_learned_round_trip_native_layout03_4800_v1_attempt_001/result.json,,,"{""status"":""PACED_NATIVE_PREFIX_COMPLETE"",""mission_terminal"":""MISSION_TICK_BUDGET_EXHAUSTED"",""navigation_success_claimed"":false,""simulation_s"":481.02,""wall_s"":481.899160815,""camera_frames"":4805,""disallowed_contact"":false,""observed_arrivals"":""[]""}",docs/go2_fresh_fixed_controller_transfer_2026-09-14.md,/home/andrewknowles/RecoveryStorage/LeWMQuad-v3/.generated/navigation_development_artifacts_v1/go2_fresh_stable_reference_learned_round_trip_native_layout03_4800_v1_attempt_001/continuous_native_arrival_evaluation.json,0,0,False,0
go2_fresh_stable_reference_matched_cohort_layout00_03_v1_attempt_001,RESULT_RECORDED,,,/home/andrewknowles/RecoveryStorage/LeWMQuad-v3/.generated/navigation_development_artifacts_v1/go2_fresh_stable_reference_matched_cohort_layout00_03_v1_attempt_001/result.json,,,{},docs/go2_fresh_fixed_controller_transfer_2026-09-14.md,,,,,
go2_fresh_stable_reference_matched_comparison_layout00_v1_attempt_001,RESULT_RECORDED,,,/home/andrewknowles/RecoveryStorage/LeWMQuad-v3/.generated/navigation_development_artifacts_v1/go2_fresh_stable_reference_matched_comparison_layout00_v1_attempt_001/result.json,,,{},docs/go2_fresh_fixed_controller_transfer_2026-09-14.md,,,,,
go2_fresh_stable_reference_matched_comparison_layout01_v1_attempt_001,RESULT_RECORDED,,,/home/andrewknowles/RecoveryStorage/LeWMQuad-v3/.generated/navigation_development_artifacts_v1/go2_fresh_stable_reference_matched_comparison_layout01_v1_attempt_001/result.json,,,{},docs/go2_fresh_fixed_controller_transfer_2026-09-14.md,,,,,
go2_fresh_stable_reference_matched_comparison_layout02_v1_attempt_001,RESULT_RECORDED,,,/home/andrewknowles/RecoveryStorage/LeWMQuad-v3/.generated/navigation_development_artifacts_v1/go2_fresh_stable_reference_matched_comparison_layout02_v1_attempt_001/result.json,,,{},docs/go2_fresh_fixed_controller_transfer_2026-09-14.md,,,,,
go2_fresh_stable_reference_reactive_round_trip_native_layout00_4800_v1_attempt_001,PACED_NATIVE_PREFIX_COMPLETE,MISSION_TICK_BUDGET_EXHAUSTED,False,/home/andrewknowles/RecoveryStorage/LeWMQuad-v3/.generated/navigation_development_artifacts_v1/go2_fresh_stable_reference_reactive_round_trip_native_layout00_4800_v1_attempt_001/result.json,,,"{""status"":""PACED_NATIVE_PREFIX_COMPLETE"",""mission_terminal"":""MISSION_TICK_BUDGET_EXHAUSTED"",""navigation_success_claimed"":false,""simulation_s"":481.0,""wall_s"":481.543443215,""camera_frames"":4805,""disallowed_contact"":false,""observed_arrivals"":""[]""}",docs/go2_fresh_fixed_controller_transfer_2026-09-14.md,/home/andrewknowles/RecoveryStorage/LeWMQuad-v3/.generated/navigation_development_artifacts_v1/go2_fresh_stable_reference_reactive_round_trip_native_layout00_4800_v1_attempt_001/continuous_native_arrival_evaluation.json,0,0,False,0
go2_fresh_stable_reference_reactive_round_trip_native_layout01_4800_v1_attempt_001,PACED_NATIVE_PREFIX_COMPLETE,MISSION_TICK_BUDGET_EXHAUSTED,False,/home/andrewknowles/RecoveryStorage/LeWMQuad-v3/.generated/navigation_development_artifacts_v1/go2_fresh_stable_reference_reactive_round_trip_native_layout01_4800_v1_attempt_001/result.json,,,"{""status"":""PACED_NATIVE_PREFIX_COMPLETE"",""mission_terminal"":""MISSION_TICK_BUDGET_EXHAUSTED"",""navigation_success_claimed"":false,""simulation_s"":481.02,""wall_s"":481.538115583,""camera_frames"":4805,""disallowed_contact"":false,""observed_arrivals"":""[]""}",docs/go2_fresh_fixed_controller_transfer_2026-09-14.md,/home/andrewknowles/RecoveryStorage/LeWMQuad-v3/.generated/navigation_development_artifacts_v1/go2_fresh_stable_reference_reactive_round_trip_native_layout01_4800_v1_attempt_001/continuous_native_arrival_evaluation.json,0,0,False,0
go2_fresh_stable_reference_reactive_round_trip_native_layout02_4800_v1_attempt_001,PACED_NATIVE_PREFIX_COMPLETE,MISSION_TICK_BUDGET_EXHAUSTED,False,/home/andrewknowles/RecoveryStorage/LeWMQuad-v3/.generated/navigation_development_artifacts_v1/go2_fresh_stable_reference_reactive_round_trip_native_layout02_4800_v1_attempt_001/result.json,,,"{""status"":""PACED_NATIVE_PREFIX_COMPLETE"",""mission_terminal"":""MISSION_TICK_BUDGET_EXHAUSTED"",""navigation_success_claimed"":false,""simulation_s"":481.0,""wall_s"":481.52149714,""camera_frames"":4805,""disallowed_contact"":false,""observed_arrivals"":""[]""}",docs/go2_fresh_fixed_controller_transfer_2026-09-14.md,/home/andrewknowles/RecoveryStorage/LeWMQuad-v3/.generated/navigation_development_artifacts_v1/go2_fresh_stable_reference_reactive_round_trip_native_layout02_4800_v1_attempt_001/continuous_native_arrival_evaluation.json,0,0,False,0
go2_fresh_stable_reference_reactive_round_trip_native_layout03_4800_v1_attempt_001,PACED_NATIVE_PREFIX_COMPLETE,MISSION_TICK_BUDGET_EXHAUSTED,False,/home/andrewknowles/RecoveryStorage/LeWMQuad-v3/.generated/navigation_development_artifacts_v1/go2_fresh_stable_reference_reactive_round_trip_native_layout03_4800_v1_attempt_001/result.json,,,"{""status"":""PACED_NATIVE_PREFIX_COMPLETE"",""mission_terminal"":""MISSION_TICK_BUDGET_EXHAUSTED"",""navigation_success_claimed"":false,""simulation_s"":481.0,""wall_s"":481.540668929,""camera_frames"":4805,""disallowed_contact"":false,""observed_arrivals"":""[]""}",docs/go2_fresh_fixed_controller_transfer_2026-09-14.md,/home/andrewknowles/RecoveryStorage/LeWMQuad-v3/.generated/navigation_development_artifacts_v1/go2_fresh_stable_reference_reactive_round_trip_native_layout03_4800_v1_attempt_001/continuous_native_arrival_evaluation.json,0,0,False,0
go2_frontier_visit_native_layout00_v1_attempt_001,PACED_NATIVE_PREFIX_COMPLETE,MISSION_TICK_BUDGET_EXHAUSTED,False,/home/andrewknowles/RecoveryStorage/LeWMQuad-v3/.generated/navigation_development_artifacts_v1/go2_frontier_visit_native_layout00_v1_attempt_001/result.json,,,"{""status"":""PACED_NATIVE_PREFIX_COMPLETE"",""mission_terminal"":""MISSION_TICK_BUDGET_EXHAUSTED"",""navigation_success_claimed"":false,""simulation_s"":181.04,""wall_s"":181.013362694,""camera_frames"":1805,""disallowed_contact"":false,""observed_arrivals"":""[]""}",docs/go2_frontier_visit_experiment_2026-09-13.md,,,,,
go2_frozen_footprint_anchored_prefix_v1_attempt_001,FROZEN_FOOTPRINT_ANCHORED_PREFIX_V1_COMPLETE,,,/home/andrewknowles/RecoveryStorage/LeWMQuad-v3/.generated/navigation_development_artifacts_v1/go2_frozen_footprint_anchored_prefix_v1_attempt_001/result.json,,,"{""status"":""FROZEN_FOOTPRINT_ANCHORED_PREFIX_V1_COMPLETE"",""wall_s"":1683.344198368024}",docs/go2_frozen_footprint_anchored_execution_2026-09-10.md;docs/go2_frozen_footprint_anchored_prefix_result_2026-09-10.md;docs/go2_frozen_footprint_anchored_prefix_v1_2026-09-10.md,,,,,
go2_frozen_footprint_controller_windows_profile_v1_attempt_001,FROZEN_FOOTPRINT_CONTROLLER_WINDOWS_PROFILE_V1_COMPLETE,,,/home/andrewknowles/RecoveryStorage/LeWMQuad-v3/.generated/navigation_development_artifacts_v1/go2_frozen_footprint_controller_windows_profile_v1_attempt_001/result.json,,,"{""status"":""FROZEN_FOOTPRINT_CONTROLLER_WINDOWS_PROFILE_V1_COMPLETE"",""wall_s"":1310.5481513689738}",docs/go2_frozen_footprint_controller_profile_execution_2026-09-10.md;docs/go2_frozen_footprint_controller_profile_result_2026-09-10.md;docs/go2_frozen_footprint_controller_windows_profile_v1_2026-09-10.md,,,,,
go2_frozen_motion_readout_v1_attempt_001,COMPLETE,,,/mnt/steam_drive/LeWMQuad-v3/navigation_development_artifacts_v1/go2_frozen_motion_readout_v1_attempt_001/result.json,,,"{""status"":""COMPLETE"",""wall_s"":50.30054274201393}",docs/go2_frozen_motion_readout_2026-09-17.md,,,,,
go2_frozen_readout_navigation_01_command_history_noise_2mm_native_layout01_4800_v1_attempt_001,PACED_NATIVE_PREFIX_COMPLETE,MISSION_TICK_BUDGET_EXHAUSTED,False,/mnt/steam_drive/LeWMQuad-v3/navigation_development_artifacts_v1/go2_frozen_readout_navigation_01_command_history_noise_2mm_native_layout01_4800_v1_attempt_001/result.json,,,"{""status"":""PACED_NATIVE_PREFIX_COMPLETE"",""mission_terminal"":""MISSION_TICK_BUDGET_EXHAUSTED"",""navigation_success_claimed"":false,""simulation_s"":480.9,""wall_s"":621.285254432,""camera_frames"":4805,""disallowed_contact"":false,""observed_arrivals"":""[]""}",docs/go2_development_artifact_retention_2026-09-14.md,/mnt/steam_drive/LeWMQuad-v3/navigation_development_artifacts_v1/go2_frozen_readout_navigation_01_command_history_noise_2mm_native_layout01_4800_v1_attempt_001/continuous_native_arrival_evaluation.json,0,0,False,0
go2_frozen_readout_navigation_03_supervised_rollout_noise_2mm_native_layout01_4800_v1_attempt_001,PACED_NATIVE_PREFIX_COMPLETE,MISSION_TICK_BUDGET_EXHAUSTED,False,/mnt/steam_drive/LeWMQuad-v3/navigation_development_artifacts_v1/go2_frozen_readout_navigation_03_supervised_rollout_noise_2mm_native_layout01_4800_v1_attempt_001/result.json,,,"{""status"":""PACED_NATIVE_PREFIX_COMPLETE"",""mission_terminal"":""MISSION_TICK_BUDGET_EXHAUSTED"",""navigation_success_claimed"":false,""simulation_s"":480.84,""wall_s"":641.597151768,""camera_frames"":4805,""disallowed_contact"":false,""observed_arrivals"":""[]""}",docs/go2_development_artifact_retention_2026-09-14.md,/mnt/steam_drive/LeWMQuad-v3/navigation_development_artifacts_v1/go2_frozen_readout_navigation_03_supervised_rollout_noise_2mm_native_layout01_4800_v1_attempt_001/continuous_native_arrival_evaluation.json,0,0,False,0
go2_frozen_readout_navigation_04_untrained_noise_2mm_native_layout01_4800_v1_attempt_001,PACED_NATIVE_PREFIX_COMPLETE,MISSION_TICK_BUDGET_EXHAUSTED,False,/mnt/steam_drive/LeWMQuad-v3/navigation_development_artifacts_v1/go2_frozen_readout_navigation_04_untrained_noise_2mm_native_layout01_4800_v1_attempt_001/result.json,,,"{""status"":""PACED_NATIVE_PREFIX_COMPLETE"",""mission_terminal"":""MISSION_TICK_BUDGET_EXHAUSTED"",""navigation_success_claimed"":false,""simulation_s"":480.92,""wall_s"":623.977502767,""camera_frames"":4805,""disallowed_contact"":false,""observed_arrivals"":""[]""}",docs/go2_development_artifact_retention_2026-09-14.md,/mnt/steam_drive/LeWMQuad-v3/navigation_development_artifacts_v1/go2_frozen_readout_navigation_04_untrained_noise_2mm_native_layout01_4800_v1_attempt_001/continuous_native_arrival_evaluation.json,0,0,False,0
go2_frozen_vjepa_native_adaptation_v1_attempt_001,COMPLETE,,,/mnt/steam_drive/LeWMQuad-v3/navigation_development_artifacts_v1/go2_frozen_vjepa_native_adaptation_v1_attempt_001/result.json,,,"{""status"":""COMPLETE"",""wall_s"":3830.0908369650133}",docs/go2_dense_distant_visual_goals_2026-09-17.md;docs/go2_frozen_vjepa_native_adaptation_2026-09-17.md,,,,,
go2_frozen_vjepa_native_branches_v1_attempt_003,COMPLETE,,,/mnt/steam_drive/LeWMQuad-v3/navigation_development_artifacts_v1/go2_frozen_vjepa_native_branches_v1_attempt_003/result.json,,,"{""status"":""COMPLETE"",""wall_s"":24.628312936984003}",docs/go2_frozen_vjepa_native_branches_2026-09-17.md,,,,,
go2_full_consensus_recorded_tracker_v1_attempt_001,FULL_CONSENSUS_RECORDED_TRACKER_COMPLETE,,,/home/andrewknowles/RecoveryStorage/LeWMQuad-v3/.generated/navigation_development_artifacts_v1/go2_full_consensus_recorded_tracker_v1_attempt_001/result.json,,,"{""status"":""FULL_CONSENSUS_RECORDED_TRACKER_COMPLETE"",""wall_s"":617.0708907439839}",docs/go2_full_consensus_tracker_2026-09-13.md,,,,,
go2_full_heading_readout_v1_attempt_001,COMPLETE,,,/home/andrewknowles/Workspace/LeWMQuad-v3/.generated/navigation_development_artifacts_v1/go2_full_heading_readout_v1_attempt_001/result.json,,,"{""status"":""COMPLETE"",""wall_s"":1371.9427625401877}",docs/go2_full_heading_readout_experiment_2026-09-18.md,,,,,
go2_full_heading_training_v1_attempt_001,COMPLETE,,,/home/andrewknowles/Workspace/LeWMQuad-v3/.generated/navigation_development_artifacts_v1/go2_full_heading_training_v1_attempt_001/result.json,,,"{""status"":""COMPLETE""}",docs/go2_full_heading_readout_experiment_2026-09-18.md,,,,,
go2_gapped_camera_5hz_journey_v1_attempt_001,FAILURE_RECORD_ONLY,,,,/home/andrewknowles/RecoveryStorage/LeWMQuad-v3/.generated/navigation_development_artifacts_v1/go2_gapped_camera_5hz_journey_v1_attempt_001/failure.json,SensorContractError('dual-camera RGBD pose unavailable; terminal failure'),{},docs/go2_gapped_tracking_association_diagnosis_2026-09-13.md,,,,,
go2_gapped_camera_plane_tracker_jepa_journey_v1_attempt_001,FAILURE_RECORD_ONLY,,,,/home/andrewknowles/RecoveryStorage/LeWMQuad-v3/.generated/navigation_development_artifacts_v1/go2_gapped_camera_plane_tracker_jepa_journey_v1_attempt_001/failure.json,SensorContractError('dual-camera RGBD pose unavailable; terminal failure'),{},docs/go2_gapped_camera_long_interval_failure_2026-09-13.md,,,,,
go2_gapped_camera_plane_tracker_prefix_v1_attempt_001,GAPPED_CAMERA_RECORDED_PREFIX_COMPLETE,,,/home/andrewknowles/RecoveryStorage/LeWMQuad-v3/.generated/navigation_development_artifacts_v1/go2_gapped_camera_plane_tracker_prefix_v1_attempt_001/result.json,,,"{""status"":""GAPPED_CAMERA_RECORDED_PREFIX_COMPLETE"",""wall_s"":15.184553886996582}",docs/go2_gapped_camera_plane_tracker_prefix_2026-09-13.md,,,,,
go2_gapped_camera_short_gap_failure_diagnostic_v1_attempt_001,FAILURE_RECORD_ONLY,,,,/home/andrewknowles/RecoveryStorage/LeWMQuad-v3/.generated/navigation_development_artifacts_v1/go2_gapped_camera_short_gap_failure_diagnostic_v1_attempt_001/failure.json,SensorContractError('dual-camera RGBD pose unavailable; terminal failure'),{},docs/go2_gapped_camera_short_interval_failure_2026-09-13.md,,,,,
go2_gapped_camera_short_gap_journey_v1_attempt_001,FAILURE_RECORD_ONLY,,,,/home/andrewknowles/RecoveryStorage/LeWMQuad-v3/.generated/navigation_development_artifacts_v1/go2_gapped_camera_short_gap_journey_v1_attempt_001/failure.json,SensorContractError('dual-camera RGBD pose unavailable; terminal failure'),{},docs/go2_gapped_camera_short_interval_failure_2026-09-13.md,,,,,
go2_gapped_chained_flow_journey_v1_attempt_001,FAILURE_RECORD_ONLY,,,,/home/andrewknowles/RecoveryStorage/LeWMQuad-v3/.generated/navigation_development_artifacts_v1/go2_gapped_chained_flow_journey_v1_attempt_001/failure.json,SensorContractError('dual-camera RGBD pose unavailable; terminal failure'),{},docs/go2_gapped_tracking_association_diagnosis_2026-09-13.md,,,,,
go2_gapped_direct_flow_journey_v1_attempt_001,FAILURE_RECORD_ONLY,,,,/home/andrewknowles/RecoveryStorage/LeWMQuad-v3/.generated/navigation_development_artifacts_v1/go2_gapped_direct_flow_journey_v1_attempt_001/failure.json,SensorContractError('dual-camera RGBD pose unavailable; terminal failure'),{},docs/go2_gapped_camera_short_interval_failure_2026-09-13.md,,,,,
go2_geometry_progress_available_evidence_v1_attempt_001,GEOMETRY_PROGRESS_AVAILABLE_EVIDENCE_READOUT_COMPLETE,,,/home/andrewknowles/RecoveryStorage/LeWMQuad-v3/.generated/navigation_development_artifacts_v1/go2_geometry_progress_available_evidence_v1_attempt_001/result.json,,,"{""status"":""GEOMETRY_PROGRESS_AVAILABLE_EVIDENCE_READOUT_COMPLETE""}",docs/go2_geometry_progress_available_evidence_v1_2026-09-07.md;docs/go2_geometry_progress_pilot_result_2026-09-07.md,,,,,
go2_geometry_progress_command_readout_v1_attempt_001,FAILURE_RECORD_ONLY,,,,/home/andrewknowles/RecoveryStorage/LeWMQuad-v3/.generated/navigation_development_artifacts_v1/go2_geometry_progress_command_readout_v1_attempt_001/failure.json,ValueError('sufficient finite interior depth rays'),{},docs/go2_geometry_progress_command_readout_v1_2026-09-07.md;docs/go2_geometry_progress_pilot_result_2026-09-07.md,,,,,
go2_geometry_progress_family_causal_v1_attempt_001,GEOMETRY_PROGRESS_FAMILY_CAUSAL_READOUT_COMPLETE,,,/home/andrewknowles/RecoveryStorage/LeWMQuad-v3/.generated/navigation_development_artifacts_v1/go2_geometry_progress_family_causal_v1_attempt_001/result.json,,,"{""status"":""GEOMETRY_PROGRESS_FAMILY_CAUSAL_READOUT_COMPLETE""}",docs/go2_family_transition_bootstrap_inputs_result_2026-09-08.md;docs/go2_geometry_progress_family_causal_v1_2026-09-08.md;docs/go2_geometry_progress_family_result_2026-09-08.md,,,,,
go2_geometry_progress_family_scaling_parallel_v1_attempt_001,RESULT_RECORDED,,,/home/andrewknowles/RecoveryStorage/LeWMQuad-v3/.generated/navigation_development_artifacts_v1/go2_geometry_progress_family_scaling_parallel_v1_attempt_001/result.json,,,"{""wall_s"":50.60065227909945}",docs/go2_geometry_progress_family_scaling_result_2026-09-08.md,,,,,
go2_geometry_progress_family_scaling_serial_v1_attempt_001,RESULT_RECORDED,,,/home/andrewknowles/RecoveryStorage/LeWMQuad-v3/.generated/navigation_development_artifacts_v1/go2_geometry_progress_family_scaling_serial_v1_attempt_001/result.json,,,"{""wall_s"":169.1241107431706}",docs/go2_geometry_progress_family_scaling_result_2026-09-08.md,,,,,
go2_geometry_progress_family_scaling_v1_attempt_001,GEOMETRY_PROGRESS_FAMILY_SCALING_COMPLETE,,,/home/andrewknowles/RecoveryStorage/LeWMQuad-v3/.generated/navigation_development_artifacts_v1/go2_geometry_progress_family_scaling_v1_attempt_001/result.json,,,"{""status"":""GEOMETRY_PROGRESS_FAMILY_SCALING_COMPLETE""}",docs/go2_geometry_progress_family_scaling_result_2026-09-08.md;docs/go2_geometry_progress_family_scaling_v1_2026-09-08.md,,,,,
go2_geometry_progress_family_v1_attempt_001,GEOMETRY_PROGRESS_FAMILY_COLLECTION_AND_AUDIT_COMPLETE,,,/home/andrewknowles/RecoveryStorage/LeWMQuad-v3/.generated/navigation_development_artifacts_v1/go2_geometry_progress_family_v1_attempt_001/result.json,,,"{""status"":""GEOMETRY_PROGRESS_FAMILY_COLLECTION_AND_AUDIT_COMPLETE""}",docs/go2_family_transition_bootstrap_inputs_result_2026-09-08.md;docs/go2_geometry_progress_family_collection_v1_2026-09-08.md;docs/go2_geometry_progress_family_result_2026-09-08.md;docs/go2_training_artifact_duplicate_inventory_v1_2026-09-09.md,,,,,
go2_geometry_progress_height_union_science_v1_attempt_001,GEOMETRY_PROGRESS_HEIGHT_UNION_SCIENTIFIC_READOUT,,,/home/andrewknowles/RecoveryStorage/LeWMQuad-v3/.generated/navigation_development_artifacts_v1/go2_geometry_progress_height_union_science_v1_attempt_001/result.json,,,"{""status"":""GEOMETRY_PROGRESS_HEIGHT_UNION_SCIENTIFIC_READOUT""}",docs/go2_geometry_progress_height_union_result_2026-09-07.md,,,,,
go2_geometry_progress_height_union_v1_attempt_001,GEOMETRY_PROGRESS_HEIGHT_UNION_COLLECTION_TERMINAL,,,/home/andrewknowles/RecoveryStorage/LeWMQuad-v3/.generated/navigation_development_artifacts_v1/go2_geometry_progress_height_union_v1_attempt_001/result.json,,,"{""status"":""GEOMETRY_PROGRESS_HEIGHT_UNION_COLLECTION_TERMINAL""}",docs/go2_geometry_progress_height_union_result_2026-09-07.md;docs/go2_geometry_progress_height_union_v1_2026-09-07.md,,,,,
go2_geometry_progress_near_field_v1_attempt_001,FAILURE_RECORD_ONLY,,,,/home/andrewknowles/RecoveryStorage/LeWMQuad-v3/.generated/navigation_development_artifacts_v1/go2_geometry_progress_near_field_v1_attempt_001/failure.json,ValueError('one common wall base and top required'),{},docs/go2_geometry_progress_height_union_result_2026-09-07.md;docs/go2_geometry_progress_height_union_v1_2026-09-07.md;docs/go2_geometry_progress_near_field_v1_2026-09-07.md,,,,,
go2_geometry_progress_physical_visibility_v1_attempt_001,GEOMETRY_PROGRESS_PHYSICAL_VISIBILITY_READOUT_COMPLETE,,,/home/andrewknowles/RecoveryStorage/LeWMQuad-v3/.generated/navigation_development_artifacts_v1/go2_geometry_progress_physical_visibility_v1_attempt_001/result.json,,,"{""status"":""GEOMETRY_PROGRESS_PHYSICAL_VISIBILITY_READOUT_COMPLETE""}",docs/go2_geometry_progress_pilot_result_2026-09-07.md,,,,,
go2_geometry_progress_pilot_v1_attempt_001,GEOMETRY_PROGRESS_COLLECTION_TERMINAL,,,/home/andrewknowles/RecoveryStorage/LeWMQuad-v3/.generated/navigation_development_artifacts_v1/go2_geometry_progress_pilot_v1_attempt_001/result.json,,,"{""status"":""GEOMETRY_PROGRESS_COLLECTION_TERMINAL""}",docs/go2_geometry_progress_pilot_result_2026-09-07.md;docs/go2_geometry_progress_pilot_v1_2026-09-07.md,,,,,
go2_geometry_progress_science_v1_attempt_001,GEOMETRY_PROGRESS_PILOT_SCIENTIFIC_READOUT,,,/home/andrewknowles/RecoveryStorage/LeWMQuad-v3/.generated/navigation_development_artifacts_v1/go2_geometry_progress_science_v1_attempt_001/result.json,,,"{""status"":""GEOMETRY_PROGRESS_PILOT_SCIENTIFIC_READOUT""}",docs/go2_geometry_progress_pilot_result_2026-09-07.md,,,,,
go2_geometry_progress_variable_height_render_bench_v1_attempt_001,VARIABLE_HEIGHT_NATIVE_RENDER_BENCH_COMPLETE,,,/home/andrewknowles/RecoveryStorage/LeWMQuad-v3/.generated/navigation_development_artifacts_v1/go2_geometry_progress_variable_height_render_bench_v1_attempt_001/result.json,,,"{""status"":""VARIABLE_HEIGHT_NATIVE_RENDER_BENCH_COMPLETE""}",docs/go2_geometry_progress_height_union_result_2026-09-07.md;docs/go2_geometry_progress_height_union_v1_2026-09-07.md;docs/go2_geometry_progress_variable_height_render_bench_v1_2026-09-07.md,,,,,
go2_gyro_coherent_floor_jepa_noise_2mm_native_layout03_4800_v1_attempt_001,PACED_NATIVE_PREFIX_COMPLETE,OBSERVED_ROUND_TRIP_CANDIDATE,False,/home/andrewknowles/RecoveryStorage/LeWMQuad-v3/.generated/navigation_development_artifacts_v1/go2_gyro_coherent_floor_jepa_noise_2mm_native_layout03_4800_v1_attempt_001/result.json,,,"{""status"":""PACED_NATIVE_PREFIX_COMPLETE"",""mission_terminal"":""OBSERVED_ROUND_TRIP_CANDIDATE"",""navigation_success_claimed"":false,""simulation_s"":214.32,""wall_s"":214.819089552,""camera_frames"":2142,""disallowed_contact"":false,""observed_arrivals"":""[{\""phase\"":\""OUTBOUND\"",\""frame\"":1197,\""measured_ns\"":121200000000,\""target_initial_body_xy_m\"":[0.0,1.3],\""observed_position_initial_body_xy_m\"":[0.014886731019496913,1.2943575735358388],\""observed_distance_m\"":0.015920167613763327,\""quiet_intervals\"":10,\""native_verified\"":false},{\""phase\"":\""RETURN\"",\""frame\"":2140,\""measured_ns\"":215500000000,\""target_initial_body_xy_m\"":[0.0,0.0],\""observed_position_initial_body_xy_m\"":[0.014631672277990147,-0.0046454938068948475],\""observed_distance_m\"":0.015351431410796966,\""quiet_intervals\"":10,\""native_verified\"":false}]""}",docs/go2_development_artifact_retention_2026-09-14.md;docs/go2_gyro_coherent_floor_constraint_2026-09-15.md,/home/andrewknowles/RecoveryStorage/LeWMQuad-v3/.generated/navigation_development_artifacts_v1/go2_gyro_coherent_floor_jepa_noise_2mm_native_layout03_4800_v1_attempt_001/continuous_native_arrival_evaluation.json,1,1,True,0
go2_gyro_consensus_fine_goal_learned_round_trip_native_layout06_4800_v1_attempt_001,FAILURE_RECORD_ONLY,,,,/home/andrewknowles/RecoveryStorage/LeWMQuad-v3/.generated/navigation_development_artifacts_v1/go2_gyro_consensus_fine_goal_learned_round_trip_native_layout06_4800_v1_attempt_001/failure.json,Full(),{},docs/go2_gyro_pose_and_fine_goal_navigation_2026-09-14.md,/home/andrewknowles/RecoveryStorage/LeWMQuad-v3/.generated/navigation_development_artifacts_v1/go2_gyro_consensus_fine_goal_learned_round_trip_native_layout06_4800_v1_attempt_001/continuous_native_arrival_evaluation.json,1,0,False,0
go2_gyro_consensus_progress_rejoining_learned_round_trip_native_layout06_4800_v1_attempt_001,PACED_NATIVE_PREFIX_COMPLETE,MISSION_TICK_BUDGET_EXHAUSTED,False,/home/andrewknowles/RecoveryStorage/LeWMQuad-v3/.generated/navigation_development_artifacts_v1/go2_gyro_consensus_progress_rejoining_learned_round_trip_native_layout06_4800_v1_attempt_001/result.json,,,"{""status"":""PACED_NATIVE_PREFIX_COMPLETE"",""mission_terminal"":""MISSION_TICK_BUDGET_EXHAUSTED"",""navigation_success_claimed"":false,""simulation_s"":480.98,""wall_s"":481.846057111,""camera_frames"":4805,""disallowed_contact"":false,""observed_arrivals"":""[]""}",docs/go2_continuous_controller_comparison_2026-09-13.md;docs/go2_gyro_pose_and_fine_goal_navigation_2026-09-14.md,/home/andrewknowles/RecoveryStorage/LeWMQuad-v3/.generated/navigation_development_artifacts_v1/go2_gyro_consensus_progress_rejoining_learned_round_trip_native_layout06_4800_v1_attempt_001/continuous_native_arrival_evaluation.json,0,0,False,0
go2_gyro_initial_noise_four_layout_summary_v1_attempt_001,RESULT_RECORDED,,,/home/andrewknowles/RecoveryStorage/LeWMQuad-v3/.generated/navigation_development_artifacts_v1/go2_gyro_initial_noise_four_layout_summary_v1_attempt_001/result.json,,,{},docs/go2_gyro_initial_camera_consensus_2026-09-14.md,,,,,
go2_gyro_proposal_noise_four_layout_summary_v1_attempt_001,RESULT_RECORDED,,,/home/andrewknowles/RecoveryStorage/LeWMQuad-v3/.generated/navigation_development_artifacts_v1/go2_gyro_proposal_noise_four_layout_summary_v1_attempt_001/result.json,,,{},docs/go2_gyro_proposal_noise_replay_2026-09-14.md,,,,,
go2_gyro_seeded_correspondence_replay_v1_attempt_001,GYRO_SEEDED_PAIRED_DEVELOPMENT_REPLAY_COMPLETE,,,/home/andrewknowles/RecoveryStorage/LeWMQuad-v3/.generated/navigation_development_artifacts_v1/go2_gyro_seeded_correspondence_replay_v1_attempt_001/result.json,,,"{""status"":""GYRO_SEEDED_PAIRED_DEVELOPMENT_REPLAY_COMPLETE""}",docs/go2_gyro_seeded_correspondence_replay_v1_2026-09-07.md;docs/go2_gyro_seeded_correspondence_result_2026-09-07.md,,,,,
go2_heading_first_reactive_four_layout_summary_v1_attempt_001,RESULT_RECORDED,,,/home/andrewknowles/RecoveryStorage/LeWMQuad-v3/.generated/navigation_development_artifacts_v1/go2_heading_first_reactive_four_layout_summary_v1_attempt_001/result.json,,,{},docs/go2_heading_first_terminal_reactive_preparation_2026-09-14.md,,,,,
go2_heading_recovery_fixed_repeatability_summary_v1_attempt_001,RESULT_RECORDED,,,/home/andrewknowles/RecoveryStorage/LeWMQuad-v3/.generated/navigation_development_artifacts_v1/go2_heading_recovery_fixed_repeatability_summary_v1_attempt_001/result.json,,,{},docs/go2_heading_recovery_fixed_repeatability_2026-09-14.md,,,,,
go2_heading_recovery_repeatability_rep1_layout00_4800_v1_attempt_001,PACED_NATIVE_PREFIX_COMPLETE,OBSERVED_ROUND_TRIP_CANDIDATE,False,/home/andrewknowles/RecoveryStorage/LeWMQuad-v3/.generated/navigation_development_artifacts_v1/go2_heading_recovery_repeatability_rep1_layout00_4800_v1_attempt_001/result.json,,,"{""status"":""PACED_NATIVE_PREFIX_COMPLETE"",""mission_terminal"":""OBSERVED_ROUND_TRIP_CANDIDATE"",""navigation_success_claimed"":false,""simulation_s"":389.24,""wall_s"":390.129803775,""camera_frames"":3890,""disallowed_contact"":false,""observed_arrivals"":""[{\""phase\"":\""OUTBOUND\"",\""frame\"":2821,\""measured_ns\"":283600000000,\""target_initial_body_xy_m\"":[0.0,-1.3],\""observed_position_initial_body_xy_m\"":[0.006507521096102244,-1.3169911641969698],\""observed_distance_m\"":0.018194710538631916,\""quiet_intervals\"":10,\""native_verified\"":false},{\""phase\"":\""RETURN\"",\""frame\"":3888,\""measured_ns\"":390300000000,\""target_initial_body_xy_m\"":[0.0,0.0],\""observed_position_initial_body_xy_m\"":[0.015401367205088915,-0.01110237388065103],\""observed_distance_m\"":0.01898591102822697,\""quiet_intervals\"":10,\""native_verified\"":false}]""}",docs/go2_development_artifact_retention_2026-09-14.md,/home/andrewknowles/RecoveryStorage/LeWMQuad-v3/.generated/navigation_development_artifacts_v1/go2_heading_recovery_repeatability_rep1_layout00_4800_v1_attempt_001/continuous_native_arrival_evaluation.json,1,1,True,0
go2_heading_recovery_repeatability_rep1_layout01_4800_v1_attempt_001,PACED_NATIVE_PREFIX_COMPLETE,OBSERVED_ROUND_TRIP_CANDIDATE,False,/home/andrewknowles/RecoveryStorage/LeWMQuad-v3/.generated/navigation_development_artifacts_v1/go2_heading_recovery_repeatability_rep1_layout01_4800_v1_attempt_001/result.json,,,"{""status"":""PACED_NATIVE_PREFIX_COMPLETE"",""mission_terminal"":""OBSERVED_ROUND_TRIP_CANDIDATE"",""navigation_success_claimed"":false,""simulation_s"":421.38,""wall_s"":422.57407665,""camera_frames"":4209,""disallowed_contact"":false,""observed_arrivals"":""[{\""phase\"":\""OUTBOUND\"",\""frame\"":2725,\""measured_ns\"":274000000000,\""target_initial_body_xy_m\"":[0.0,1.3],\""observed_position_initial_body_xy_m\"":[0.0007940099405885227,1.2859854526609198],\""observed_distance_m\"":0.01403702208109237,\""quiet_intervals\"":10,\""native_verified\"":false},{\""phase\"":\""RETURN\"",\""frame\"":4207,\""measured_ns\"":422200000000,\""target_initial_body_xy_m\"":[0.0,0.0],\""observed_position_initial_body_xy_m\"":[0.005936238848673664,0.00304170306344094],\""observed_distance_m\"":0.006670149113374335,\""quiet_intervals\"":10,\""native_verified\"":false}]""}",docs/go2_development_artifact_retention_2026-09-14.md,/home/andrewknowles/RecoveryStorage/LeWMQuad-v3/.generated/navigation_development_artifacts_v1/go2_heading_recovery_repeatability_rep1_layout01_4800_v1_attempt_001/continuous_native_arrival_evaluation.json,1,1,True,0
go2_heading_recovery_repeatability_rep2_layout01_4800_v1_attempt_001,PACED_NATIVE_PREFIX_COMPLETE,OBSERVED_ROUND_TRIP_CANDIDATE,False,/home/andrewknowles/RecoveryStorage/LeWMQuad-v3/.generated/navigation_development_artifacts_v1/go2_heading_recovery_repeatability_rep2_layout01_4800_v1_attempt_001/result.json,,,"{""status"":""PACED_NATIVE_PREFIX_COMPLETE"",""mission_terminal"":""OBSERVED_ROUND_TRIP_CANDIDATE"",""navigation_success_claimed"":false,""simulation_s"":448.16,""wall_s"":449.589933,""camera_frames"":4479,""disallowed_contact"":false,""observed_arrivals"":""[{\""phase\"":\""OUTBOUND\"",\""frame\"":2932,\""measured_ns\"":294700000000,\""target_initial_body_xy_m\"":[0.0,1.3],\""observed_position_initial_body_xy_m\"":[-0.011678098172777485,1.3100028854592345],\""observed_distance_m\"":0.01537646560310895,\""quiet_intervals\"":10,\""native_verified\"":false},{\""phase\"":\""RETURN\"",\""frame\"":4476,\""measured_ns\"":449100000000,\""target_initial_body_xy_m\"":[0.0,0.0],\""observed_position_initial_body_xy_m\"":[0.014441519838403962,-0.001068499496769668],\""observed_distance_m\"":0.014480993972017676,\""quiet_intervals\"":10,\""native_verified\"":false}]""}",docs/go2_development_artifact_retention_2026-09-14.md,/home/andrewknowles/RecoveryStorage/LeWMQuad-v3/.generated/navigation_development_artifacts_v1/go2_heading_recovery_repeatability_rep2_layout01_4800_v1_attempt_001/continuous_native_arrival_evaluation.json,1,1,True,0
go2_heading_release_fresh_learned_round_trip_native_layout00_4800_v1_attempt_001,PACED_NATIVE_PREFIX_COMPLETE,MISSION_TICK_BUDGET_EXHAUSTED,False,/home/andrewknowles/RecoveryStorage/LeWMQuad-v3/.generated/navigation_development_artifacts_v1/go2_heading_release_fresh_learned_round_trip_native_layout00_4800_v1_attempt_001/result.json,,,"{""status"":""PACED_NATIVE_PREFIX_COMPLETE"",""mission_terminal"":""MISSION_TICK_BUDGET_EXHAUSTED"",""navigation_success_claimed"":false,""simulation_s"":481.04,""wall_s"":481.897076133,""camera_frames"":4805,""disallowed_contact"":false,""observed_arrivals"":""[{\""phase\"":\""OUTBOUND\"",\""frame\"":3712,\""measured_ns\"":372700000000,\""target_initial_body_xy_m\"":[0.0,-1.3],\""observed_position_initial_body_xy_m\"":[0.01223842125022746,-1.3083807408261243],\""observed_distance_m\"":0.014832928621573196,\""quiet_intervals\"":10,\""native_verified\"":false}]""}",docs/go2_fresh_fixed_controller_transfer_2026-09-14.md;docs/go2_full_reserve_heading_release_hypothesis_2026-09-14.md,/home/andrewknowles/RecoveryStorage/LeWMQuad-v3/.generated/navigation_development_artifacts_v1/go2_heading_release_fresh_learned_round_trip_native_layout00_4800_v1_attempt_001/continuous_native_arrival_evaluation.json,1,0,False,0
go2_heading_release_fresh_learned_round_trip_native_layout01_4800_v1_attempt_001,PACED_NATIVE_PREFIX_COMPLETE,OBSERVED_ROUND_TRIP_CANDIDATE,False,/home/andrewknowles/RecoveryStorage/LeWMQuad-v3/.generated/navigation_development_artifacts_v1/go2_heading_release_fresh_learned_round_trip_native_layout01_4800_v1_attempt_001/result.json,,,"{""status"":""PACED_NATIVE_PREFIX_COMPLETE"",""mission_terminal"":""OBSERVED_ROUND_TRIP_CANDIDATE"",""navigation_success_claimed"":false,""simulation_s"":480.58,""wall_s"":481.465061508,""camera_frames"":4801,""disallowed_contact"":false,""observed_arrivals"":""[{\""phase\"":\""OUTBOUND\"",\""frame\"":3400,\""measured_ns\"":341500000000,\""target_initial_body_xy_m\"":[0.0,1.3],\""observed_position_initial_body_xy_m\"":[0.003688333689881949,1.2984002367973138],\""observed_distance_m\"":0.004020329303998279,\""quiet_intervals\"":10,\""native_verified\"":false},{\""phase\"":\""RETURN\"",\""frame\"":4799,\""measured_ns\"":481400000000,\""target_initial_body_xy_m\"":[0.0,0.0],\""observed_position_initial_body_xy_m\"":[0.0047081569171927625,0.002610838864190282],\""observed_distance_m\"":0.0053836067029154775,\""quiet_intervals\"":10,\""native_verified\"":false}]""}",docs/go2_development_artifact_retention_2026-09-14.md;docs/go2_full_reserve_heading_release_hypothesis_2026-09-14.md,/home/andrewknowles/RecoveryStorage/LeWMQuad-v3/.generated/navigation_development_artifacts_v1/go2_heading_release_fresh_learned_round_trip_native_layout01_4800_v1_attempt_001/continuous_native_arrival_evaluation.json,1,1,True,0
go2_heading_release_fresh_learned_round_trip_native_layout02_4800_v1_attempt_001,PACED_NATIVE_PREFIX_COMPLETE,OBSERVED_ROUND_TRIP_CANDIDATE,False,/home/andrewknowles/RecoveryStorage/LeWMQuad-v3/.generated/navigation_development_artifacts_v1/go2_heading_release_fresh_learned_round_trip_native_layout02_4800_v1_attempt_001/result.json,,,"{""status"":""PACED_NATIVE_PREFIX_COMPLETE"",""mission_terminal"":""OBSERVED_ROUND_TRIP_CANDIDATE"",""navigation_success_claimed"":false,""simulation_s"":251.0,""wall_s"":251.316831358,""camera_frames"":2505,""disallowed_contact"":false,""observed_arrivals"":""[{\""phase\"":\""OUTBOUND\"",\""frame\"":1664,\""measured_ns\"":167900000000,\""target_initial_body_xy_m\"":[3.9000000000000004,1.3],\""observed_position_initial_body_xy_m\"":[3.8895862011949123,1.3129798576920932],\""observed_distance_m\"":0.016641030955437976,\""quiet_intervals\"":10,\""native_verified\"":false},{\""phase\"":\""RETURN\"",\""frame\"":2503,\""measured_ns\"":251800000000,\""target_initial_body_xy_m\"":[0.0,0.0],\""observed_position_initial_body_xy_m\"":[-0.012460494059110903,-0.00914644896051886],\""observed_distance_m\"":0.015457083838309044,\""quiet_intervals\"":10,\""native_verified\"":false}]""}",docs/go2_development_artifact_retention_2026-09-14.md;docs/go2_full_reserve_heading_release_hypothesis_2026-09-14.md,/home/andrewknowles/RecoveryStorage/LeWMQuad-v3/.generated/navigation_development_artifacts_v1/go2_heading_release_fresh_learned_round_trip_native_layout02_4800_v1_attempt_001/continuous_native_arrival_evaluation.json,1,1,True,0
go2_heading_release_fresh_learned_round_trip_native_layout03_4800_v1_attempt_001,PACED_NATIVE_PREFIX_COMPLETE,OBSERVED_ROUND_TRIP_CANDIDATE,False,/home/andrewknowles/RecoveryStorage/LeWMQuad-v3/.generated/navigation_development_artifacts_v1/go2_heading_release_fresh_learned_round_trip_native_layout03_4800_v1_attempt_001/result.json,,,"{""status"":""PACED_NATIVE_PREFIX_COMPLETE"",""mission_terminal"":""OBSERVED_ROUND_TRIP_CANDIDATE"",""navigation_success_claimed"":false,""simulation_s"":473.28,""wall_s"":474.320174358,""camera_frames"":4730,""disallowed_contact"":false,""observed_arrivals"":""[{\""phase\"":\""OUTBOUND\"",\""frame\"":3540,\""measured_ns\"":355500000000,\""target_initial_body_xy_m\"":[0.0,1.3],\""observed_position_initial_body_xy_m\"":[0.006575814767396059,1.311346815055995],\""observed_distance_m\"":0.013114554958901915,\""quiet_intervals\"":10,\""native_verified\"":false},{\""phase\"":\""RETURN\"",\""frame\"":4728,\""measured_ns\"":474300000000,\""target_initial_body_xy_m\"":[0.0,0.0],\""observed_position_initial_body_xy_m\"":[0.015951666627055244,0.0030097145751126347],\""observed_distance_m\"":0.016233115843988594,\""quiet_intervals\"":10,\""native_verified\"":false}]""}",docs/go2_development_artifact_retention_2026-09-14.md;docs/go2_full_reserve_heading_release_hypothesis_2026-09-14.md,/home/andrewknowles/RecoveryStorage/LeWMQuad-v3/.generated/navigation_development_artifacts_v1/go2_heading_release_fresh_learned_round_trip_native_layout03_4800_v1_attempt_001/continuous_native_arrival_evaluation.json,1,1,True,0
go2_heading_release_matched_cohort_layout00_03_v1_attempt_001,RESULT_RECORDED,,,/home/andrewknowles/RecoveryStorage/LeWMQuad-v3/.generated/navigation_development_artifacts_v1/go2_heading_release_matched_cohort_layout00_03_v1_attempt_001/result.json,,,{},docs/go2_full_reserve_heading_release_hypothesis_2026-09-14.md,,,,,
go2_heading_release_matched_comparison_layout00_v1_attempt_001,RESULT_RECORDED,,,/home/andrewknowles/RecoveryStorage/LeWMQuad-v3/.generated/navigation_development_artifacts_v1/go2_heading_release_matched_comparison_layout00_v1_attempt_001/result.json,,,{},docs/go2_full_reserve_heading_release_hypothesis_2026-09-14.md,,,,,
go2_heading_release_matched_comparison_layout01_v1_attempt_001,RESULT_RECORDED,,,/home/andrewknowles/RecoveryStorage/LeWMQuad-v3/.generated/navigation_development_artifacts_v1/go2_heading_release_matched_comparison_layout01_v1_attempt_001/result.json,,,{},docs/go2_full_reserve_heading_release_hypothesis_2026-09-14.md,,,,,
go2_heading_release_matched_comparison_layout02_v1_attempt_001,RESULT_RECORDED,,,/home/andrewknowles/RecoveryStorage/LeWMQuad-v3/.generated/navigation_development_artifacts_v1/go2_heading_release_matched_comparison_layout02_v1_attempt_001/result.json,,,{},docs/go2_full_reserve_heading_release_hypothesis_2026-09-14.md,,,,,
go2_hold_relative_heading_recovery_comparison_layout00_v1_attempt_001,RESULT_RECORDED,,,/home/andrewknowles/RecoveryStorage/LeWMQuad-v3/.generated/navigation_development_artifacts_v1/go2_hold_relative_heading_recovery_comparison_layout00_v1_attempt_001/result.json,,,{},docs/go2_hold_relative_heading_recovery_hypothesis_2026-09-14.md,,,,,
go2_hold_relative_heading_recovery_comparison_layout01_v1_attempt_001,RESULT_RECORDED,,,/home/andrewknowles/RecoveryStorage/LeWMQuad-v3/.generated/navigation_development_artifacts_v1/go2_hold_relative_heading_recovery_comparison_layout01_v1_attempt_001/result.json,,,{},docs/go2_hold_relative_heading_recovery_hypothesis_2026-09-14.md,,,,,
go2_hold_relative_heading_recovery_native_layout00_4800_v1_attempt_001,PACED_NATIVE_PREFIX_COMPLETE,OBSERVED_ROUND_TRIP_CANDIDATE,False,/home/andrewknowles/RecoveryStorage/LeWMQuad-v3/.generated/navigation_development_artifacts_v1/go2_hold_relative_heading_recovery_native_layout00_4800_v1_attempt_001/result.json,,,"{""status"":""PACED_NATIVE_PREFIX_COMPLETE"",""mission_terminal"":""OBSERVED_ROUND_TRIP_CANDIDATE"",""navigation_success_claimed"":false,""simulation_s"":395.28,""wall_s"":396.205410413,""camera_frames"":3951,""disallowed_contact"":false,""observed_arrivals"":""[{\""phase\"":\""OUTBOUND\"",\""frame\"":2789,\""measured_ns\"":280400000000,\""target_initial_body_xy_m\"":[0.0,-1.3],\""observed_position_initial_body_xy_m\"":[-0.005217843635636742,-1.2920824441904943],\""observed_distance_m\"":0.009482277268810083,\""quiet_intervals\"":10,\""native_verified\"":false},{\""phase\"":\""RETURN\"",\""frame\"":3949,\""measured_ns\"":396400000000,\""target_initial_body_xy_m\"":[0.0,0.0],\""observed_position_initial_body_xy_m\"":[0.004396836833934717,0.01573543055980952],\""observed_distance_m\"":0.016338174593473788,\""quiet_intervals\"":10,\""native_verified\"":false}]""}",docs/go2_development_artifact_retention_2026-09-14.md,/home/andrewknowles/RecoveryStorage/LeWMQuad-v3/.generated/navigation_development_artifacts_v1/go2_hold_relative_heading_recovery_native_layout00_4800_v1_attempt_001/continuous_native_arrival_evaluation.json,1,1,True,0
go2_hold_relative_heading_recovery_native_layout01_4800_v1_attempt_001,PACED_NATIVE_PREFIX_COMPLETE,OBSERVED_ROUND_TRIP_CANDIDATE,False,/home/andrewknowles/RecoveryStorage/LeWMQuad-v3/.generated/navigation_development_artifacts_v1/go2_hold_relative_heading_recovery_native_layout01_4800_v1_attempt_001/result.json,,,"{""status"":""PACED_NATIVE_PREFIX_COMPLETE"",""mission_terminal"":""OBSERVED_ROUND_TRIP_CANDIDATE"",""navigation_success_claimed"":false,""simulation_s"":459.4,""wall_s"":460.469743896,""camera_frames"":4591,""disallowed_contact"":false,""observed_arrivals"":""[{\""phase\"":\""OUTBOUND\"",\""frame\"":3016,\""measured_ns\"":303100000000,\""target_initial_body_xy_m\"":[0.0,1.3],\""observed_position_initial_body_xy_m\"":[-0.011448279465576602,1.3036672540803798],\""observed_distance_m\"":0.012021308381869442,\""quiet_intervals\"":10,\""native_verified\"":false},{\""phase\"":\""RETURN\"",\""frame\"":4588,\""measured_ns\"":460300000000,\""target_initial_body_xy_m\"":[0.0,0.0],\""observed_position_initial_body_xy_m\"":[0.013001978472445306,0.004490226201909985],\""observed_distance_m\"":0.013755492559056188,\""quiet_intervals\"":10,\""native_verified\"":false}]""}",docs/go2_development_artifact_retention_2026-09-14.md,/home/andrewknowles/RecoveryStorage/LeWMQuad-v3/.generated/navigation_development_artifacts_v1/go2_hold_relative_heading_recovery_native_layout01_4800_v1_attempt_001/continuous_native_arrival_evaluation.json,1,1,True,0
go2_hold_relative_recovery_pulse_round_trip_native_layout06_4800_v1_attempt_001,PACED_NATIVE_PREFIX_COMPLETE,OBSERVED_ROUND_TRIP_CANDIDATE,False,/home/andrewknowles/Workspace/LeWMQuad-v3/.generated/navigation_development_artifacts_v1/go2_hold_relative_recovery_pulse_round_trip_native_layout06_4800_v1_attempt_001/result.json,,,"{""status"":""PACED_NATIVE_PREFIX_COMPLETE"",""mission_terminal"":""OBSERVED_ROUND_TRIP_CANDIDATE"",""navigation_success_claimed"":false,""simulation_s"":406.44,""wall_s"":407.299703122,""camera_frames"":4062,""disallowed_contact"":false,""observed_arrivals"":""[{\""phase\"":\""OUTBOUND\"",\""frame\"":1552,\""measured_ns\"":156700000000,\""target_initial_body_xy_m\"":[0.0,1.3],\""observed_position_initial_body_xy_m\"":[-0.00529925325010466,1.2985580920420723],\""observed_distance_m\"":0.005491919843541073,\""quiet_intervals\"":10,\""native_verified\"":false},{\""phase\"":\""RETURN\"",\""frame\"":4060,\""measured_ns\"":407500000000,\""target_initial_body_xy_m\"":[0.0,0.0],\""observed_position_initial_body_xy_m\"":[0.004520872755754989,0.008859664250021016],\""observed_distance_m\"":0.009946453694499771,\""quiet_intervals\"":10,\""native_verified\"":false}]""}",docs/go2_development_artifact_retention_2026-09-14.md;docs/go2_raw_depth_archive_and_full_pulse_trial_2026-09-14.md,/home/andrewknowles/Workspace/LeWMQuad-v3/.generated/navigation_development_artifacts_v1/go2_hold_relative_recovery_pulse_round_trip_native_layout06_4800_v1_attempt_001/continuous_native_arrival_evaluation.json,1,1,True,0
go2_hold_reorientation_maze02_native_wait_v1_attempt_001,HOLD_REORIENTATION_MAZE02_NATIVE_WAIT_V1_COMPLETE,,,/home/andrewknowles/RecoveryStorage/LeWMQuad-v3/.generated/navigation_development_artifacts_v1/go2_hold_reorientation_maze02_native_wait_v1_attempt_001/result.json,,,"{""status"":""HOLD_REORIENTATION_MAZE02_NATIVE_WAIT_V1_COMPLETE""}",docs/go2_hold_reorientation_maze02_native_wait_v1_2026-09-10.md;docs/go2_hold_reorientation_native_execution_2026-09-10.md,,,,,
go2_hold_reorientation_maze02_pilot_v1_attempt_001,HOLD_REORIENTATION_MAZE02_PILOT_V1_COMPLETE,,,/home/andrewknowles/RecoveryStorage/LeWMQuad-v3/.generated/navigation_development_artifacts_v1/go2_hold_reorientation_maze02_pilot_v1_attempt_001/result.json,,,"{""status"":""HOLD_REORIENTATION_MAZE02_PILOT_V1_COMPLETE"",""wall_s"":10337.499901013914}",docs/go2_hold_reorientation_maze02_pilot_v1_2026-09-10.md;docs/go2_hold_reorientation_native_execution_2026-09-10.md,,,,,
go2_hold_reorientation_maze02_prefix_v1_attempt_001,HOLD_REORIENTATION_MAZE02_RAW_PREFIX_V1_COMPLETE,,,/home/andrewknowles/RecoveryStorage/LeWMQuad-v3/.generated/navigation_development_artifacts_v1/go2_hold_reorientation_maze02_prefix_v1_attempt_001/result.json,,,"{""status"":""HOLD_REORIENTATION_MAZE02_RAW_PREFIX_V1_COMPLETE"",""wall_s"":4186.991964348126}",docs/go2_adapter_controller_profile_execution_2026-09-10.md;docs/go2_hold_reorientation_maze02_prefix_v1_2026-09-10.md;docs/go2_hold_reorientation_native_execution_2026-09-10.md;docs/go2_hold_reorientation_raw_prefix_execution_2026-09-10.md,,,,,
go2_hold_reorientation_raw_prefix_wait_v1_attempt_001,HOLD_REORIENTATION_RAW_PREFIX_WAIT_V1_COMPLETE,,,/home/andrewknowles/RecoveryStorage/LeWMQuad-v3/.generated/navigation_development_artifacts_v1/go2_hold_reorientation_raw_prefix_wait_v1_attempt_001/result.json,,,"{""status"":""HOLD_REORIENTATION_RAW_PREFIX_WAIT_V1_COMPLETE""}",docs/go2_hold_reorientation_raw_prefix_execution_2026-09-10.md;docs/go2_hold_reorientation_raw_prefix_wait_v1_2026-09-10.md,,,,,
go2_hold_reorientation_saved_prefix_v1_attempt_001,HOLD_REORIENTATION_SAVED_PREFIX_V1_COMPLETE,,,/home/andrewknowles/RecoveryStorage/LeWMQuad-v3/.generated/navigation_development_artifacts_v1/go2_hold_reorientation_saved_prefix_v1_attempt_001/result.json,,,"{""status"":""HOLD_REORIENTATION_SAVED_PREFIX_V1_COMPLETE""}",docs/go2_hold_reorientation_saved_prefix_result_2026-09-10.md;docs/go2_hold_reorientation_saved_prefix_v1_2026-09-10.md,,,,,
go2_horizon_dense_predictor_v1_attempt_001,COMPLETE,,,/home/andrewknowles/Workspace/LeWMQuad-v3/.generated/navigation_development_artifacts_v1/go2_horizon_dense_predictor_v1_attempt_001/result.json,,,"{""status"":""COMPLETE"",""wall_s"":1863.6665911038872}",docs/go2_dense_world_model_maze_cohort_2026-09-18.md,,,,,
go2_in_memory_camera_native_prefix_layout00_v1_attempt_001,PACED_NATIVE_PREFIX_COMPLETE,,False,/home/andrewknowles/RecoveryStorage/LeWMQuad-v3/.generated/navigation_development_artifacts_v1/go2_in_memory_camera_native_prefix_layout00_v1_attempt_001/result.json,,,"{""status"":""PACED_NATIVE_PREFIX_COMPLETE"",""navigation_success_claimed"":false,""simulation_s"":6.1,""wall_s"":6.304324021,""camera_frames"":61,""disallowed_contact"":false}",docs/go2_in_memory_camera_and_measured_latency_2026-09-13.md,,,,,
go2_independent_adapter_factory_startup_v1_attempt_001,INDEPENDENT_ADAPTER_FACTORY_STARTUP_V1_COMPLETE,,,/home/andrewknowles/RecoveryStorage/LeWMQuad-v3/.generated/navigation_development_artifacts_v1/go2_independent_adapter_factory_startup_v1_attempt_001/result.json,,,"{""status"":""INDEPENDENT_ADAPTER_FACTORY_STARTUP_V1_COMPLETE"",""wall_s"":56.03944059694186}",docs/go2_independent_adapter_factory_startup_result_2026-09-10.md;docs/go2_independent_adapter_factory_startup_v1_2026-09-10.md;docs/go2_independent_round_trip_population_inputs_result_2026-09-10.md,,,,,
go2_independent_depth_60s_native_layout00_v1_attempt_001,PACED_NATIVE_PREFIX_COMPLETE,,False,/home/andrewknowles/RecoveryStorage/LeWMQuad-v3/.generated/navigation_development_artifacts_v1/go2_independent_depth_60s_native_layout00_v1_attempt_001/result.json,,,"{""status"":""PACED_NATIVE_PREFIX_COMPLETE"",""navigation_success_claimed"":false,""simulation_s"":60.7,""wall_s"":60.429560409,""camera_frames"":601,""disallowed_contact"":false}",docs/go2_development_artifact_retention_2026-09-14.md;docs/go2_independent_depth_reactive_perception_2026-09-13.md,,,,,
go2_independent_depth_native_prefix_layout00_v1_attempt_001,PACED_NATIVE_PREFIX_COMPLETE,,False,/home/andrewknowles/RecoveryStorage/LeWMQuad-v3/.generated/navigation_development_artifacts_v1/go2_independent_depth_native_prefix_layout00_v1_attempt_001/result.json,,,"{""status"":""PACED_NATIVE_PREFIX_COMPLETE"",""navigation_success_claimed"":false,""simulation_s"":7.5,""wall_s"":6.883951378,""camera_frames"":61,""disallowed_contact"":false}",docs/go2_independent_depth_reactive_perception_2026-09-13.md,,,,,
go2_independent_depth_process_native_prefix_layout00_v1_attempt_001,PACED_NATIVE_PREFIX_COMPLETE,,False,/home/andrewknowles/RecoveryStorage/LeWMQuad-v3/.generated/navigation_development_artifacts_v1/go2_independent_depth_process_native_prefix_layout00_v1_attempt_001/result.json,,,"{""status"":""PACED_NATIVE_PREFIX_COMPLETE"",""navigation_success_claimed"":false,""simulation_s"":6.8,""wall_s"":6.600806177,""camera_frames"":61,""disallowed_contact"":false}",docs/go2_independent_depth_reactive_perception_2026-09-13.md,,,,,
go2_independent_factory_cpu_monitor_startup_v1_attempt_001,INDEPENDENT_FACTORY_CPU_MONITOR_STARTUP_V1_COMPLETE,,,/home/andrewknowles/RecoveryStorage/LeWMQuad-v3/.generated/navigation_development_artifacts_v1/go2_independent_factory_cpu_monitor_startup_v1_attempt_001/result.json,,,"{""status"":""INDEPENDENT_FACTORY_CPU_MONITOR_STARTUP_V1_COMPLETE""}",docs/go2_independent_factory_cpu_monitor_startup_result_2026-09-11.md,,,,,
go2_independent_floor_transport_mazes_v1_attempt_001,INDEPENDENT_FLOOR_TRANSPORT_MAZES_V1_COMPLETE,,,/home/andrewknowles/RecoveryStorage/LeWMQuad-v3/.generated/navigation_development_artifacts_v1/go2_independent_floor_transport_mazes_v1_attempt_001/result.json,,,"{""status"":""INDEPENDENT_FLOOR_TRANSPORT_MAZES_V1_COMPLETE"",""wall_s"":3070.694777289871}",docs/go2_independent_floor_transport_mazes_result_2026-09-09.md;docs/go2_independent_floor_transport_mazes_v1_2026-09-09.md;docs/go2_independent_maze01_correspondence_diagnosis_result_2026-09-09.md;docs/go2_independent_maze02_feasibility_diagnosis_2026-09-09.md,,,,,
go2_independent_maze01_correspondence_diagnosis_v1_attempt_001,INDEPENDENT_MAZE01_CORRESPONDENCE_DIAGNOSIS_COMPLETE,,,/home/andrewknowles/RecoveryStorage/LeWMQuad-v3/.generated/navigation_development_artifacts_v1/go2_independent_maze01_correspondence_diagnosis_v1_attempt_001/result.json,,,"{""status"":""INDEPENDENT_MAZE01_CORRESPONDENCE_DIAGNOSIS_COMPLETE"",""wall_s"":2.9185069389641285}",docs/go2_independent_maze01_correspondence_diagnosis_result_2026-09-09.md,,,,,
go2_independent_maze01_match_stage_diagnosis_v1_attempt_001,INDEPENDENT_MAZE01_MATCH_STAGE_DIAGNOSIS_COMPLETE,,,/home/andrewknowles/RecoveryStorage/LeWMQuad-v3/.generated/navigation_development_artifacts_v1/go2_independent_maze01_match_stage_diagnosis_v1_attempt_001/result.json,,,"{""status"":""INDEPENDENT_MAZE01_MATCH_STAGE_DIAGNOSIS_COMPLETE"",""wall_s"":0.8026564470492303}",docs/go2_independent_maze01_match_stage_diagnosis_result_2026-09-09.md,,,,,
go2_independent_maze03_match_stage_diagnosis_v1_attempt_001,INDEPENDENT_MAZE03_MATCH_STAGE_DIAGNOSIS_COMPLETE,,,/home/andrewknowles/RecoveryStorage/LeWMQuad-v3/.generated/navigation_development_artifacts_v1/go2_independent_maze03_match_stage_diagnosis_v1_attempt_001/result.json,,,"{""status"":""INDEPENDENT_MAZE03_MATCH_STAGE_DIAGNOSIS_COMPLETE"",""wall_s"":3.866693033836782}",docs/go2_independent_maze03_match_stage_diagnosis_result_2026-09-09.md,,,,,
go2_independent_pulse_parallel_study_v1_attempt_001,MATCHED_DEVELOPMENT_COMPARISON_COMPLETE,,,/home/andrewknowles/RecoveryStorage/LeWMQuad-v3/.generated/navigation_development_artifacts_v1/go2_independent_pulse_parallel_study_v1_attempt_001/result.json,,,"{""status"":""MATCHED_DEVELOPMENT_COMPARISON_COMPLETE""}",docs/NOVEL_MAZE_WORLD_MODEL_NEW_THREAD_HANDOFF_2026-09-07.md;docs/go2_independent_pulse_parallel_result_and_next_steps_2026-09-07.md;docs/go2_independent_pulse_parallel_study_v1_2026-09-07.md;docs/go2_independent_tracking_challenge_v1_2026-09-07.md;docs/go2_learned_goal_bootstrap_probe_result_2026-09-08.md;docs/go2_tracking_parallel_learning_gate_result_2026-09-07.md,,,,,
go2_independent_reactive_floor_transport_mazes_v1_attempt_001,INDEPENDENT_REACTIVE_FLOOR_TRANSPORT_MAZES_V1_COMPLETE,,,/home/andrewknowles/RecoveryStorage/LeWMQuad-v3/.generated/navigation_development_artifacts_v1/go2_independent_reactive_floor_transport_mazes_v1_attempt_001/result.json,,,"{""status"":""INDEPENDENT_REACTIVE_FLOOR_TRANSPORT_MAZES_V1_COMPLETE"",""wall_s"":3307.7784918081015}",docs/go2_independent_reactive_floor_transport_mazes_result_2026-09-09.md;docs/go2_independent_reactive_floor_transport_mazes_v1_2026-09-09.md,,,,,
go2_independent_rgb_body_remaining_stages_v1_attempt_001,ALL12_FIXED_RGB_BODY_BATCH_RECEIPTS_VERIFIED,,,/home/andrewknowles/RecoveryStorage/LeWMQuad-v3/.generated/navigation_development_artifacts_v1/go2_independent_rgb_body_remaining_stages_v1_attempt_001/result.json,,,"{""status"":""ALL12_FIXED_RGB_BODY_BATCH_RECEIPTS_VERIFIED""}",docs/NOVEL_MAZE_WORLD_MODEL_NEW_THREAD_HANDOFF_2026-09-07.md;docs/go2_independent_rgb_body_collection_result_2026-09-07.md,,,,,
go2_independent_round_trip_layout_inventory_v1_attempt_001,INDEPENDENT_ROUND_TRIP_LAYOUT_INVENTORY_COMPLETE,,,/home/andrewknowles/RecoveryStorage/LeWMQuad-v3/.generated/navigation_development_artifacts_v1/go2_independent_round_trip_layout_inventory_v1_attempt_001/result.json,,,"{""status"":""INDEPENDENT_ROUND_TRIP_LAYOUT_INVENTORY_COMPLETE""}",docs/go2_independent_round_trip_layout_inventory_result_2026-09-10.md;docs/go2_independent_round_trip_population_inputs_result_2026-09-10.md,,,,,
go2_independent_tracking_challenge_v1_attempt_001,FAILURE_RECORD_ONLY,,,,/home/andrewknowles/RecoveryStorage/LeWMQuad-v3/.generated/navigation_development_artifacts_v1/go2_independent_tracking_challenge_v1_attempt_001/failure.json,ValueError('unit native quaternions required'),{},docs/NOVEL_MAZE_WORLD_MODEL_NEW_THREAD_HANDOFF_2026-09-07.md,,,,,
go2_indexed_geometry_precise_goal_round_trip_native_layout00_v1_attempt_001,PACED_NATIVE_PREFIX_COMPLETE,OBSERVED_ROUND_TRIP_CANDIDATE,False,/home/andrewknowles/RecoveryStorage/LeWMQuad-v3/.generated/navigation_development_artifacts_v1/go2_indexed_geometry_precise_goal_round_trip_native_layout00_v1_attempt_001/result.json,,,"{""status"":""PACED_NATIVE_PREFIX_COMPLETE"",""mission_terminal"":""OBSERVED_ROUND_TRIP_CANDIDATE"",""navigation_success_claimed"":false,""simulation_s"":254.22,""wall_s"":254.695095963,""camera_frames"":2540,""disallowed_contact"":false,""observed_arrivals"":""[{\""phase\"":\""OUTBOUND\"",\""frame\"":1666,\""measured_ns\"":168100000000,\""target_initial_body_xy_m\"":[0.0,2.6],\""observed_position_initial_body_xy_m\"":[0.008891620238201425,2.6030801927431617],\""observed_distance_m\"":0.009410021136821038,\""quiet_intervals\"":10,\""native_verified\"":false},{\""phase\"":\""RETURN\"",\""frame\"":2538,\""measured_ns\"":255300000000,\""target_initial_body_xy_m\"":[0.0,0.0],\""observed_position_initial_body_xy_m\"":[-0.017887650972868017,-0.0028858116510253333],\""observed_distance_m\"":0.018118939433982875,\""quiet_intervals\"":10,\""native_verified\"":false}]""}",docs/go2_development_artifact_retention_2026-09-14.md;docs/go2_feature150_memory_clearance_experiment_2026-09-13.md;docs/go2_first_continuous_round_trip_2026-09-13.md,/home/andrewknowles/RecoveryStorage/LeWMQuad-v3/.generated/navigation_development_artifacts_v1/go2_indexed_geometry_precise_goal_round_trip_native_layout00_v1_attempt_001/continuous_native_arrival_evaluation.json,1,1,True,0
go2_indexed_geometry_precise_goal_round_trip_native_layout01_v1_attempt_001,FAILURE_RECORD_ONLY,,,,/home/andrewknowles/RecoveryStorage/LeWMQuad-v3/.generated/navigation_development_artifacts_v1/go2_indexed_geometry_precise_goal_round_trip_native_layout01_v1_attempt_001/failure.json,ValueError('simulation clock cannot reverse'),{},docs/go2_first_continuous_round_trip_2026-09-13.md,/home/andrewknowles/RecoveryStorage/LeWMQuad-v3/.generated/navigation_development_artifacts_v1/go2_indexed_geometry_precise_goal_round_trip_native_layout01_v1_attempt_001/continuous_native_arrival_evaluation.json,0,0,False,0
go2_indexed_geometry_precise_goal_round_trip_native_layout02_v1_attempt_001,PACED_NATIVE_PREFIX_COMPLETE,MISSION_TICK_BUDGET_EXHAUSTED,False,/home/andrewknowles/RecoveryStorage/LeWMQuad-v3/.generated/navigation_development_artifacts_v1/go2_indexed_geometry_precise_goal_round_trip_native_layout02_v1_attempt_001/result.json,,,"{""status"":""PACED_NATIVE_PREFIX_COMPLETE"",""mission_terminal"":""MISSION_TICK_BUDGET_EXHAUSTED"",""navigation_success_claimed"":false,""simulation_s"":361.02,""wall_s"":361.580143773,""camera_frames"":3605,""disallowed_contact"":false,""observed_arrivals"":""[]""}",docs/go2_continuous_controller_comparison_2026-09-13.md,/home/andrewknowles/RecoveryStorage/LeWMQuad-v3/.generated/navigation_development_artifacts_v1/go2_indexed_geometry_precise_goal_round_trip_native_layout02_v1_attempt_001/continuous_native_arrival_evaluation.json,0,0,False,0
go2_initial_floor_depth_noise_sensitivity_v1_attempt_001,RESULT_RECORDED,,,/home/andrewknowles/RecoveryStorage/LeWMQuad-v3/.generated/navigation_development_artifacts_v1/go2_initial_floor_depth_noise_sensitivity_v1_attempt_001/result.json,,,{},docs/go2_initial_floor_depth_noise_sensitivity_2026-09-14.md,,,,,
go2_initial_panorama_motion_residual_native_layout00_v1_attempt_001,FAILURE_RECORD_ONLY,,,,/home/andrewknowles/RecoveryStorage/LeWMQuad-v3/.generated/navigation_development_artifacts_v1/go2_initial_panorama_motion_residual_native_layout00_v1_attempt_001/failure.json,"RuntimeError('[{\'stage\': \'tracking\', \'reason\': ""ValueError(\'measured visual pose unavailable\')""}]')",{},docs/go2_feature150_memory_clearance_experiment_2026-09-13.md,,,,,
go2_instantaneous_waypoint_score_complete_comparison_v1_attempt_001,RESULT_RECORDED,,,/home/andrewknowles/RecoveryStorage/LeWMQuad-v3/.generated/navigation_development_artifacts_v1/go2_instantaneous_waypoint_score_complete_comparison_v1_attempt_001/result.json,,,{},docs/go2_instantaneous_waypoint_score_2026-09-15.md,,,,,
go2_instantaneous_waypoint_score_seed_2026091001_full_supervised_rollout_noise_2mm_native_layout00_4800_v1_attempt_001,PACED_NATIVE_PREFIX_COMPLETE,OBSERVED_ROUND_TRIP_CANDIDATE,False,/home/andrewknowles/RecoveryStorage/LeWMQuad-v3/.generated/navigation_development_artifacts_v1/go2_instantaneous_waypoint_score_seed_2026091001_full_supervised_rollout_noise_2mm_native_layout00_4800_v1_attempt_001/result.json,,,"{""status"":""PACED_NATIVE_PREFIX_COMPLETE"",""mission_terminal"":""OBSERVED_ROUND_TRIP_CANDIDATE"",""navigation_success_claimed"":false,""simulation_s"":251.24,""wall_s"":252.407875821,""camera_frames"":2509,""disallowed_contact"":false,""observed_arrivals"":""[{\""phase\"":\""OUTBOUND\"",\""frame\"":1788,\""measured_ns\"":180300000000,\""target_initial_body_xy_m\"":[3.9000000000000004,-1.3],\""observed_position_initial_body_xy_m\"":[3.8974591102265284,-1.2917490208662734],\""observed_distance_m\"":0.008633352622598412,\""quiet_intervals\"":10,\""native_verified\"":false},{\""phase\"":\""RETURN\"",\""frame\"":2507,\""measured_ns\"":252200000000,\""target_initial_body_xy_m\"":[0.0,0.0],\""observed_position_initial_body_xy_m\"":[-0.015273116584944646,0.011529483430228683],\""observed_distance_m\"":0.019136276502633134,\""quiet_intervals\"":10,\""native_verified\"":false}]""}",docs/go2_development_artifact_retention_2026-09-14.md,/home/andrewknowles/RecoveryStorage/LeWMQuad-v3/.generated/navigation_development_artifacts_v1/go2_instantaneous_waypoint_score_seed_2026091001_full_supervised_rollout_noise_2mm_native_layout00_4800_v1_attempt_001/continuous_native_arrival_evaluation.json,1,1,True,0
go2_instantaneous_waypoint_score_seed_2026091001_full_supervised_rollout_noise_2mm_native_layout01_4800_v1_attempt_001,PACED_NATIVE_PREFIX_COMPLETE,OBSERVED_ROUND_TRIP_CANDIDATE,False,/home/andrewknowles/RecoveryStorage/LeWMQuad-v3/.generated/navigation_development_artifacts_v1/go2_instantaneous_waypoint_score_seed_2026091001_full_supervised_rollout_noise_2mm_native_layout01_4800_v1_attempt_001/result.json,,,"{""status"":""PACED_NATIVE_PREFIX_COMPLETE"",""mission_terminal"":""OBSERVED_ROUND_TRIP_CANDIDATE"",""navigation_success_claimed"":false,""simulation_s"":188.04,""wall_s"":188.8401686,""camera_frames"":1877,""disallowed_contact"":false,""observed_arrivals"":""[{\""phase\"":\""OUTBOUND\"",\""frame\"":1184,\""measured_ns\"":119900000000,\""target_initial_body_xy_m\"":[3.9000000000000004,0.0],\""observed_position_initial_body_xy_m\"":[3.9073134397633242,0.011806316337477656],\""observed_distance_m\"":0.013887962652324446,\""quiet_intervals\"":10,\""native_verified\"":false},{\""phase\"":\""RETURN\"",\""frame\"":1875,\""measured_ns\"":189000000000,\""target_initial_body_xy_m\"":[0.0,0.0],\""observed_position_initial_body_xy_m\"":[-0.01849364199329463,0.005638440100073462],\""observed_distance_m\"":0.01933408391774141,\""quiet_intervals\"":10,\""native_verified\"":false}]""}",docs/go2_development_artifact_retention_2026-09-14.md,/home/andrewknowles/RecoveryStorage/LeWMQuad-v3/.generated/navigation_development_artifacts_v1/go2_instantaneous_waypoint_score_seed_2026091001_full_supervised_rollout_noise_2mm_native_layout01_4800_v1_attempt_001/continuous_native_arrival_evaluation.json,1,1,True,0
go2_interrupted_route_turn_memory_jepa_noise_2mm_native_layout01_4800_v1_attempt_001,PACED_NATIVE_PREFIX_COMPLETE,OBSERVED_ROUND_TRIP_CANDIDATE,False,/mnt/steam_drive/LeWMQuad-v3/navigation_development_artifacts_v1/go2_interrupted_route_turn_memory_jepa_noise_2mm_native_layout01_4800_v1_attempt_001/result.json,,,"{""status"":""PACED_NATIVE_PREFIX_COMPLETE"",""mission_terminal"":""OBSERVED_ROUND_TRIP_CANDIDATE"",""navigation_success_claimed"":false,""simulation_s"":353.66,""wall_s"":464.967885904,""camera_frames"":3535,""disallowed_contact"":false,""observed_arrivals"":""[{\""phase\"":\""OUTBOUND\"",\""frame\"":2180,\""measured_ns\"":219500000000,\""target_initial_body_xy_m\"":[0.0,1.3],\""observed_position_initial_body_xy_m\"":[0.007998823078055026,1.2828496823257665],\""observed_distance_m\"":0.018923915212269223,\""quiet_intervals\"":10,\""native_verified\"":false},{\""phase\"":\""RETURN\"",\""frame\"":3532,\""measured_ns\"":354700000000,\""target_initial_body_xy_m\"":[0.0,0.0],\""observed_position_initial_body_xy_m\"":[-0.0036940005382722126,-0.009311618285768054],\""observed_distance_m\"":0.010017578303991708,\""quiet_intervals\"":10,\""native_verified\"":false}]""}",docs/go2_development_artifact_retention_2026-09-14.md;docs/go2_interrupted_route_turn_memory_2026-09-17.md,/mnt/steam_drive/LeWMQuad-v3/navigation_development_artifacts_v1/go2_interrupted_route_turn_memory_jepa_noise_2mm_native_layout01_4800_v1_attempt_001/continuous_native_arrival_evaluation.json,1,1,True,0
go2_interrupted_view_replan_supervised_rollout_noise_2mm_native_layout01_4800_v1_attempt_001,PACED_NATIVE_PREFIX_COMPLETE,OBSERVED_ROUND_TRIP_CANDIDATE,False,/mnt/steam_drive/LeWMQuad-v3/navigation_development_artifacts_v1/go2_interrupted_view_replan_supervised_rollout_noise_2mm_native_layout01_4800_v1_attempt_001/result.json,,,"{""status"":""PACED_NATIVE_PREFIX_COMPLETE"",""mission_terminal"":""OBSERVED_ROUND_TRIP_CANDIDATE"",""navigation_success_claimed"":false,""simulation_s"":306.14,""wall_s"":401.494183551,""camera_frames"":3060,""disallowed_contact"":false,""observed_arrivals"":""[{\""phase\"":\""OUTBOUND\"",\""frame\"":2043,\""measured_ns\"":205800000000,\""target_initial_body_xy_m\"":[0.0,1.3],\""observed_position_initial_body_xy_m\"":[-0.010990458333442827,1.3104795637650537],\""observed_distance_m\"":0.015185895794617071,\""quiet_intervals\"":10,\""native_verified\"":false},{\""phase\"":\""RETURN\"",\""frame\"":3058,\""measured_ns\"":307300000000,\""target_initial_body_xy_m\"":[0.0,0.0],\""observed_position_initial_body_xy_m\"":[-0.006726875815153676,-0.016415302016610674],\""observed_distance_m\"":0.017740152156310324,\""quiet_intervals\"":10,\""native_verified\"":false}]""}",docs/go2_development_artifact_retention_2026-09-14.md;docs/go2_interrupted_view_replan_2026-09-17.md,/mnt/steam_drive/LeWMQuad-v3/navigation_development_artifacts_v1/go2_interrupted_view_replan_supervised_rollout_noise_2mm_native_layout01_4800_v1_attempt_001/continuous_native_arrival_evaluation.json,1,1,True,0
go2_isolated_forecast_equivalence_v1_attempt_001,PASS,,,/home/andrewknowles/RecoveryStorage/LeWMQuad-v3/.generated/navigation_development_artifacts_v1/go2_isolated_forecast_equivalence_v1_attempt_001/result.json,,,"{""status"":""PASS""}",docs/go2_planning_cost_profile_2026-09-16.md,,,,,
go2_isolated_forecast_plus20ms_jepa_noise_2mm_native_layout03_4800_v1_attempt_001,PACED_NATIVE_PREFIX_COMPLETE,MISSION_TICK_BUDGET_EXHAUSTED,False,/home/andrewknowles/RecoveryStorage/LeWMQuad-v3/.generated/navigation_development_artifacts_v1/go2_isolated_forecast_plus20ms_jepa_noise_2mm_native_layout03_4800_v1_attempt_001/result.json,,,"{""status"":""PACED_NATIVE_PREFIX_COMPLETE"",""mission_terminal"":""MISSION_TICK_BUDGET_EXHAUSTED"",""navigation_success_claimed"":false,""simulation_s"":480.92,""wall_s"":624.974988294,""camera_frames"":4805,""disallowed_contact"":false,""observed_arrivals"":""[]""}",docs/go2_development_artifact_retention_2026-09-14.md,/home/andrewknowles/RecoveryStorage/LeWMQuad-v3/.generated/navigation_development_artifacts_v1/go2_isolated_forecast_plus20ms_jepa_noise_2mm_native_layout03_4800_v1_attempt_001/continuous_native_arrival_evaluation.json,0,0,False,0
go2_isolated_forecast_runtime_equivalence_v1_attempt_001,PASS,,,/home/andrewknowles/RecoveryStorage/LeWMQuad-v3/.generated/navigation_development_artifacts_v1/go2_isolated_forecast_runtime_equivalence_v1_attempt_001/result.json,,,"{""status"":""PASS""}",docs/go2_planning_cost_profile_2026-09-16.md,,,,,
go2_jepa_latent_branch_science_v1_attempt_001,complete,,,/mnt/steam_drive/LeWMQuad-v3/navigation_development_artifacts_v1/go2_jepa_latent_branch_science_v1_attempt_001/result.json,,,"{""status"":""complete"",""wall_s"":3.6648154731374234}",docs/go2_jepa_latent_branch_science_2026-09-17.md,,,,,
go2_jepa_target_modalities_v1_attempt_001,complete,,,/mnt/steam_drive/LeWMQuad-v3/navigation_development_artifacts_v1/go2_jepa_target_modalities_v1_attempt_001/result.json,,,"{""status"":""complete"",""wall_s"":5.559785655932501}",docs/go2_jepa_target_modalities_2026-09-17.md,,,,,
go2_jit_floor_cached_fine_goal_lzma_hold_relative_recovery_pulse_round_trip_native_layout04_4800_v1_attempt_001,PACED_NATIVE_PREFIX_COMPLETE,MISSION_TICK_BUDGET_EXHAUSTED,False,/home/andrewknowles/Workspace/LeWMQuad-v3/.generated/navigation_development_artifacts_v1/go2_jit_floor_cached_fine_goal_lzma_hold_relative_recovery_pulse_round_trip_native_layout04_4800_v1_attempt_001/result.json,,,"{""status"":""PACED_NATIVE_PREFIX_COMPLETE"",""mission_terminal"":""MISSION_TICK_BUDGET_EXHAUSTED"",""navigation_success_claimed"":false,""simulation_s"":481.06,""wall_s"":481.89077604,""camera_frames"":4805,""disallowed_contact"":false,""observed_arrivals"":""[{\""phase\"":\""OUTBOUND\"",\""frame\"":4100,\""measured_ns\"":411500000000,\""target_initial_body_xy_m\"":[0.0,1.3],\""observed_position_initial_body_xy_m\"":[0.019579593016423372,1.3026154593538672],\""observed_distance_m\"":0.019753508304109078,\""quiet_intervals\"":10,\""native_verified\"":false}]""}",docs/go2_development_artifact_retention_2026-09-14.md;docs/go2_raw_depth_archive_and_full_pulse_trial_2026-09-14.md,/home/andrewknowles/Workspace/LeWMQuad-v3/.generated/navigation_development_artifacts_v1/go2_jit_floor_cached_fine_goal_lzma_hold_relative_recovery_pulse_round_trip_native_layout04_4800_v1_attempt_001/continuous_native_arrival_evaluation.json,0,0,False,0
go2_jit_floor_cached_fine_goal_lzma_pulse_reactive_round_trip_native_layout04_4800_v1_attempt_001,PACED_NATIVE_PREFIX_COMPLETE,MISSION_TICK_BUDGET_EXHAUSTED,False,/home/andrewknowles/Workspace/LeWMQuad-v3/.generated/navigation_development_artifacts_v1/go2_jit_floor_cached_fine_goal_lzma_pulse_reactive_round_trip_native_layout04_4800_v1_attempt_001/result.json,,,"{""status"":""PACED_NATIVE_PREFIX_COMPLETE"",""mission_terminal"":""MISSION_TICK_BUDGET_EXHAUSTED"",""navigation_success_claimed"":false,""simulation_s"":481.0,""wall_s"":481.519797866,""camera_frames"":4805,""disallowed_contact"":false,""observed_arrivals"":""[]""}",docs/go2_development_artifact_retention_2026-09-14.md;docs/go2_raw_depth_archive_and_full_pulse_trial_2026-09-14.md,/home/andrewknowles/Workspace/LeWMQuad-v3/.generated/navigation_development_artifacts_v1/go2_jit_floor_cached_fine_goal_lzma_pulse_reactive_round_trip_native_layout04_4800_v1_attempt_001/continuous_native_arrival_evaluation.json,0,0,False,0
go2_jit_floor_current_pulse_matched_comparison_layout04_v1_attempt_001,RESULT_RECORDED,,,/home/andrewknowles/Workspace/LeWMQuad-v3/.generated/navigation_development_artifacts_v1/go2_jit_floor_current_pulse_matched_comparison_layout04_v1_attempt_001/result.json,,,{},docs/go2_raw_depth_archive_and_full_pulse_trial_2026-09-14.md,,,,,
go2_joint_camera_extended_round_trip_native_layout00_v1_attempt_001,FAILURE_RECORD_ONLY,,,,/home/andrewknowles/RecoveryStorage/LeWMQuad-v3/.generated/navigation_development_artifacts_v1/go2_joint_camera_extended_round_trip_native_layout00_v1_attempt_001/failure.json,"RuntimeError('[{\'stage\': \'registration\', \'reason\': ""ValueError(\'current measured candidate conflicts with transported floor reference\')""}]')",{},docs/go2_feature150_memory_clearance_experiment_2026-09-13.md,,,,,
go2_joint_camera_initial_panorama_native_layout00_v1_attempt_001,PACED_NATIVE_PREFIX_COMPLETE,MISSION_TICK_BUDGET_EXHAUSTED,False,/home/andrewknowles/RecoveryStorage/LeWMQuad-v3/.generated/navigation_development_artifacts_v1/go2_joint_camera_initial_panorama_native_layout00_v1_attempt_001/result.json,,,"{""status"":""PACED_NATIVE_PREFIX_COMPLETE"",""mission_terminal"":""MISSION_TICK_BUDGET_EXHAUSTED"",""navigation_success_claimed"":false,""simulation_s"":180.92,""wall_s"":181.165847893,""camera_frames"":1806,""disallowed_contact"":false,""observed_arrivals"":""[]""}",docs/go2_development_artifact_retention_2026-09-14.md;docs/go2_feature150_memory_clearance_experiment_2026-09-13.md,,,,,
go2_joint_continuity_comparison_v1_attempt_001,JOINT_CONTINUITY_DEVELOPMENT_COMPARISON_COMPLETE,,,/home/andrewknowles/RecoveryStorage/LeWMQuad-v3/.generated/navigation_development_artifacts_v1/go2_joint_continuity_comparison_v1_attempt_001/result.json,,,"{""status"":""JOINT_CONTINUITY_DEVELOPMENT_COMPARISON_COMPLETE""}",docs/go2_joint_continuity_comparison_result_2026-09-07.md,,,,,
go2_joint_floor_registered_maze_pilot_v1_attempt_001,JOINT_FLOOR_REGISTERED_MAZE_PILOT_COMPLETE,,,/home/andrewknowles/RecoveryStorage/LeWMQuad-v3/.generated/navigation_development_artifacts_v1/go2_joint_floor_registered_maze_pilot_v1_attempt_001/result.json,,,"{""status"":""JOINT_FLOOR_REGISTERED_MAZE_PILOT_COMPLETE"",""wall_s"":2628.965826760046}",docs/go2_joint_floor_registered_maze_pilot_result_2026-09-09.md;docs/go2_joint_floor_registered_maze_pilot_v1_2026-09-08.md;docs/go2_joint_floor_registered_terminal_provisional_diagnosis_2026-09-09.md;docs/go2_novel_maze_round_trip_pilot_status_2026-09-08.md,,,,,
go2_joint_floor_registered_maze_prefix_v1_attempt_001,JOINT_FLOOR_REGISTERED_MAZE_PREFIX_COMPLETE,,,/home/andrewknowles/RecoveryStorage/LeWMQuad-v3/.generated/navigation_development_artifacts_v1/go2_joint_floor_registered_maze_prefix_v1_attempt_001/result.json,,,"{""status"":""JOINT_FLOOR_REGISTERED_MAZE_PREFIX_COMPLETE"",""wall_s"":932.3316360788886}",docs/go2_joint_floor_registered_maze_prefix_result_2026-09-08.md;docs/go2_joint_floor_registered_maze_prefix_v1_2026-09-08.md;docs/go2_novel_maze_round_trip_pilot_status_2026-09-08.md,,,,,
go2_joint_floor_registered_maze_readout_v1_attempt_001,JOINT_FLOOR_REGISTERED_MAZE_READOUT_COMPLETE,,,/home/andrewknowles/RecoveryStorage/LeWMQuad-v3/.generated/navigation_development_artifacts_v1/go2_joint_floor_registered_maze_readout_v1_attempt_001/result.json,,,"{""status"":""JOINT_FLOOR_REGISTERED_MAZE_READOUT_COMPLETE""}",docs/go2_joint_floor_registered_maze_pilot_result_2026-09-09.md;docs/go2_joint_floor_registered_maze_readout_v1_2026-09-08.md,,,,,
go2_joint_previous_frame_round_trip_native_layout00_v1_attempt_001,FAILURE_RECORD_ONLY,,,,/home/andrewknowles/RecoveryStorage/LeWMQuad-v3/.generated/navigation_development_artifacts_v1/go2_joint_previous_frame_round_trip_native_layout00_v1_attempt_001/failure.json,TimeoutError('pipeline drain deadline exceeded'),{},docs/go2_feature150_memory_clearance_experiment_2026-09-13.md,/home/andrewknowles/RecoveryStorage/LeWMQuad-v3/.generated/navigation_development_artifacts_v1/go2_joint_previous_frame_round_trip_native_layout00_v1_attempt_001/continuous_native_arrival_evaluation.json,0,0,False,0
go2_joint_room_return_unpaired_readout_v1_attempt_001,UNPAIRED_JOINT_ROOM_RETURN_READOUT_COMPLETE,,,/home/andrewknowles/RecoveryStorage/LeWMQuad-v3/.generated/navigation_development_artifacts_v1/go2_joint_room_return_unpaired_readout_v1_attempt_001/result.json,,,"{""status"":""UNPAIRED_JOINT_ROOM_RETURN_READOUT_COMPLETE""}",docs/go2_joint_room_return_result_2026-09-07.md;docs/go2_joint_room_return_unpaired_readout_v1_2026-09-07.md,,,,,
go2_joint_room_return_v1_attempt_001,ROOM_RETURN_PULSE_COLLECTION_TERMINAL,,,/home/andrewknowles/RecoveryStorage/LeWMQuad-v3/.generated/navigation_development_artifacts_v1/go2_joint_room_return_v1_attempt_001/result.json,,,"{""status"":""ROOM_RETURN_PULSE_COLLECTION_TERMINAL""}",docs/go2_joint_room_return_result_2026-09-07.md;docs/go2_joint_room_return_v1_2026-09-07.md,,,,,
go2_joint_visual_surface_memory_v1_attempt_001,JOINT_VISUAL_SURFACE_MEMORY_REPLAY_COMPLETE,,,/home/andrewknowles/RecoveryStorage/LeWMQuad-v3/.generated/navigation_development_artifacts_v1/go2_joint_visual_surface_memory_v1_attempt_001/result.json,,,"{""status"":""JOINT_VISUAL_SURFACE_MEMORY_REPLAY_COMPLETE"",""wall_s"":17.531227609841153}",docs/go2_joint_visual_surface_memory_result_2026-09-08.md;docs/go2_joint_visual_surface_memory_v1_2026-09-08.md,,,,,
go2_later_floor_resolution_maze_pilot_v1_attempt_001,LATER_FLOOR_RESOLUTION_MAZE_PILOT_COMPLETE,,,/home/andrewknowles/RecoveryStorage/LeWMQuad-v3/.generated/navigation_development_artifacts_v1/go2_later_floor_resolution_maze_pilot_v1_attempt_001/result.json,,,"{""status"":""LATER_FLOOR_RESOLUTION_MAZE_PILOT_COMPLETE"",""wall_s"":4510.6477477950975}",docs/go2_later_floor_resolution_maze_pilot_result_2026-09-09.md;docs/go2_later_floor_resolution_maze_pilot_v1_2026-09-09.md;docs/go2_ninth_maze_transition_diagnosis_result_2026-09-09.md;docs/go2_novel_maze_round_trip_pilot_status_2026-09-08.md,,,,,
go2_later_floor_resolution_maze_prefix_v1_attempt_001,LATER_FLOOR_RESOLUTION_PREFIX_COMPLETE,,,/home/andrewknowles/RecoveryStorage/LeWMQuad-v3/.generated/navigation_development_artifacts_v1/go2_later_floor_resolution_maze_prefix_v1_attempt_001/result.json,,,"{""status"":""LATER_FLOOR_RESOLUTION_PREFIX_COMPLETE"",""wall_s"":835.671191246016}",docs/go2_later_floor_resolution_maze_prefix_result_2026-09-09.md;docs/go2_later_floor_resolution_maze_prefix_v1_2026-09-09.md;docs/go2_novel_maze_round_trip_pilot_status_2026-09-08.md,,,,,
go2_later_floor_resolution_maze_readout_v1_attempt_001,LATER_FLOOR_RESOLUTION_MAZE_READOUT_COMPLETE,,,/home/andrewknowles/RecoveryStorage/LeWMQuad-v3/.generated/navigation_development_artifacts_v1/go2_later_floor_resolution_maze_readout_v1_attempt_001/result.json,,,"{""status"":""LATER_FLOOR_RESOLUTION_MAZE_READOUT_COMPLETE""}",docs/go2_later_floor_resolution_maze_pilot_result_2026-09-09.md;docs/go2_later_floor_resolution_maze_readout_v1_2026-09-09.md;docs/go2_novel_maze_round_trip_pilot_status_2026-09-08.md,,,,,
go2_lazy_auxiliary_recorded_tracker_v1_attempt_001,LAZY_AUXILIARY_RECORDED_TRACKER_COMPLETE,,,/home/andrewknowles/RecoveryStorage/LeWMQuad-v3/.generated/navigation_development_artifacts_v1/go2_lazy_auxiliary_recorded_tracker_v1_attempt_001/result.json,,,"{""status"":""LAZY_AUXILIARY_RECORDED_TRACKER_COMPLETE"",""wall_s"":620.0807663600426}",docs/go2_full_consensus_tracker_2026-09-13.md,,,,,
go2_learned_goal_bootstrap_probe_v1_attempt_001,LEARNED_GOAL_BOOTSTRAP_PROBE_COMPLETE,,,/home/andrewknowles/RecoveryStorage/LeWMQuad-v3/.generated/navigation_development_artifacts_v1/go2_learned_goal_bootstrap_probe_v1_attempt_001/result.json,,,"{""status"":""LEARNED_GOAL_BOOTSTRAP_PROBE_COMPLETE"",""wall_s"":174.826778287068}",docs/go2_learned_goal_bootstrap_probe_result_2026-09-08.md;docs/go2_learned_goal_bootstrap_probe_v1_2026-09-08.md,,,,,
go2_learned_goal_bootstrap_readout_v1_attempt_001,LEARNED_GOAL_PROBE_DIAGNOSIS_COMPLETE,,,/home/andrewknowles/RecoveryStorage/LeWMQuad-v3/.generated/navigation_development_artifacts_v1/go2_learned_goal_bootstrap_readout_v1_attempt_001/result.json,,,"{""status"":""LEARNED_GOAL_PROBE_DIAGNOSIS_COMPLETE""}",docs/go2_learned_goal_bootstrap_probe_result_2026-09-08.md;docs/go2_learned_goal_bootstrap_readout_v1_2026-09-08.md,,,,,
go2_live_gyro_height_floor_noise_2mm_native_layout00_4800_v1_attempt_001,FAILURE_RECORD_ONLY,,,,/home/andrewknowles/RecoveryStorage/LeWMQuad-v3/.generated/navigation_development_artifacts_v1/go2_live_gyro_height_floor_noise_2mm_native_layout00_4800_v1_attempt_001/failure.json,Full(),{},docs/go2_development_artifact_retention_2026-09-14.md,/home/andrewknowles/RecoveryStorage/LeWMQuad-v3/.generated/navigation_development_artifacts_v1/go2_live_gyro_height_floor_noise_2mm_native_layout00_4800_v1_attempt_001/continuous_native_arrival_evaluation.json,0,0,False,0
go2_live_gyro_height_floor_noise_2mm_native_layout02_4800_v1_attempt_001,PACED_NATIVE_PREFIX_COMPLETE,MISSION_TICK_BUDGET_EXHAUSTED,False,/home/andrewknowles/RecoveryStorage/LeWMQuad-v3/.generated/navigation_development_artifacts_v1/go2_live_gyro_height_floor_noise_2mm_native_layout02_4800_v1_attempt_001/result.json,,,"{""status"":""PACED_NATIVE_PREFIX_COMPLETE"",""mission_terminal"":""MISSION_TICK_BUDGET_EXHAUSTED"",""navigation_success_claimed"":false,""simulation_s"":480.94,""wall_s"":481.666299298,""camera_frames"":4806,""disallowed_contact"":false,""observed_arrivals"":""[]""}",docs/go2_noisy_floor_coverage_gap_2026-09-15.md,/home/andrewknowles/RecoveryStorage/LeWMQuad-v3/.generated/navigation_development_artifacts_v1/go2_live_gyro_height_floor_noise_2mm_native_layout02_4800_v1_attempt_001/continuous_native_arrival_evaluation.json,0,0,False,0
go2_live_gyro_height_floor_noise_four_layout_summary_v1_attempt_001,RESULT_RECORDED,,,/home/andrewknowles/RecoveryStorage/LeWMQuad-v3/.generated/navigation_development_artifacts_v1/go2_live_gyro_height_floor_noise_four_layout_summary_v1_attempt_001/result.json,,,"{""round_trips"":0,""goals"":0}",docs/go2_robust_height_floor_candidates_2026-09-15.md,,,,,
go2_live_local_feature_depth_noise_0mm_native_layout00_4800_v1_attempt_001,FAILURE_RECORD_ONLY,,,,/home/andrewknowles/RecoveryStorage/LeWMQuad-v3/.generated/navigation_development_artifacts_v1/go2_live_local_feature_depth_noise_0mm_native_layout00_4800_v1_attempt_001/failure.json,PhysicalStop('CONTEXT_NATIVE_CONTACT_SPEED_OR_DOMAIN_STOP'),{},docs/go2_development_artifact_retention_2026-09-14.md,/home/andrewknowles/RecoveryStorage/LeWMQuad-v3/.generated/navigation_development_artifacts_v1/go2_live_local_feature_depth_noise_0mm_native_layout00_4800_v1_attempt_001/continuous_native_arrival_evaluation.json,1,0,False,0
go2_live_local_feature_depth_noise_0mm_native_layout01_4800_v1_attempt_001,FAILURE_RECORD_ONLY,,,,/home/andrewknowles/RecoveryStorage/LeWMQuad-v3/.generated/navigation_development_artifacts_v1/go2_live_local_feature_depth_noise_0mm_native_layout01_4800_v1_attempt_001/failure.json,PhysicalStop('CONTEXT_NATIVE_CONTACT_SPEED_OR_DOMAIN_STOP'),{},docs/go2_development_artifact_retention_2026-09-14.md,/home/andrewknowles/RecoveryStorage/LeWMQuad-v3/.generated/navigation_development_artifacts_v1/go2_live_local_feature_depth_noise_0mm_native_layout01_4800_v1_attempt_001/continuous_native_arrival_evaluation.json,0,0,False,0
go2_live_local_feature_depth_noise_0mm_native_layout02_4800_v1_attempt_001,PACED_NATIVE_PREFIX_COMPLETE,OBSERVED_ROUND_TRIP_CANDIDATE,False,/home/andrewknowles/RecoveryStorage/LeWMQuad-v3/.generated/navigation_development_artifacts_v1/go2_live_local_feature_depth_noise_0mm_native_layout02_4800_v1_attempt_001/result.json,,,"{""status"":""PACED_NATIVE_PREFIX_COMPLETE"",""mission_terminal"":""OBSERVED_ROUND_TRIP_CANDIDATE"",""navigation_success_claimed"":false,""simulation_s"":306.02,""wall_s"":306.691355537,""camera_frames"":3058,""disallowed_contact"":false,""observed_arrivals"":""[{\""phase\"":\""OUTBOUND\"",\""frame\"":1952,\""measured_ns\"":196700000000,\""target_initial_body_xy_m\"":[1.3,2.6],\""observed_position_initial_body_xy_m\"":[1.2858864519320514,2.5998504563898996],\""observed_distance_m\"":0.014114340308977185,\""quiet_intervals\"":10,\""native_verified\"":false},{\""phase\"":\""RETURN\"",\""frame\"":3056,\""measured_ns\"":307100000000,\""target_initial_body_xy_m\"":[0.0,0.0],\""observed_position_initial_body_xy_m\"":[0.0013292953324792892,0.0006999061431471564],\""observed_distance_m\"":0.0015022964721273734,\""quiet_intervals\"":10,\""native_verified\"":false}]""}",docs/go2_development_artifact_retention_2026-09-14.md,/home/andrewknowles/RecoveryStorage/LeWMQuad-v3/.generated/navigation_development_artifacts_v1/go2_live_local_feature_depth_noise_0mm_native_layout02_4800_v1_attempt_001/continuous_native_arrival_evaluation.json,1,1,True,0
go2_live_local_feature_depth_noise_0mm_native_layout03_4800_v1_attempt_001,PACED_NATIVE_PREFIX_COMPLETE,OBSERVED_ROUND_TRIP_CANDIDATE,False,/home/andrewknowles/RecoveryStorage/LeWMQuad-v3/.generated/navigation_development_artifacts_v1/go2_live_local_feature_depth_noise_0mm_native_layout03_4800_v1_attempt_001/result.json,,,"{""status"":""PACED_NATIVE_PREFIX_COMPLETE"",""mission_terminal"":""OBSERVED_ROUND_TRIP_CANDIDATE"",""navigation_success_claimed"":false,""simulation_s"":273.32,""wall_s"":273.75514894,""camera_frames"":2729,""disallowed_contact"":false,""observed_arrivals"":""[{\""phase\"":\""OUTBOUND\"",\""frame\"":1784,\""measured_ns\"":179900000000,\""target_initial_body_xy_m\"":[0.0,1.3],\""observed_position_initial_body_xy_m\"":[0.0023121057845840727,1.3192695248970427],\""observed_distance_m\"":0.019407741314147187,\""quiet_intervals\"":10,\""native_verified\"":false},{\""phase\"":\""RETURN\"",\""frame\"":2727,\""measured_ns\"":274200000000,\""target_initial_body_xy_m\"":[0.0,0.0],\""observed_position_initial_body_xy_m\"":[0.018226723775788677,0.005043105886441999],\""observed_distance_m\"":0.018911540830423262,\""quiet_intervals\"":10,\""native_verified\"":false}]""}",docs/go2_development_artifact_retention_2026-09-14.md,/home/andrewknowles/RecoveryStorage/LeWMQuad-v3/.generated/navigation_development_artifacts_v1/go2_live_local_feature_depth_noise_0mm_native_layout03_4800_v1_attempt_001/continuous_native_arrival_evaluation.json,1,1,True,0
go2_live_local_feature_depth_noise_2mm_native_layout00_4800_v1_attempt_001,PACED_NATIVE_PREFIX_COMPLETE,MISSION_TICK_BUDGET_EXHAUSTED,False,/home/andrewknowles/RecoveryStorage/LeWMQuad-v3/.generated/navigation_development_artifacts_v1/go2_live_local_feature_depth_noise_2mm_native_layout00_4800_v1_attempt_001/result.json,,,"{""status"":""PACED_NATIVE_PREFIX_COMPLETE"",""mission_terminal"":""MISSION_TICK_BUDGET_EXHAUSTED"",""navigation_success_claimed"":false,""simulation_s"":480.92,""wall_s"":481.776613646,""camera_frames"":4805,""disallowed_contact"":false,""observed_arrivals"":""[]""}",docs/go2_development_artifact_retention_2026-09-14.md,/home/andrewknowles/RecoveryStorage/LeWMQuad-v3/.generated/navigation_development_artifacts_v1/go2_live_local_feature_depth_noise_2mm_native_layout00_4800_v1_attempt_001/continuous_native_arrival_evaluation.json,0,0,False,0
go2_live_local_feature_depth_noise_2mm_native_layout01_4800_v1_attempt_001,PACED_NATIVE_PREFIX_COMPLETE,MISSION_TICK_BUDGET_EXHAUSTED,False,/home/andrewknowles/RecoveryStorage/LeWMQuad-v3/.generated/navigation_development_artifacts_v1/go2_live_local_feature_depth_noise_2mm_native_layout01_4800_v1_attempt_001/result.json,,,"{""status"":""PACED_NATIVE_PREFIX_COMPLETE"",""mission_terminal"":""MISSION_TICK_BUDGET_EXHAUSTED"",""navigation_success_claimed"":false,""simulation_s"":480.9,""wall_s"":488.367225498,""camera_frames"":4805,""disallowed_contact"":false,""observed_arrivals"":""[]""}",docs/go2_development_artifact_retention_2026-09-14.md,/home/andrewknowles/RecoveryStorage/LeWMQuad-v3/.generated/navigation_development_artifacts_v1/go2_live_local_feature_depth_noise_2mm_native_layout01_4800_v1_attempt_001/continuous_native_arrival_evaluation.json,0,0,False,0
go2_live_local_feature_depth_noise_2mm_native_layout02_4800_v1_attempt_001,PACED_NATIVE_PREFIX_COMPLETE,MISSION_TICK_BUDGET_EXHAUSTED,False,/home/andrewknowles/RecoveryStorage/LeWMQuad-v3/.generated/navigation_development_artifacts_v1/go2_live_local_feature_depth_noise_2mm_native_layout02_4800_v1_attempt_001/result.json,,,"{""status"":""PACED_NATIVE_PREFIX_COMPLETE"",""mission_terminal"":""MISSION_TICK_BUDGET_EXHAUSTED"",""navigation_success_claimed"":false,""simulation_s"":480.94,""wall_s"":481.854747107,""camera_frames"":4805,""disallowed_contact"":false,""observed_arrivals"":""[]""}",docs/go2_development_artifact_retention_2026-09-14.md,/home/andrewknowles/RecoveryStorage/LeWMQuad-v3/.generated/navigation_development_artifacts_v1/go2_live_local_feature_depth_noise_2mm_native_layout02_4800_v1_attempt_001/continuous_native_arrival_evaluation.json,0,0,False,0
go2_live_local_feature_depth_noise_2mm_native_layout03_4800_v1_attempt_001,PACED_NATIVE_PREFIX_COMPLETE,MISSION_TICK_BUDGET_EXHAUSTED,False,/home/andrewknowles/RecoveryStorage/LeWMQuad-v3/.generated/navigation_development_artifacts_v1/go2_live_local_feature_depth_noise_2mm_native_layout03_4800_v1_attempt_001/result.json,,,"{""status"":""PACED_NATIVE_PREFIX_COMPLETE"",""mission_terminal"":""MISSION_TICK_BUDGET_EXHAUSTED"",""navigation_success_claimed"":false,""simulation_s"":480.94,""wall_s"":488.744432213,""camera_frames"":4805,""disallowed_contact"":false,""observed_arrivals"":""[]""}",docs/go2_development_artifact_retention_2026-09-14.md,/home/andrewknowles/RecoveryStorage/LeWMQuad-v3/.generated/navigation_development_artifacts_v1/go2_live_local_feature_depth_noise_2mm_native_layout03_4800_v1_attempt_001/continuous_native_arrival_evaluation.json,0,0,False,0
go2_live_local_feature_depth_noise_eight_run_summary_v1_attempt_001,RESULT_RECORDED,,,/home/andrewknowles/RecoveryStorage/LeWMQuad-v3/.generated/navigation_development_artifacts_v1/go2_live_local_feature_depth_noise_eight_run_summary_v1_attempt_001/result.json,,,{},docs/go2_live_local_feature_depth_noise_2026-09-15.md;docs/go2_live_local_floor_obstacle_noise_2026-09-15.md,,,,,
go2_live_local_feature_depth_noise_noisy_four_layout_summary_v1_attempt_001,RESULT_RECORDED,,,/home/andrewknowles/RecoveryStorage/LeWMQuad-v3/.generated/navigation_development_artifacts_v1/go2_live_local_feature_depth_noise_noisy_four_layout_summary_v1_attempt_001/result.json,,,{},docs/go2_live_local_feature_depth_noise_2026-09-15.md,,,,,
go2_live_local_floor_mapping_noise_2mm_native_layout00_4800_v1_attempt_001,FAILURE_RECORD_ONLY,,,,/home/andrewknowles/RecoveryStorage/LeWMQuad-v3/.generated/navigation_development_artifacts_v1/go2_live_local_floor_mapping_noise_2mm_native_layout00_4800_v1_attempt_001/failure.json,"RuntimeError('[{\'stage\': \'registration\', \'reason\': ""ValueError(\'current measured candidate conflicts with transported floor reference\')""}]')",{},docs/go2_development_artifact_retention_2026-09-14.md,/home/andrewknowles/RecoveryStorage/LeWMQuad-v3/.generated/navigation_development_artifacts_v1/go2_live_local_floor_mapping_noise_2mm_native_layout00_4800_v1_attempt_001/continuous_native_arrival_evaluation.json,0,0,False,0
go2_live_local_floor_mapping_noise_2mm_native_layout01_4800_v1_attempt_001,PACED_NATIVE_PREFIX_COMPLETE,MISSION_TICK_BUDGET_EXHAUSTED,False,/home/andrewknowles/RecoveryStorage/LeWMQuad-v3/.generated/navigation_development_artifacts_v1/go2_live_local_floor_mapping_noise_2mm_native_layout01_4800_v1_attempt_001/result.json,,,"{""status"":""PACED_NATIVE_PREFIX_COMPLETE"",""mission_terminal"":""MISSION_TICK_BUDGET_EXHAUSTED"",""navigation_success_claimed"":false,""simulation_s"":480.98,""wall_s"":481.929463221,""camera_frames"":4805,""disallowed_contact"":false,""observed_arrivals"":""[]""}",docs/go2_development_artifact_retention_2026-09-14.md,/home/andrewknowles/RecoveryStorage/LeWMQuad-v3/.generated/navigation_development_artifacts_v1/go2_live_local_floor_mapping_noise_2mm_native_layout01_4800_v1_attempt_001/continuous_native_arrival_evaluation.json,0,0,False,0
go2_live_local_floor_mapping_noise_2mm_native_layout02_4800_v1_attempt_001,PACED_NATIVE_PREFIX_COMPLETE,MISSION_TICK_BUDGET_EXHAUSTED,False,/home/andrewknowles/RecoveryStorage/LeWMQuad-v3/.generated/navigation_development_artifacts_v1/go2_live_local_floor_mapping_noise_2mm_native_layout02_4800_v1_attempt_001/result.json,,,"{""status"":""PACED_NATIVE_PREFIX_COMPLETE"",""mission_terminal"":""MISSION_TICK_BUDGET_EXHAUSTED"",""navigation_success_claimed"":false,""simulation_s"":481.02,""wall_s"":481.570288333,""camera_frames"":4805,""disallowed_contact"":false,""observed_arrivals"":""[]""}",docs/go2_development_artifact_retention_2026-09-14.md,/home/andrewknowles/RecoveryStorage/LeWMQuad-v3/.generated/navigation_development_artifacts_v1/go2_live_local_floor_mapping_noise_2mm_native_layout02_4800_v1_attempt_001/continuous_native_arrival_evaluation.json,0,0,False,0
go2_live_local_floor_mapping_noise_2mm_native_layout03_4800_v1_attempt_001,FAILURE_RECORD_ONLY,,,,/home/andrewknowles/RecoveryStorage/LeWMQuad-v3/.generated/navigation_development_artifacts_v1/go2_live_local_floor_mapping_noise_2mm_native_layout03_4800_v1_attempt_001/failure.json,"RuntimeError('[{\'stage\': \'registration\', \'reason\': ""ValueError(\'current measured candidate conflicts with transported floor reference\')""}]')",{},docs/go2_development_artifact_retention_2026-09-14.md,/home/andrewknowles/RecoveryStorage/LeWMQuad-v3/.generated/navigation_development_artifacts_v1/go2_live_local_floor_mapping_noise_2mm_native_layout03_4800_v1_attempt_001/continuous_native_arrival_evaluation.json,0,0,False,0
go2_live_local_floor_mapping_noise_four_layout_summary_v1_attempt_001,RESULT_RECORDED,,,/home/andrewknowles/RecoveryStorage/LeWMQuad-v3/.generated/navigation_development_artifacts_v1/go2_live_local_floor_mapping_noise_four_layout_summary_v1_attempt_001/result.json,,,{},docs/go2_live_local_floor_mapping_noise_2026-09-15.md,,,,,
go2_live_local_floor_obstacle_noise_2mm_native_layout00_4800_v1_attempt_001,PACED_NATIVE_PREFIX_COMPLETE,MISSION_TICK_BUDGET_EXHAUSTED,False,/home/andrewknowles/RecoveryStorage/LeWMQuad-v3/.generated/navigation_development_artifacts_v1/go2_live_local_floor_obstacle_noise_2mm_native_layout00_4800_v1_attempt_001/result.json,,,"{""status"":""PACED_NATIVE_PREFIX_COMPLETE"",""mission_terminal"":""MISSION_TICK_BUDGET_EXHAUSTED"",""navigation_success_claimed"":false,""simulation_s"":480.98,""wall_s"":481.563949791,""camera_frames"":4806,""disallowed_contact"":false,""observed_arrivals"":""[]""}",docs/go2_development_artifact_retention_2026-09-14.md,/home/andrewknowles/RecoveryStorage/LeWMQuad-v3/.generated/navigation_development_artifacts_v1/go2_live_local_floor_obstacle_noise_2mm_native_layout00_4800_v1_attempt_001/continuous_native_arrival_evaluation.json,0,0,False,0
go2_live_local_floor_obstacle_noise_2mm_native_layout01_4800_v1_attempt_001,PACED_NATIVE_PREFIX_COMPLETE,MISSION_TICK_BUDGET_EXHAUSTED,False,/home/andrewknowles/RecoveryStorage/LeWMQuad-v3/.generated/navigation_development_artifacts_v1/go2_live_local_floor_obstacle_noise_2mm_native_layout01_4800_v1_attempt_001/result.json,,,"{""status"":""PACED_NATIVE_PREFIX_COMPLETE"",""mission_terminal"":""MISSION_TICK_BUDGET_EXHAUSTED"",""navigation_success_claimed"":false,""simulation_s"":480.92,""wall_s"":481.460457218,""camera_frames"":4805,""disallowed_contact"":false,""observed_arrivals"":""[]""}",docs/go2_development_artifact_retention_2026-09-14.md,/home/andrewknowles/RecoveryStorage/LeWMQuad-v3/.generated/navigation_development_artifacts_v1/go2_live_local_floor_obstacle_noise_2mm_native_layout01_4800_v1_attempt_001/continuous_native_arrival_evaluation.json,0,0,False,0
go2_live_local_floor_obstacle_noise_2mm_native_layout02_4800_v1_attempt_001,PACED_NATIVE_PREFIX_COMPLETE,MISSION_TICK_BUDGET_EXHAUSTED,False,/home/andrewknowles/RecoveryStorage/LeWMQuad-v3/.generated/navigation_development_artifacts_v1/go2_live_local_floor_obstacle_noise_2mm_native_layout02_4800_v1_attempt_001/result.json,,,"{""status"":""PACED_NATIVE_PREFIX_COMPLETE"",""mission_terminal"":""MISSION_TICK_BUDGET_EXHAUSTED"",""navigation_success_claimed"":false,""simulation_s"":481.0,""wall_s"":481.507337898,""camera_frames"":4805,""disallowed_contact"":false,""observed_arrivals"":""[]""}",docs/go2_development_artifact_retention_2026-09-14.md,/home/andrewknowles/RecoveryStorage/LeWMQuad-v3/.generated/navigation_development_artifacts_v1/go2_live_local_floor_obstacle_noise_2mm_native_layout02_4800_v1_attempt_001/continuous_native_arrival_evaluation.json,0,0,False,0
go2_live_local_floor_obstacle_noise_2mm_native_layout03_4800_v1_attempt_001,PACED_NATIVE_PREFIX_COMPLETE,MISSION_TICK_BUDGET_EXHAUSTED,False,/home/andrewknowles/RecoveryStorage/LeWMQuad-v3/.generated/navigation_development_artifacts_v1/go2_live_local_floor_obstacle_noise_2mm_native_layout03_4800_v1_attempt_001/result.json,,,"{""status"":""PACED_NATIVE_PREFIX_COMPLETE"",""mission_terminal"":""MISSION_TICK_BUDGET_EXHAUSTED"",""navigation_success_claimed"":false,""simulation_s"":481.0,""wall_s"":481.925928947,""camera_frames"":4805,""disallowed_contact"":false,""observed_arrivals"":""[]""}",docs/go2_development_artifact_retention_2026-09-14.md,/home/andrewknowles/RecoveryStorage/LeWMQuad-v3/.generated/navigation_development_artifacts_v1/go2_live_local_floor_obstacle_noise_2mm_native_layout03_4800_v1_attempt_001/continuous_native_arrival_evaluation.json,0,0,False,0
go2_live_local_floor_obstacle_noise_four_layout_summary_v1_attempt_001,RESULT_RECORDED,,,/home/andrewknowles/RecoveryStorage/LeWMQuad-v3/.generated/navigation_development_artifacts_v1/go2_live_local_floor_obstacle_noise_four_layout_summary_v1_attempt_001/result.json,,,{},docs/go2_live_local_floor_mapping_noise_2026-09-15.md;docs/go2_live_local_floor_obstacle_noise_2026-09-15.md,,,,,
go2_live_maze_renderer_provenance_v1_attempt_001,LIVE_MAZE_RENDERER_PROVENANCE_COMPLETE,,,/home/andrewknowles/RecoveryStorage/LeWMQuad-v3/.generated/navigation_development_artifacts_v1/go2_live_maze_renderer_provenance_v1_attempt_001/result.json,,,"{""status"":""LIVE_MAZE_RENDERER_PROVENANCE_COMPLETE""}",docs/go2_live_maze_renderer_provenance_result_2026-09-09.md;docs/go2_live_maze_renderer_provenance_v1_2026-09-09.md,,,,,
go2_live_planning_call_profile_jepa_plus20ms_layout03_800_v1_attempt_001,PACED_NATIVE_PREFIX_COMPLETE,MISSION_TICK_BUDGET_EXHAUSTED,False,/home/andrewknowles/RecoveryStorage/LeWMQuad-v3/.generated/navigation_development_artifacts_v1/go2_live_planning_call_profile_jepa_plus20ms_layout03_800_v1_attempt_001/result.json,,,"{""status"":""PACED_NATIVE_PREFIX_COMPLETE"",""mission_terminal"":""MISSION_TICK_BUDGET_EXHAUSTED"",""navigation_success_claimed"":false,""simulation_s"":80.9,""wall_s"":104.095001247,""camera_frames"":805,""disallowed_contact"":false,""observed_arrivals"":""[]""}",docs/go2_development_artifact_retention_2026-09-14.md;docs/go2_planning_cost_profile_2026-09-16.md,/home/andrewknowles/RecoveryStorage/LeWMQuad-v3/.generated/navigation_development_artifacts_v1/go2_live_planning_call_profile_jepa_plus20ms_layout03_800_v1_attempt_001/continuous_native_arrival_evaluation.json,0,0,False,0
go2_live_planning_profile_jepa_plus20ms_layout03_800_v1_attempt_001,PACED_NATIVE_PREFIX_COMPLETE,MISSION_TICK_BUDGET_EXHAUSTED,False,/home/andrewknowles/RecoveryStorage/LeWMQuad-v3/.generated/navigation_development_artifacts_v1/go2_live_planning_profile_jepa_plus20ms_layout03_800_v1_attempt_001/result.json,,,"{""status"":""PACED_NATIVE_PREFIX_COMPLETE"",""mission_terminal"":""MISSION_TICK_BUDGET_EXHAUSTED"",""navigation_success_claimed"":false,""simulation_s"":80.92,""wall_s"":103.990714684,""camera_frames"":805,""disallowed_contact"":false,""observed_arrivals"":""[]""}",docs/go2_development_artifact_retention_2026-09-14.md;docs/go2_planning_cost_profile_2026-09-16.md,/home/andrewknowles/RecoveryStorage/LeWMQuad-v3/.generated/navigation_development_artifacts_v1/go2_live_planning_profile_jepa_plus20ms_layout03_800_v1_attempt_001/continuous_native_arrival_evaluation.json,0,0,False,0
go2_live_planning_stage_profile_jepa_plus20ms_layout03_800_v1_attempt_001,PACED_NATIVE_PREFIX_COMPLETE,MISSION_TICK_BUDGET_EXHAUSTED,False,/home/andrewknowles/RecoveryStorage/LeWMQuad-v3/.generated/navigation_development_artifacts_v1/go2_live_planning_stage_profile_jepa_plus20ms_layout03_800_v1_attempt_001/result.json,,,"{""status"":""PACED_NATIVE_PREFIX_COMPLETE"",""mission_terminal"":""MISSION_TICK_BUDGET_EXHAUSTED"",""navigation_success_claimed"":false,""simulation_s"":80.92,""wall_s"":103.822545139,""camera_frames"":805,""disallowed_contact"":false,""observed_arrivals"":""[]""}",docs/go2_development_artifact_retention_2026-09-14.md;docs/go2_planning_cost_profile_2026-09-16.md,/home/andrewknowles/RecoveryStorage/LeWMQuad-v3/.generated/navigation_development_artifacts_v1/go2_live_planning_stage_profile_jepa_plus20ms_layout03_800_v1_attempt_001/continuous_native_arrival_evaluation.json,0,0,False,0
go2_local_feature_depth_full_journey_four_layout_summary_v1_attempt_001,RESULT_RECORDED,,,/home/andrewknowles/RecoveryStorage/LeWMQuad-v3/.generated/navigation_development_artifacts_v1/go2_local_feature_depth_full_journey_four_layout_summary_v1_attempt_001/result.json,,,{},docs/go2_local_feature_depth_full_journey_2026-09-14.md,,,,,
go2_local_feature_depth_noise_four_layout_summary_v1_attempt_001,RESULT_RECORDED,,,/home/andrewknowles/RecoveryStorage/LeWMQuad-v3/.generated/navigation_development_artifacts_v1/go2_local_feature_depth_noise_four_layout_summary_v1_attempt_001/result.json,,,{},docs/go2_local_feature_depth_consensus_2026-09-14.md,,,,,
go2_local_floor_noise_four_layout_summary_v1_attempt_001,RESULT_RECORDED,,,/home/andrewknowles/RecoveryStorage/LeWMQuad-v3/.generated/navigation_development_artifacts_v1/go2_local_floor_noise_four_layout_summary_v1_attempt_001/result.json,,,{},docs/go2_local_inverse_depth_floor_probe_2026-09-14.md,,,,,
go2_local_inverse_depth_floor_probe_v1_attempt_001,RESULT_RECORDED,,,/home/andrewknowles/RecoveryStorage/LeWMQuad-v3/.generated/navigation_development_artifacts_v1/go2_local_inverse_depth_floor_probe_v1_attempt_001/result.json,,,{},docs/go2_local_inverse_depth_floor_probe_2026-09-14.md,,,,,
go2_local_motion_matched_controls_v1_attempt_001,COMPLETE,,,/home/andrewknowles/RecoveryStorage/LeWMQuad-v3/.generated/navigation_development_artifacts_v1/go2_local_motion_matched_controls_v1_attempt_001/result.json,,,"{""status"":""COMPLETE""}",docs/go2_causal_local_motion_inputs_2026-09-16.md,,,,,
go2_local_view_revisit_layout03_summary_v1_attempt_001,RESULT_RECORDED,,,/home/andrewknowles/RecoveryStorage/LeWMQuad-v3/.generated/navigation_development_artifacts_v1/go2_local_view_revisit_layout03_summary_v1_attempt_001/result.json,,,{},docs/go2_local_view_revisit_tracking_2026-09-15.md,,,,,
go2_local_view_revisit_learned_noise_2mm_native_layout03_4800_v1_attempt_001,PACED_NATIVE_PREFIX_COMPLETE,MISSION_TICK_BUDGET_EXHAUSTED,False,/home/andrewknowles/RecoveryStorage/LeWMQuad-v3/.generated/navigation_development_artifacts_v1/go2_local_view_revisit_learned_noise_2mm_native_layout03_4800_v1_attempt_001/result.json,,,"{""status"":""PACED_NATIVE_PREFIX_COMPLETE"",""mission_terminal"":""MISSION_TICK_BUDGET_EXHAUSTED"",""navigation_success_claimed"":false,""simulation_s"":480.9,""wall_s"":483.384624889,""camera_frames"":4805,""disallowed_contact"":false,""observed_arrivals"":""[{\""phase\"":\""OUTBOUND\"",\""frame\"":3076,\""measured_ns\"":309100000000,\""target_initial_body_xy_m\"":[0.0,-1.3],\""observed_position_initial_body_xy_m\"":[0.003966307547001703,-1.3021661059267395],\""observed_distance_m\"":0.004519248880428984,\""quiet_intervals\"":10,\""native_verified\"":false}]""}",docs/go2_local_view_revisit_tracking_2026-09-15.md,/home/andrewknowles/RecoveryStorage/LeWMQuad-v3/.generated/navigation_development_artifacts_v1/go2_local_view_revisit_learned_noise_2mm_native_layout03_4800_v1_attempt_001/continuous_native_arrival_evaluation.json,1,0,False,0
go2_matched_model_active_view_probe_v1_attempt_001,MATCHED_MODEL_ACTIVE_VIEW_PROBE_COMPLETE,,,/home/andrewknowles/RecoveryStorage/LeWMQuad-v3/.generated/navigation_development_artifacts_v1/go2_matched_model_active_view_probe_v1_attempt_001/result.json,,,"{""status"":""MATCHED_MODEL_ACTIVE_VIEW_PROBE_COMPLETE"",""wall_s"":1689.9455461390316}",docs/go2_matched_model_active_view_result_2026-09-08.md,,,,,
go2_matched_model_active_view_readout_v1_attempt_001,MATCHED_MODEL_ACTIVE_VIEW_READOUT_COMPLETE,,,/home/andrewknowles/RecoveryStorage/LeWMQuad-v3/.generated/navigation_development_artifacts_v1/go2_matched_model_active_view_readout_v1_attempt_001/result.json,,,"{""status"":""MATCHED_MODEL_ACTIVE_VIEW_READOUT_COMPLETE""}",docs/go2_matched_model_active_view_readout_v1_2026-09-08.md;docs/go2_matched_model_active_view_result_2026-09-08.md,,,,,
go2_matched_motion_residual_direct_v1_attempt_001,COMPLETE,,,/home/andrewknowles/RecoveryStorage/LeWMQuad-v3/.generated/navigation_development_artifacts_v1/go2_matched_motion_residual_direct_v1_attempt_001/result.json,,,"{""status"":""COMPLETE""}",docs/go2_matched_motion_residual_controls_2026-09-14.md,,,,,
go2_matched_motion_residual_supervised_rollout_v1_attempt_001,COMPLETE,,,/home/andrewknowles/RecoveryStorage/LeWMQuad-v3/.generated/navigation_development_artifacts_v1/go2_matched_motion_residual_supervised_rollout_v1_attempt_001/result.json,,,"{""status"":""COMPLETE""}",docs/go2_matched_motion_residual_controls_2026-09-14.md,,,,,
go2_matched_objective_prefixes_v1_attempt_001,MATCHED_OBJECTIVE_PREFIXES_V1_COMPLETE,,,/home/andrewknowles/RecoveryStorage/LeWMQuad-v3/.generated/navigation_development_artifacts_v1/go2_matched_objective_prefixes_v1_attempt_001/result.json,,,"{""status"":""MATCHED_OBJECTIVE_PREFIXES_V1_COMPLETE"",""wall_s"":182.68536946782842}",docs/go2_matched_objective_prefixes_preparation_2026-09-09.md;docs/go2_matched_objective_prefixes_result_2026-09-09.md;docs/go2_matched_objective_prefixes_v1_2026-09-09.md,,,,,
go2_matched_training_cohort_layout00_03_v1_attempt_001,RESULT_RECORDED,,,/home/andrewknowles/RecoveryStorage/LeWMQuad-v3/.generated/navigation_development_artifacts_v1/go2_matched_training_cohort_layout00_03_v1_attempt_001/result.json,,,{},docs/go2_matched_motion_residual_controls_2026-09-14.md,,,,,
go2_matched_training_comparison_layout00_v1_attempt_001,RESULT_RECORDED,,,/home/andrewknowles/RecoveryStorage/LeWMQuad-v3/.generated/navigation_development_artifacts_v1/go2_matched_training_comparison_layout00_v1_attempt_001/result.json,,,{},docs/go2_matched_motion_residual_controls_2026-09-14.md,,,,,
go2_matched_training_comparison_layout01_v1_attempt_001,RESULT_RECORDED,,,/home/andrewknowles/RecoveryStorage/LeWMQuad-v3/.generated/navigation_development_artifacts_v1/go2_matched_training_comparison_layout01_v1_attempt_001/result.json,,,{},docs/go2_matched_motion_residual_controls_2026-09-14.md,,,,,
go2_matched_training_direct_heading_release_native_layout00_4800_v1_attempt_001,PACED_NATIVE_PREFIX_COMPLETE,MISSION_TICK_BUDGET_EXHAUSTED,False,/home/andrewknowles/RecoveryStorage/LeWMQuad-v3/.generated/navigation_development_artifacts_v1/go2_matched_training_direct_heading_release_native_layout00_4800_v1_attempt_001/result.json,,,"{""status"":""PACED_NATIVE_PREFIX_COMPLETE"",""mission_terminal"":""MISSION_TICK_BUDGET_EXHAUSTED"",""navigation_success_claimed"":false,""simulation_s"":481.04,""wall_s"":481.894219442,""camera_frames"":4805,""disallowed_contact"":false,""observed_arrivals"":""[{\""phase\"":\""OUTBOUND\"",\""frame\"":4492,\""measured_ns\"":450700000000,\""target_initial_body_xy_m\"":[0.0,-1.3],\""observed_position_initial_body_xy_m\"":[0.019850543091615224,-1.3004675199149043],\""observed_distance_m\"":0.019856047841977642,\""quiet_intervals\"":10,\""native_verified\"":false}]""}",docs/go2_matched_motion_residual_controls_2026-09-14.md,/home/andrewknowles/RecoveryStorage/LeWMQuad-v3/.generated/navigation_development_artifacts_v1/go2_matched_training_direct_heading_release_native_layout00_4800_v1_attempt_001/continuous_native_arrival_evaluation.json,1,0,False,0
go2_matched_training_direct_heading_release_native_layout02_4800_v1_attempt_001,PACED_NATIVE_PREFIX_COMPLETE,OBSERVED_ROUND_TRIP_CANDIDATE,False,/home/andrewknowles/RecoveryStorage/LeWMQuad-v3/.generated/navigation_development_artifacts_v1/go2_matched_training_direct_heading_release_native_layout02_4800_v1_attempt_001/result.json,,,"{""status"":""PACED_NATIVE_PREFIX_COMPLETE"",""mission_terminal"":""OBSERVED_ROUND_TRIP_CANDIDATE"",""navigation_success_claimed"":false,""simulation_s"":297.28,""wall_s"":297.87455134,""camera_frames"":2970,""disallowed_contact"":false,""observed_arrivals"":""[{\""phase\"":\""OUTBOUND\"",\""frame\"":1304,\""measured_ns\"":131900000000,\""target_initial_body_xy_m\"":[3.9000000000000004,1.3],\""observed_position_initial_body_xy_m\"":[3.8944728072381523,1.313946490349765],\""observed_distance_m\"":0.015001814986951247,\""quiet_intervals\"":10,\""native_verified\"":false},{\""phase\"":\""RETURN\"",\""frame\"":2968,\""measured_ns\"":298300000000,\""target_initial_body_xy_m\"":[0.0,0.0],\""observed_position_initial_body_xy_m\"":[0.01719109867355275,-0.0034548970148932804],\""observed_distance_m\"":0.017534827828848097,\""quiet_intervals\"":10,\""native_verified\"":false}]""}",docs/go2_development_artifact_retention_2026-09-14.md,/home/andrewknowles/RecoveryStorage/LeWMQuad-v3/.generated/navigation_development_artifacts_v1/go2_matched_training_direct_heading_release_native_layout02_4800_v1_attempt_001/continuous_native_arrival_evaluation.json,1,1,True,0
go2_matched_training_jepa_heading_release_native_layout00_4800_v1_attempt_001,PACED_NATIVE_PREFIX_COMPLETE,MISSION_TICK_BUDGET_EXHAUSTED,False,/home/andrewknowles/RecoveryStorage/LeWMQuad-v3/.generated/navigation_development_artifacts_v1/go2_matched_training_jepa_heading_release_native_layout00_4800_v1_attempt_001/result.json,,,"{""status"":""PACED_NATIVE_PREFIX_COMPLETE"",""mission_terminal"":""MISSION_TICK_BUDGET_EXHAUSTED"",""navigation_success_claimed"":false,""simulation_s"":480.92,""wall_s"":481.895292401,""camera_frames"":4805,""disallowed_contact"":false,""observed_arrivals"":""[]""}",docs/go2_full_reserve_heading_release_hypothesis_2026-09-14.md;docs/go2_matched_motion_residual_controls_2026-09-14.md,/home/andrewknowles/RecoveryStorage/LeWMQuad-v3/.generated/navigation_development_artifacts_v1/go2_matched_training_jepa_heading_release_native_layout00_4800_v1_attempt_001/continuous_native_arrival_evaluation.json,0,0,False,0
go2_matched_training_jepa_heading_release_native_layout01_4800_v1_attempt_001,PACED_NATIVE_PREFIX_COMPLETE,MISSION_TICK_BUDGET_EXHAUSTED,False,/home/andrewknowles/RecoveryStorage/LeWMQuad-v3/.generated/navigation_development_artifacts_v1/go2_matched_training_jepa_heading_release_native_layout01_4800_v1_attempt_001/result.json,,,"{""status"":""PACED_NATIVE_PREFIX_COMPLETE"",""mission_terminal"":""MISSION_TICK_BUDGET_EXHAUSTED"",""navigation_success_claimed"":false,""simulation_s"":481.04,""wall_s"":481.909700962,""camera_frames"":4805,""disallowed_contact"":false,""observed_arrivals"":""[{\""phase\"":\""OUTBOUND\"",\""frame\"":3788,\""measured_ns\"":380300000000,\""target_initial_body_xy_m\"":[0.0,1.3],\""observed_position_initial_body_xy_m\"":[-0.0031563347227327055,1.317331950375599],\""observed_distance_m\"":0.01761700748436436,\""quiet_intervals\"":10,\""native_verified\"":false}]""}",docs/go2_matched_motion_residual_controls_2026-09-14.md,/home/andrewknowles/RecoveryStorage/LeWMQuad-v3/.generated/navigation_development_artifacts_v1/go2_matched_training_jepa_heading_release_native_layout01_4800_v1_attempt_001/continuous_native_arrival_evaluation.json,1,0,False,0
go2_matched_training_jepa_heading_release_native_layout02_4800_v1_attempt_001,PACED_NATIVE_PREFIX_COMPLETE,OBSERVED_ROUND_TRIP_CANDIDATE,False,/home/andrewknowles/RecoveryStorage/LeWMQuad-v3/.generated/navigation_development_artifacts_v1/go2_matched_training_jepa_heading_release_native_layout02_4800_v1_attempt_001/result.json,,,"{""status"":""PACED_NATIVE_PREFIX_COMPLETE"",""mission_terminal"":""OBSERVED_ROUND_TRIP_CANDIDATE"",""navigation_success_claimed"":false,""simulation_s"":239.74,""wall_s"":240.073440027,""camera_frames"":2393,""disallowed_contact"":false,""observed_arrivals"":""[{\""phase\"":\""OUTBOUND\"",\""frame\"":1568,\""measured_ns\"":158300000000,\""target_initial_body_xy_m\"":[3.9000000000000004,1.3],\""observed_position_initial_body_xy_m\"":[3.8951615515840206,1.2908568746603302],\""observed_distance_m\"":0.010344434448098691,\""quiet_intervals\"":10,\""native_verified\"":false},{\""phase\"":\""RETURN\"",\""frame\"":2391,\""measured_ns\"":240600000000,\""target_initial_body_xy_m\"":[0.0,0.0],\""observed_position_initial_body_xy_m\"":[0.0077078184251595586,0.0072311164055760555],\""observed_distance_m\"":0.010568798860145856,\""quiet_intervals\"":10,\""native_verified\"":false}]""}",docs/go2_development_artifact_retention_2026-09-14.md;docs/go2_matched_motion_residual_controls_2026-09-14.md,/home/andrewknowles/RecoveryStorage/LeWMQuad-v3/.generated/navigation_development_artifacts_v1/go2_matched_training_jepa_heading_release_native_layout02_4800_v1_attempt_001/continuous_native_arrival_evaluation.json,1,1,True,0
go2_matched_training_jepa_heading_release_native_layout03_4800_v1_attempt_001,PACED_NATIVE_PREFIX_COMPLETE,OBSERVED_ROUND_TRIP_CANDIDATE,False,/home/andrewknowles/RecoveryStorage/LeWMQuad-v3/.generated/navigation_development_artifacts_v1/go2_matched_training_jepa_heading_release_native_layout03_4800_v1_attempt_001/result.json,,,"{""status"":""PACED_NATIVE_PREFIX_COMPLETE"",""mission_terminal"":""OBSERVED_ROUND_TRIP_CANDIDATE"",""navigation_success_claimed"":false,""simulation_s"":355.68,""wall_s"":356.414520228,""camera_frames"":3554,""disallowed_contact"":false,""observed_arrivals"":""[{\""phase\"":\""OUTBOUND\"",\""frame\"":2336,\""measured_ns\"":235100000000,\""target_initial_body_xy_m\"":[0.0,1.3],\""observed_position_initial_body_xy_m\"":[0.006009268040360354,1.3133650173619813],\""observed_distance_m\"":0.014653838796266213,\""quiet_intervals\"":10,\""native_verified\"":false},{\""phase\"":\""RETURN\"",\""frame\"":3552,\""measured_ns\"":356700000000,\""target_initial_body_xy_m\"":[0.0,0.0],\""observed_position_initial_body_xy_m\"":[0.017891387409342936,0.00011721130660901957],\""observed_distance_m\"":0.017891771346671966,\""quiet_intervals\"":10,\""native_verified\"":false}]""}",docs/go2_matched_motion_residual_controls_2026-09-14.md,/home/andrewknowles/RecoveryStorage/LeWMQuad-v3/.generated/navigation_development_artifacts_v1/go2_matched_training_jepa_heading_release_native_layout03_4800_v1_attempt_001/continuous_native_arrival_evaluation.json,1,1,True,0
go2_matched_training_supervised_rollout_heading_release_native_layout00_4800_v1_attempt_001,PACED_NATIVE_PREFIX_COMPLETE,MISSION_TICK_BUDGET_EXHAUSTED,False,/home/andrewknowles/RecoveryStorage/LeWMQuad-v3/.generated/navigation_development_artifacts_v1/go2_matched_training_supervised_rollout_heading_release_native_layout00_4800_v1_attempt_001/result.json,,,"{""status"":""PACED_NATIVE_PREFIX_COMPLETE"",""mission_terminal"":""MISSION_TICK_BUDGET_EXHAUSTED"",""navigation_success_claimed"":false,""simulation_s"":481.02,""wall_s"":481.896016905,""camera_frames"":4805,""disallowed_contact"":false,""observed_arrivals"":""[{\""phase\"":\""OUTBOUND\"",\""frame\"":4556,\""measured_ns\"":457100000000,\""target_initial_body_xy_m\"":[0.0,-1.3],\""observed_position_initial_body_xy_m\"":[0.018992750429352286,-1.2993546039419421],\""observed_distance_m\"":0.01900371292520012,\""quiet_intervals\"":10,\""native_verified\"":false}]""}",docs/go2_matched_motion_residual_controls_2026-09-14.md,/home/andrewknowles/RecoveryStorage/LeWMQuad-v3/.generated/navigation_development_artifacts_v1/go2_matched_training_supervised_rollout_heading_release_native_layout00_4800_v1_attempt_001/continuous_native_arrival_evaluation.json,1,0,False,0
go2_matched_training_supervised_rollout_heading_release_native_layout01_4800_v1_attempt_001,PACED_NATIVE_PREFIX_COMPLETE,MISSION_TICK_BUDGET_EXHAUSTED,False,/home/andrewknowles/RecoveryStorage/LeWMQuad-v3/.generated/navigation_development_artifacts_v1/go2_matched_training_supervised_rollout_heading_release_native_layout01_4800_v1_attempt_001/result.json,,,"{""status"":""PACED_NATIVE_PREFIX_COMPLETE"",""mission_terminal"":""MISSION_TICK_BUDGET_EXHAUSTED"",""navigation_success_claimed"":false,""simulation_s"":481.04,""wall_s"":481.925973752,""camera_frames"":4805,""disallowed_contact"":false,""observed_arrivals"":""[]""}",docs/go2_matched_motion_residual_controls_2026-09-14.md,/home/andrewknowles/RecoveryStorage/LeWMQuad-v3/.generated/navigation_development_artifacts_v1/go2_matched_training_supervised_rollout_heading_release_native_layout01_4800_v1_attempt_001/continuous_native_arrival_evaluation.json,0,0,False,0
go2_matched_training_supervised_rollout_heading_release_native_layout02_4800_v1_attempt_001,PACED_NATIVE_PREFIX_COMPLETE,OBSERVED_ROUND_TRIP_CANDIDATE,False,/home/andrewknowles/RecoveryStorage/LeWMQuad-v3/.generated/navigation_development_artifacts_v1/go2_matched_training_supervised_rollout_heading_release_native_layout02_4800_v1_attempt_001/result.json,,,"{""status"":""PACED_NATIVE_PREFIX_COMPLETE"",""mission_terminal"":""OBSERVED_ROUND_TRIP_CANDIDATE"",""navigation_success_claimed"":false,""simulation_s"":308.4,""wall_s"":309.065293821,""camera_frames"":3082,""disallowed_contact"":false,""observed_arrivals"":""[{\""phase\"":\""OUTBOUND\"",\""frame\"":1933,\""measured_ns\"":194800000000,\""target_initial_body_xy_m\"":[3.9000000000000004,1.3],\""observed_position_initial_body_xy_m\"":[3.902869460409501,1.306176234202679],\""observed_distance_m\"":0.0068102622539836155,\""quiet_intervals\"":10,\""native_verified\"":false},{\""phase\"":\""RETURN\"",\""frame\"":3080,\""measured_ns\"":309500000000,\""target_initial_body_xy_m\"":[0.0,0.0],\""observed_position_initial_body_xy_m\"":[0.01841289062341463,-0.004258299662011963],\""observed_distance_m\"":0.018898879784826444,\""quiet_intervals\"":10,\""native_verified\"":false}]""}",docs/go2_development_artifact_retention_2026-09-14.md,/home/andrewknowles/RecoveryStorage/LeWMQuad-v3/.generated/navigation_development_artifacts_v1/go2_matched_training_supervised_rollout_heading_release_native_layout02_4800_v1_attempt_001/continuous_native_arrival_evaluation.json,1,1,True,0
go2_maze00_recovery_sequence_part1_v1_attempt_001,RESULT_RECORDED,,,/home/andrewknowles/RecoveryStorage/LeWMQuad-v3/.generated/navigation_development_artifacts_v1/go2_maze00_recovery_sequence_part1_v1_attempt_001/result.json,,,{},docs/go2_persistent_local_visual_2026-09-16.md,,,,,
go2_maze00_recovery_sequence_part2_v1_attempt_001,RESULT_RECORDED,,,/home/andrewknowles/RecoveryStorage/LeWMQuad-v3/.generated/navigation_development_artifacts_v1/go2_maze00_recovery_sequence_part2_v1_attempt_001/result.json,,,{},docs/go2_persistent_local_visual_2026-09-16.md,,,,,
go2_maze_geometry_cache_identity_v1_attempt_001,MAZE_GEOMETRY_CACHE_IDENTITY_COMPLETE,,,/home/andrewknowles/RecoveryStorage/LeWMQuad-v3/.generated/navigation_development_artifacts_v1/go2_maze_geometry_cache_identity_v1_attempt_001/result.json,,,"{""status"":""MAZE_GEOMETRY_CACHE_IDENTITY_COMPLETE"",""wall_s"":16.947245503077284}",docs/go2_gsd_cache_retirement_review_2026-09-08.md;docs/go2_maze_geometry_cache_identity_v1_2026-09-08.md;docs/go2_novel_maze_round_trip_pilot_status_2026-09-08.md,,,,,
go2_maze_renderer_witness_probe_v1_attempt_001,MAZE_RENDERER_WITNESS_INTEGRATION_COMPLETE,,,/home/andrewknowles/RecoveryStorage/LeWMQuad-v3/.generated/navigation_development_artifacts_v1/go2_maze_renderer_witness_probe_v1_attempt_001/result.json,,,"{""status"":""MAZE_RENDERER_WITNESS_INTEGRATION_COMPLETE"",""wall_s"":63.92952568898909}",docs/go2_maze_renderer_witness_probe_result_2026-09-09.md;docs/go2_maze_renderer_witness_probe_v1_2026-09-09.md;docs/go2_novel_maze_round_trip_pilot_status_2026-09-08.md,,,,,
go2_measured_floor_contact_goal_probe_v1_attempt_001,MEASURED_FLOOR_CONTACT_GOAL_PROBE_COMPLETE,,,/home/andrewknowles/RecoveryStorage/LeWMQuad-v3/.generated/navigation_development_artifacts_v1/go2_measured_floor_contact_goal_probe_v1_attempt_001/result.json,,,"{""status"":""MEASURED_FLOOR_CONTACT_GOAL_PROBE_COMPLETE"",""wall_s"":246.4459296579007}",docs/go2_measured_floor_contact_goal_probe_result_2026-09-08.md,,,,,
go2_measured_floor_contact_goal_readout_v1_attempt_001,MEASURED_FLOOR_CONTACT_GOAL_READOUT_COMPLETE,,,/home/andrewknowles/RecoveryStorage/LeWMQuad-v3/.generated/navigation_development_artifacts_v1/go2_measured_floor_contact_goal_readout_v1_attempt_001/result.json,,,"{""status"":""MEASURED_FLOOR_CONTACT_GOAL_READOUT_COMPLETE""}",docs/go2_measured_floor_contact_goal_probe_result_2026-09-08.md,,,,,
go2_measured_floor_partition_v1_attempt_001,MEASURED_FLOOR_PARTITION_DIAGNOSTIC_COMPLETE,,,/home/andrewknowles/RecoveryStorage/LeWMQuad-v3/.generated/navigation_development_artifacts_v1/go2_measured_floor_partition_v1_attempt_001/result.json,,,"{""status"":""MEASURED_FLOOR_PARTITION_DIAGNOSTIC_COMPLETE"",""wall_s"":50.91132412198931}",docs/go2_measured_floor_partition_result_2026-09-08.md,,,,,
go2_measured_floor_transport_maze_pilot_v1_attempt_001,MEASURED_FLOOR_TRANSPORT_MAZE_PILOT_V1_COMPLETE,,,/home/andrewknowles/RecoveryStorage/LeWMQuad-v3/.generated/navigation_development_artifacts_v1/go2_measured_floor_transport_maze_pilot_v1_attempt_001/result.json,,,"{""status"":""MEASURED_FLOOR_TRANSPORT_MAZE_PILOT_V1_COMPLETE"",""wall_s"":8139.471536834026}",docs/go2_floor_transport_live_return_selection_diagnosis_2026-09-09.md;docs/go2_independent_floor_transport_mazes_v1_2026-09-09.md;docs/go2_independent_floor_transport_study_preparation_2026-09-09.md;docs/go2_measured_floor_transport_maze_pilot_result_2026-09-09.md;docs/go2_measured_floor_transport_maze_pilot_v1_2026-09-09.md;docs/go2_measured_floor_transport_native_preparation_2026-09-09.md;docs/go2_measured_floor_transport_saved_raw_audit_2026-09-09.md;docs/go2_novel_maze_round_trip_pilot_status_2026-09-08.md;docs/go2_reactive_floor_transport_maze_pilot_v1_2026-09-09.md,,,,,
go2_measured_floor_transport_maze_readout_v1_attempt_001,MEASURED_FLOOR_TRANSPORT_MAZE_READOUT_V1_COMPLETE,,,/home/andrewknowles/RecoveryStorage/LeWMQuad-v3/.generated/navigation_development_artifacts_v1/go2_measured_floor_transport_maze_readout_v1_attempt_001/result.json,,,"{""status"":""MEASURED_FLOOR_TRANSPORT_MAZE_READOUT_V1_COMPLETE""}",docs/go2_measured_floor_transport_maze_readout_result_2026-09-09.md;docs/go2_measured_floor_transport_maze_readout_v1_2026-09-09.md;docs/go2_measured_floor_transport_native_preparation_2026-09-09.md;docs/go2_novel_maze_round_trip_pilot_status_2026-09-08.md,,,,,
go2_measured_floor_transport_prefix_v1_attempt_001,MEASURED_FLOOR_TRANSPORT_PREFIX_COMPLETE,,,/home/andrewknowles/RecoveryStorage/LeWMQuad-v3/.generated/navigation_development_artifacts_v1/go2_measured_floor_transport_prefix_v1_attempt_001/result.json,,,"{""status"":""MEASURED_FLOOR_TRANSPORT_PREFIX_COMPLETE"",""wall_s"":2054.0331755620427}",docs/go2_measured_floor_transport_prefix_result_2026-09-09.md;docs/go2_measured_floor_transport_prefix_v1_2026-09-09.md;docs/go2_novel_maze_round_trip_pilot_status_2026-09-08.md,,,,,
go2_measured_latency_native_prefix_layout00_v1_attempt_001,PACED_NATIVE_PREFIX_COMPLETE,,False,/home/andrewknowles/RecoveryStorage/LeWMQuad-v3/.generated/navigation_development_artifacts_v1/go2_measured_latency_native_prefix_layout00_v1_attempt_001/result.json,,,"{""status"":""PACED_NATIVE_PREFIX_COMPLETE"",""navigation_success_claimed"":false,""simulation_s"":6.7,""wall_s"":6.373662758,""camera_frames"":61,""disallowed_contact"":false}",docs/go2_in_memory_camera_and_measured_latency_2026-09-13.md,,,,,
go2_measured_plane_chained_controller_prefix_v1_attempt_001,MEASURED_PLANE_CHAINED_CONTROLLER_PREFIX_V1_COMPLETE,,,/home/andrewknowles/RecoveryStorage/LeWMQuad-v3/.generated/navigation_development_artifacts_v1/go2_measured_plane_chained_controller_prefix_v1_attempt_001/result.json,,,"{""status"":""MEASURED_PLANE_CHAINED_CONTROLLER_PREFIX_V1_COMPLETE"",""wall_s"":9060.495358563028}",docs/go2_measured_plane_chained_controller_prefix_result_2026-09-12.md;docs/go2_measured_plane_chained_controller_prefix_v1_2026-09-12.md;docs/go2_measured_plane_chained_controller_replay_registered_2026-09-12.md;docs/go2_measured_plane_chained_controller_wait_v1_2026-09-12.md;docs/go2_measured_plane_timing_completed_and_chained_replay_launched_2026-09-12.md,,,,,
go2_measured_plane_chained_controller_wait_v1_attempt_001,MEASURED_PLANE_CHAINED_CONTROLLER_WAIT_V1_COMPLETE,,,/home/andrewknowles/RecoveryStorage/LeWMQuad-v3/.generated/navigation_development_artifacts_v1/go2_measured_plane_chained_controller_wait_v1_attempt_001/result.json,,,"{""status"":""MEASURED_PLANE_CHAINED_CONTROLLER_WAIT_V1_COMPLETE""}",docs/go2_measured_plane_chained_controller_replay_registered_2026-09-12.md;docs/go2_measured_plane_chained_controller_wait_v1_2026-09-12.md;docs/go2_measured_plane_chained_waiter_completed_native_admission_started_2026-09-12.md,,,,,
go2_measured_plane_chained_maze02_v1_attempt_001,MEASURED_PLANE_CHAINED_MAZE02_V1_COMPLETE,,,/home/andrewknowles/RecoveryStorage/LeWMQuad-v3/.generated/navigation_development_artifacts_v1/go2_measured_plane_chained_maze02_v1_attempt_001/result.json,,,"{""status"":""MEASURED_PLANE_CHAINED_MAZE02_V1_COMPLETE"",""wall_s"":15781.924906994915}",docs/go2_compact_depth_recorded_sample_v1_2026-09-12.md;docs/go2_measured_plane_chained_maze02_v1_2026-09-12.md;docs/go2_measured_plane_chained_native_completed_2026-09-12.md;docs/go2_measured_plane_chained_native_launched_2026-09-12.md;docs/go2_measured_plane_chained_native_launcher_preparation_2026-09-12.md;docs/go2_measured_plane_chained_native_preflight_passed_launch_invoked_2026-09-12.md;docs/go2_measured_plane_chained_provisional_return_log_inspection_2026-09-12.md;docs/go2_measured_plane_chained_raw_audit_result_2026-09-12.md;docs/go2_measured_plane_chained_single_pass_full_history_v1_2026-09-12.md,,,,,
go2_measured_plane_chained_single_pass_full_history_v1_attempt_001,MEASURED_PLANE_CHAINED_SINGLE_PASS_FULL_HISTORY_V1_COMPLETE,,,/home/andrewknowles/RecoveryStorage/LeWMQuad-v3/.generated/navigation_development_artifacts_v1/go2_measured_plane_chained_single_pass_full_history_v1_attempt_001/result.json,,,"{""status"":""MEASURED_PLANE_CHAINED_SINGLE_PASS_FULL_HISTORY_V1_COMPLETE"",""wall_s"":13887.458231824916}",docs/go2_measured_plane_chained_native_completed_2026-09-12.md;docs/go2_measured_plane_chained_single_pass_full_history_completed_2026-09-12.md;docs/go2_measured_plane_chained_single_pass_full_history_launched_2026-09-12.md;docs/go2_measured_plane_chained_single_pass_full_history_v1_2026-09-12.md,,,,,
go2_measured_plane_controller_prefix_v1_attempt_001,MEASURED_PLANE_CONTROLLER_PREFIX_V1_COMPLETE,,,/home/andrewknowles/RecoveryStorage/LeWMQuad-v3/.generated/navigation_development_artifacts_v1/go2_measured_plane_controller_prefix_v1_attempt_001/result.json,,,"{""status"":""MEASURED_PLANE_CONTROLLER_PREFIX_V1_COMPLETE"",""wall_s"":235.84439522703178}",docs/go2_measured_plane_controller_prefix_v1_2026-09-11.md;docs/go2_measured_plane_observer_verified_controller_launched_2026-09-11.md,,,,,
go2_measured_plane_dispatch_recovery_v1_attempt_001,MEASURED_PLANE_DISPATCH_RECOVERY_V1_COMPLETE,,,/home/andrewknowles/RecoveryStorage/LeWMQuad-v3/.generated/navigation_development_artifacts_v1/go2_measured_plane_dispatch_recovery_v1_attempt_001/result.json,,,"{""status"":""MEASURED_PLANE_DISPATCH_RECOVERY_V1_COMPLETE"",""wall_s"":9830.35374009097}",docs/go2_measured_plane_completed_native_result_2026-09-12.md;docs/go2_measured_plane_dispatch_recovery_v1_2026-09-11.md;docs/go2_measured_plane_independent_pipeline_and_return_failure_2026-09-12.md;docs/go2_measured_plane_reactive_comparison_progress_2026-09-11.md;docs/go2_measured_plane_single_pass_full_history_v1_2026-09-11.md;docs/go2_measured_plane_three_arm_native_comparison_2026-09-12.md;docs/go2_native_dispatch_recovery_and_combined_controller_progress_2026-09-11.md,,,,,
go2_measured_plane_forecast_source_prefix_v1_attempt_001,MEASURED_PLANE_FORECAST_SOURCE_PREFIX_V1_COMPLETE,,,/home/andrewknowles/RecoveryStorage/LeWMQuad-v3/.generated/navigation_development_artifacts_v1/go2_measured_plane_forecast_source_prefix_v1_attempt_001/result.json,,,"{""status"":""MEASURED_PLANE_FORECAST_SOURCE_PREFIX_V1_COMPLETE"",""wall_s"":12.823720342013985}",docs/go2_measured_plane_forecast_source_prefix_result_2026-09-11.md;docs/go2_measured_plane_forecast_source_prefix_v1_2026-09-11.md,,,,,
go2_measured_plane_full_history_timing_wait_v1_attempt_001,MEASURED_PLANE_FULL_HISTORY_TIMING_WAIT_V1_COMPLETE,,,/home/andrewknowles/RecoveryStorage/LeWMQuad-v3/.generated/navigation_development_artifacts_v1/go2_measured_plane_full_history_timing_wait_v1_attempt_001/result.json,,,"{""status"":""MEASURED_PLANE_FULL_HISTORY_TIMING_WAIT_V1_COMPLETE""}",docs/go2_measured_plane_full_history_timing_registered_2026-09-11.md;docs/go2_measured_plane_full_history_timing_wait_v1_2026-09-11.md;docs/go2_measured_plane_timing_completed_and_chained_replay_launched_2026-09-12.md,,,,,
go2_measured_plane_maze02_native_wait_v1_attempt_001,FAILURE_RECORD_ONLY,,,,/home/andrewknowles/RecoveryStorage/LeWMQuad-v3/.generated/navigation_development_artifacts_v1/go2_measured_plane_maze02_native_wait_v1_attempt_001/failure.json,"FileNotFoundError(2, 'No such file or directory')",{},docs/go2_measured_plane_controller_verified_native_queued_2026-09-11.md;docs/go2_measured_plane_maze02_native_wait_v1_2026-09-11.md,,,,,
go2_measured_plane_observer_completion_wait_v1_attempt_001,MEASURED_PLANE_OBSERVER_COMPLETION_WAIT_V1_COMPLETE,,,/home/andrewknowles/RecoveryStorage/LeWMQuad-v3/.generated/navigation_development_artifacts_v1/go2_measured_plane_observer_completion_wait_v1_attempt_001/result.json,,,"{""status"":""MEASURED_PLANE_OBSERVER_COMPLETION_WAIT_V1_COMPLETE""}",docs/go2_extended_budget_worker_verified_observer_completion_queued_2026-09-11.md,,,,,
go2_measured_plane_observer_history_v1_attempt_001,MEASURED_PLANE_OBSERVER_HISTORY_V1_COMPLETE,,,/home/andrewknowles/RecoveryStorage/LeWMQuad-v3/.generated/navigation_development_artifacts_v1/go2_measured_plane_observer_history_v1_attempt_001/result.json,,,"{""status"":""MEASURED_PLANE_OBSERVER_HISTORY_V1_COMPLETE"",""wall_s"":1518.5925617320463}",docs/go2_measured_plane_observer_history_launched_2026-09-11.md,,,,,
go2_measured_plane_reactive_prefix_v1_attempt_001,MEASURED_PLANE_REACTIVE_PREFIX_V1_COMPLETE,,,/home/andrewknowles/RecoveryStorage/LeWMQuad-v3/.generated/navigation_development_artifacts_v1/go2_measured_plane_reactive_prefix_v1_attempt_001/result.json,,,"{""status"":""MEASURED_PLANE_REACTIVE_PREFIX_V1_COMPLETE"",""wall_s"":13.916032400913537}",docs/go2_measured_plane_reactive_comparison_progress_2026-09-11.md;docs/go2_measured_plane_reactive_prefix_v1_2026-09-11.md,,,,,
go2_measured_plane_return_anchor_pair_probe_v1_attempt_001,MEASURED_PLANE_RETURN_ANCHOR_PAIR_PROBE_COMPLETE,,,/home/andrewknowles/RecoveryStorage/LeWMQuad-v3/.generated/navigation_development_artifacts_v1/go2_measured_plane_return_anchor_pair_probe_v1_attempt_001/result.json,,,"{""status"":""MEASURED_PLANE_RETURN_ANCHOR_PAIR_PROBE_COMPLETE""}",docs/go2_measured_plane_return_anchor_probe_and_candidate_2026-09-12.md,,,,,
go2_measured_plane_return_anchor_refinement_v1_attempt_001,MEASURED_PLANE_RETURN_ANCHOR_REFINEMENT_V1_COMPLETE,,,/home/andrewknowles/RecoveryStorage/LeWMQuad-v3/.generated/navigation_development_artifacts_v1/go2_measured_plane_return_anchor_refinement_v1_attempt_001/result.json,,,"{""status"":""MEASURED_PLANE_RETURN_ANCHOR_REFINEMENT_V1_COMPLETE""}",docs/go2_measured_plane_return_anchor_refinement_result_2026-09-12.md,,,,,
go2_measured_plane_single_pass_full_history_v1_attempt_001,MEASURED_PLANE_SINGLE_PASS_FULL_HISTORY_V1_COMPLETE,,,/home/andrewknowles/RecoveryStorage/LeWMQuad-v3/.generated/navigation_development_artifacts_v1/go2_measured_plane_single_pass_full_history_v1_attempt_001/result.json,,,"{""status"":""MEASURED_PLANE_SINGLE_PASS_FULL_HISTORY_V1_COMPLETE"",""wall_s"":9941.451955131022}",docs/go2_measured_plane_completed_native_result_2026-09-12.md;docs/go2_measured_plane_full_history_timing_registered_2026-09-11.md;docs/go2_measured_plane_single_pass_full_history_result_2026-09-12.md;docs/go2_measured_plane_single_pass_full_history_v1_2026-09-11.md,,,,,
go2_measured_plane_single_pass_prefix_v1_attempt_001,MEASURED_PLANE_SINGLE_PASS_PREFIX_V1_COMPLETE,,,/home/andrewknowles/RecoveryStorage/LeWMQuad-v3/.generated/navigation_development_artifacts_v1/go2_measured_plane_single_pass_prefix_v1_attempt_001/result.json,,,"{""status"":""MEASURED_PLANE_SINGLE_PASS_PREFIX_V1_COMPLETE"",""wall_s"":303.12374550895765}",docs/go2_measured_plane_single_pass_prefix_v1_2026-09-11.md;docs/go2_native_dispatch_recovery_and_combined_controller_progress_2026-09-11.md,,,,,
go2_measured_pose_correspondence_replay_v1_attempt_001,MEASURED_POSE_PAIRED_DEVELOPMENT_REPLAY_COMPLETE,,,/home/andrewknowles/RecoveryStorage/LeWMQuad-v3/.generated/navigation_development_artifacts_v1/go2_measured_pose_correspondence_replay_v1_attempt_001/result.json,,,"{""status"":""MEASURED_POSE_PAIRED_DEVELOPMENT_REPLAY_COMPLETE""}",docs/go2_measured_pose_correspondence_replay_v1_2026-09-07.md;docs/go2_measured_pose_correspondence_result_2026-09-07.md,,,,,
go2_measured_recovery_publication_instantaneous_noise_2mm_native_layout00_4800_v1_attempt_001,PACED_NATIVE_PREFIX_COMPLETE,OBSERVED_ROUND_TRIP_CANDIDATE,False,/home/andrewknowles/RecoveryStorage/LeWMQuad-v3/.generated/navigation_development_artifacts_v1/go2_measured_recovery_publication_instantaneous_noise_2mm_native_layout00_4800_v1_attempt_001/result.json,,,"{""status"":""PACED_NATIVE_PREFIX_COMPLETE"",""mission_terminal"":""OBSERVED_ROUND_TRIP_CANDIDATE"",""navigation_success_claimed"":false,""simulation_s"":229.22,""wall_s"":290.74443836,""camera_frames"":2290,""disallowed_contact"":false,""observed_arrivals"":""[{\""phase\"":\""OUTBOUND\"",\""frame\"":1084,\""measured_ns\"":109900000000,\""target_initial_body_xy_m\"":[0.0,1.3],\""observed_position_initial_body_xy_m\"":[-0.013440476288566356,1.2924205382775484],\""observed_distance_m\"":0.015430315708553197,\""quiet_intervals\"":10,\""native_verified\"":false},{\""phase\"":\""RETURN\"",\""frame\"":2288,\""measured_ns\"":230300000000,\""target_initial_body_xy_m\"":[0.0,0.0],\""observed_position_initial_body_xy_m\"":[-0.017075124543508395,0.010130444165905873],\""observed_distance_m\"":0.019854112349205116,\""quiet_intervals\"":10,\""native_verified\"":false}]""}",docs/go2_measured_recovery_publication_2026-09-16.md,/home/andrewknowles/RecoveryStorage/LeWMQuad-v3/.generated/navigation_development_artifacts_v1/go2_measured_recovery_publication_instantaneous_noise_2mm_native_layout00_4800_v1_attempt_001/continuous_native_arrival_evaluation.json,1,1,True,0
go2_measured_sample_bounds_v1_attempt_001,MEASURED_SAMPLE_BOUNDS_DIAGNOSTIC_COMPLETE,,,/home/andrewknowles/RecoveryStorage/LeWMQuad-v3/.generated/navigation_development_artifacts_v1/go2_measured_sample_bounds_v1_attempt_001/result.json,,,"{""status"":""MEASURED_SAMPLE_BOUNDS_DIAGNOSTIC_COMPLETE"",""wall_s"":54.53996369615197}",docs/go2_measured_sample_bounds_result_2026-09-08.md,,,,,
go2_measured_settling_mission_json_prefix_v1_attempt_001,MEASURED_SETTLING_MISSION_JSON_PREFIX_COMPLETE,,,/home/andrewknowles/RecoveryStorage/LeWMQuad-v3/.generated/navigation_development_artifacts_v1/go2_measured_settling_mission_json_prefix_v1_attempt_001/result.json,,,"{""status"":""MEASURED_SETTLING_MISSION_JSON_PREFIX_COMPLETE""}",docs/go2_measured_settling_mission_json_prefix_v1_2026-09-09.md;docs/go2_measured_settling_mission_prefix_result_2026-09-09.md,,,,,
go2_measured_settling_mission_prefix_v1_attempt_001,FAILURE_RECORD_ONLY,,,,/home/andrewknowles/RecoveryStorage/LeWMQuad-v3/.generated/navigation_development_artifacts_v1/go2_measured_settling_mission_prefix_v1_attempt_001/failure.json,"SensorContractError('identity must be (environment, episode, reset)')",{},docs/go2_measured_settling_mission_prefix_result_2026-09-09.md;docs/go2_measured_settling_mission_prefix_v1_2026-09-09.md,,,,,
go2_measured_view_arc_recovery_supervised_rollout_noise_2mm_native_layout01_4800_v1_attempt_001,PACED_NATIVE_PREFIX_COMPLETE,MISSION_TICK_BUDGET_EXHAUSTED,False,/home/andrewknowles/RecoveryStorage/LeWMQuad-v3/.generated/navigation_development_artifacts_v1/go2_measured_view_arc_recovery_supervised_rollout_noise_2mm_native_layout01_4800_v1_attempt_001/result.json,,,"{""status"":""PACED_NATIVE_PREFIX_COMPLETE"",""mission_terminal"":""MISSION_TICK_BUDGET_EXHAUSTED"",""navigation_success_claimed"":false,""simulation_s"":480.88,""wall_s"":622.139918417,""camera_frames"":4805,""disallowed_contact"":false,""observed_arrivals"":""[{\""phase\"":\""OUTBOUND\"",\""frame\"":4792,\""measured_ns\"":480700000000,\""target_initial_body_xy_m\"":[0.0,1.3],\""observed_position_initial_body_xy_m\"":[0.015054778057578284,1.3037689678697002],\""observed_distance_m\"":0.015519389845150895,\""quiet_intervals\"":10,\""native_verified\"":false}]""}",docs/go2_measured_view_arc_recovery_2026-09-17.md,/home/andrewknowles/RecoveryStorage/LeWMQuad-v3/.generated/navigation_development_artifacts_v1/go2_measured_view_arc_recovery_supervised_rollout_noise_2mm_native_layout01_4800_v1_attempt_001/continuous_native_arrival_evaluation.json,1,0,False,0
go2_memory_forecast_clearance_native_layout00_v1_attempt_001,FAILURE_RECORD_ONLY,,,,/home/andrewknowles/RecoveryStorage/LeWMQuad-v3/.generated/navigation_development_artifacts_v1/go2_memory_forecast_clearance_native_layout00_v1_attempt_001/failure.json,"RuntimeError('[{\'stage\': \'tracking\', \'reason\': ""ValueError(\'measured visual pose unavailable\')""}]')",{},docs/go2_development_support_sensitivity_2026-09-13.md;docs/go2_frontier_visit_experiment_2026-09-13.md,,,,,
go2_mesh_subpixel_coverage_v1_attempt_001,MESH_SUBPIXEL_COVERAGE_DIAGNOSIS_COMPLETE,,,/home/andrewknowles/RecoveryStorage/LeWMQuad-v3/.generated/navigation_development_artifacts_v1/go2_mesh_subpixel_coverage_v1_attempt_001/result.json,,,"{""status"":""MESH_SUBPIXEL_COVERAGE_DIAGNOSIS_COMPLETE""}",docs/go2_mesh_subpixel_coverage_diagnosis_v1_2026-09-08.md;docs/go2_mesh_subpixel_coverage_result_2026-09-08.md;docs/go2_novel_maze_round_trip_pilot_status_2026-09-08.md,,,,,
go2_mission_coordinate_complete_comparison_v1_attempt_001,COMPLETE_TARGETED_FOLLOWUP,,,/home/andrewknowles/RecoveryStorage/LeWMQuad-v3/.generated/navigation_development_artifacts_v1/go2_mission_coordinate_complete_comparison_v1_attempt_001/result.json,,,"{""status"":""COMPLETE_TARGETED_FOLLOWUP"",""round_trips"":4}",docs/go2_mission_coordinate_followup_2026-09-16.md,,,,,
go2_mission_coordinate_consistent_seed_2026091402_full_jepa_noise_2mm_native_layout01_4800_v1_attempt_001,PACED_NATIVE_PREFIX_COMPLETE,OBSERVED_ROUND_TRIP_CANDIDATE,False,/home/andrewknowles/RecoveryStorage/LeWMQuad-v3/.generated/navigation_development_artifacts_v1/go2_mission_coordinate_consistent_seed_2026091402_full_jepa_noise_2mm_native_layout01_4800_v1_attempt_001/result.json,,,"{""status"":""PACED_NATIVE_PREFIX_COMPLETE"",""mission_terminal"":""OBSERVED_ROUND_TRIP_CANDIDATE"",""navigation_success_claimed"":false,""simulation_s"":161.16,""wall_s"":161.901783886,""camera_frames"":1610,""disallowed_contact"":false,""observed_arrivals"":""[{\""phase\"":\""OUTBOUND\"",\""frame\"":1041,\""measured_ns\"":105600000000,\""target_initial_body_xy_m\"":[0.0,1.3],\""observed_position_initial_body_xy_m\"":[0.0061280878278072515,1.2810375865049808],\""observed_distance_m\"":0.01992803517613836,\""quiet_intervals\"":10,\""native_verified\"":false},{\""phase\"":\""RETURN\"",\""frame\"":1608,\""measured_ns\"":162300000000,\""target_initial_body_xy_m\"":[0.0,0.0],\""observed_position_initial_body_xy_m\"":[0.002516220682990802,0.007123979289802013],\""observed_distance_m\"":0.007555292677788114,\""quiet_intervals\"":10,\""native_verified\"":false}]""}",docs/go2_development_artifact_retention_2026-09-14.md,/home/andrewknowles/RecoveryStorage/LeWMQuad-v3/.generated/navigation_development_artifacts_v1/go2_mission_coordinate_consistent_seed_2026091402_full_jepa_noise_2mm_native_layout01_4800_v1_attempt_001/continuous_native_arrival_evaluation.json,1,1,True,0
go2_mission_coordinate_consistent_seed_2026091402_no_rgb_jepa_noise_2mm_native_layout00_4800_v1_attempt_001,PACED_NATIVE_PREFIX_COMPLETE,OBSERVED_ROUND_TRIP_CANDIDATE,False,/home/andrewknowles/RecoveryStorage/LeWMQuad-v3/.generated/navigation_development_artifacts_v1/go2_mission_coordinate_consistent_seed_2026091402_no_rgb_jepa_noise_2mm_native_layout00_4800_v1_attempt_001/result.json,,,"{""status"":""PACED_NATIVE_PREFIX_COMPLETE"",""mission_terminal"":""OBSERVED_ROUND_TRIP_CANDIDATE"",""navigation_success_claimed"":false,""simulation_s"":208.74,""wall_s"":209.765757472,""camera_frames"":2086,""disallowed_contact"":false,""observed_arrivals"":""[{\""phase\"":\""OUTBOUND\"",\""frame\"":1388,\""measured_ns\"":140300000000,\""target_initial_body_xy_m\"":[0.0,2.6],\""observed_position_initial_body_xy_m\"":[0.003847100611530288,2.5984509824437816],\""observed_distance_m\"":0.004147244688309319,\""quiet_intervals\"":10,\""native_verified\"":false},{\""phase\"":\""RETURN\"",\""frame\"":2084,\""measured_ns\"":209900000000,\""target_initial_body_xy_m\"":[0.0,0.0],\""observed_position_initial_body_xy_m\"":[0.00036164767734199086,-0.010834161720375475],\""observed_distance_m\"":0.01084019599572702,\""quiet_intervals\"":10,\""native_verified\"":false}]""}",docs/go2_development_artifact_retention_2026-09-14.md,/home/andrewknowles/RecoveryStorage/LeWMQuad-v3/.generated/navigation_development_artifacts_v1/go2_mission_coordinate_consistent_seed_2026091402_no_rgb_jepa_noise_2mm_native_layout00_4800_v1_attempt_001/continuous_native_arrival_evaluation.json,1,1,True,0
go2_mission_coordinate_original_seed_2026091402_full_jepa_noise_2mm_native_layout01_4800_v1_attempt_001,PACED_NATIVE_PREFIX_COMPLETE,OBSERVED_ROUND_TRIP_CANDIDATE,False,/home/andrewknowles/RecoveryStorage/LeWMQuad-v3/.generated/navigation_development_artifacts_v1/go2_mission_coordinate_original_seed_2026091402_full_jepa_noise_2mm_native_layout01_4800_v1_attempt_001/result.json,,,"{""status"":""PACED_NATIVE_PREFIX_COMPLETE"",""mission_terminal"":""OBSERVED_ROUND_TRIP_CANDIDATE"",""navigation_success_claimed"":false,""simulation_s"":159.14,""wall_s"":159.899028983,""camera_frames"":1590,""disallowed_contact"":false,""observed_arrivals"":""[{\""phase\"":\""OUTBOUND\"",\""frame\"":1016,\""measured_ns\"":103100000000,\""target_initial_body_xy_m\"":[0.0,1.3],\""observed_position_initial_body_xy_m\"":[0.006181634273623331,1.3075321018618293],\""observed_distance_m\"":0.00974398074453182,\""quiet_intervals\"":10,\""native_verified\"":false},{\""phase\"":\""RETURN\"",\""frame\"":1588,\""measured_ns\"":160300000000,\""target_initial_body_xy_m\"":[0.0,0.0],\""observed_position_initial_body_xy_m\"":[0.006542914474399109,-0.002297190281898891],\""observed_distance_m\"":0.006934465589398513,\""quiet_intervals\"":10,\""native_verified\"":false}]""}",docs/go2_development_artifact_retention_2026-09-14.md,/home/andrewknowles/RecoveryStorage/LeWMQuad-v3/.generated/navigation_development_artifacts_v1/go2_mission_coordinate_original_seed_2026091402_full_jepa_noise_2mm_native_layout01_4800_v1_attempt_001/continuous_native_arrival_evaluation.json,1,1,True,0
go2_mission_coordinate_original_seed_2026091402_no_rgb_jepa_noise_2mm_native_layout00_4800_v1_attempt_001,PACED_NATIVE_PREFIX_COMPLETE,OBSERVED_ROUND_TRIP_CANDIDATE,False,/home/andrewknowles/RecoveryStorage/LeWMQuad-v3/.generated/navigation_development_artifacts_v1/go2_mission_coordinate_original_seed_2026091402_no_rgb_jepa_noise_2mm_native_layout00_4800_v1_attempt_001/result.json,,,"{""status"":""PACED_NATIVE_PREFIX_COMPLETE"",""mission_terminal"":""OBSERVED_ROUND_TRIP_CANDIDATE"",""navigation_success_claimed"":false,""simulation_s"":182.42,""wall_s"":183.332424144,""camera_frames"":1823,""disallowed_contact"":false,""observed_arrivals"":""[{\""phase\"":\""OUTBOUND\"",\""frame\"":1332,\""measured_ns\"":134700000000,\""target_initial_body_xy_m\"":[0.0,2.6],\""observed_position_initial_body_xy_m\"":[-0.0002084902128093058,2.588583142802507],\""observed_distance_m\"":0.011418760722459632,\""quiet_intervals\"":10,\""native_verified\"":false},{\""phase\"":\""RETURN\"",\""frame\"":1821,\""measured_ns\"":183600000000,\""target_initial_body_xy_m\"":[0.0,0.0],\""observed_position_initial_body_xy_m\"":[-0.0015599842682188854,-0.007508444244389577],\""observed_distance_m\"":0.007668786467766421,\""quiet_intervals\"":10,\""native_verified\"":false}]""}",docs/go2_development_artifact_retention_2026-09-14.md,/home/andrewknowles/RecoveryStorage/LeWMQuad-v3/.generated/navigation_development_artifacts_v1/go2_mission_coordinate_original_seed_2026091402_no_rgb_jepa_noise_2mm_native_layout00_4800_v1_attempt_001/continuous_native_arrival_evaluation.json,1,1,True,0
go2_motion_residual_standoff_native_layout00_v1_attempt_001,FAILURE_RECORD_ONLY,,,,/home/andrewknowles/RecoveryStorage/LeWMQuad-v3/.generated/navigation_development_artifacts_v1/go2_motion_residual_standoff_native_layout00_v1_attempt_001/failure.json,"RuntimeError('[{\'stage\': \'planning\', \'reason\': \'TypeError(\\\'can only concatenate tuple (not ""list"") to tuple\\\')\'}]')",{},docs/go2_feature150_memory_clearance_experiment_2026-09-13.md,,,,,
go2_motion_residual_standoff_native_layout00_v1_attempt_002,PACED_NATIVE_PREFIX_COMPLETE,MISSION_TICK_BUDGET_EXHAUSTED,False,/home/andrewknowles/RecoveryStorage/LeWMQuad-v3/.generated/navigation_development_artifacts_v1/go2_motion_residual_standoff_native_layout00_v1_attempt_002/result.json,,,"{""status"":""PACED_NATIVE_PREFIX_COMPLETE"",""mission_terminal"":""MISSION_TICK_BUDGET_EXHAUSTED"",""navigation_success_claimed"":false,""simulation_s"":181.02,""wall_s"":181.138337462,""camera_frames"":1805,""disallowed_contact"":false,""observed_arrivals"":""[]""}",docs/go2_development_artifact_retention_2026-09-14.md;docs/go2_feature150_memory_clearance_experiment_2026-09-13.md,,,,,
go2_moving_action_switch_family_v1_attempt_001,MOVING_ACTION_SWITCH_COLLECTION_AND_AUDIT_COMPLETE,,,/home/andrewknowles/RecoveryStorage/LeWMQuad-v3/.generated/navigation_development_artifacts_v1/go2_moving_action_switch_family_v1_attempt_001/result.json,,,"{""status"":""MOVING_ACTION_SWITCH_COLLECTION_AND_AUDIT_COMPLETE""}",docs/go2_moving_action_switch_family_collection_v1_2026-09-08.md;docs/go2_moving_action_switch_family_result_2026-09-08.md;docs/go2_training_artifact_duplicate_inventory_v1_2026-09-09.md,,,,,
go2_moving_action_switch_inputs_v1_attempt_001,MOVING_ACTION_SWITCH_INPUTS_COMPLETE,,,/home/andrewknowles/RecoveryStorage/LeWMQuad-v3/.generated/navigation_development_artifacts_v1/go2_moving_action_switch_inputs_v1_attempt_001/result.json,,,"{""status"":""MOVING_ACTION_SWITCH_INPUTS_COMPLETE"",""wall_s"":35.67507343296893}",docs/go2_moving_action_switch_inputs_result_2026-09-08.md;docs/go2_moving_action_switch_inputs_v1_2026-09-08.md,,,,,
go2_moving_action_switch_scaling_four_v1_attempt_001,RESULT_RECORDED,,,/home/andrewknowles/RecoveryStorage/LeWMQuad-v3/.generated/navigation_development_artifacts_v1/go2_moving_action_switch_scaling_four_v1_attempt_001/result.json,,,"{""wall_s"":58.54109570500441}",docs/go2_moving_action_switch_scaling_result_2026-09-08.md;docs/go2_moving_action_switch_scaling_v1_2026-09-08.md,,,,,
go2_moving_action_switch_scaling_serial_v1_attempt_001,RESULT_RECORDED,,,/home/andrewknowles/RecoveryStorage/LeWMQuad-v3/.generated/navigation_development_artifacts_v1/go2_moving_action_switch_scaling_serial_v1_attempt_001/result.json,,,"{""wall_s"":202.5353366250638}",docs/go2_moving_action_switch_scaling_result_2026-09-08.md;docs/go2_moving_action_switch_scaling_v1_2026-09-08.md,,,,,
go2_moving_action_switch_scaling_v1_attempt_001,MOVING_ACTION_SWITCH_SCALING_COMPLETE,,,/home/andrewknowles/RecoveryStorage/LeWMQuad-v3/.generated/navigation_development_artifacts_v1/go2_moving_action_switch_scaling_v1_attempt_001/result.json,,,"{""status"":""MOVING_ACTION_SWITCH_SCALING_COMPLETE""}",docs/go2_moving_action_switch_family_result_2026-09-08.md;docs/go2_moving_action_switch_scaling_result_2026-09-08.md;docs/go2_moving_action_switch_scaling_v1_2026-09-08.md,,,,,
go2_multiseed_navigation_complete_comparison_v1_attempt_001,RESULT_RECORDED,,,/home/andrewknowles/RecoveryStorage/LeWMQuad-v3/.generated/navigation_development_artifacts_v1/go2_multiseed_navigation_complete_comparison_v1_attempt_001/result.json,,,{},docs/go2_multiseed_navigation_2026-09-15.md,,,,,
go2_multiseed_navigation_first_four_outcomes_v1_attempt_001,RESULT_RECORDED,,,/home/andrewknowles/RecoveryStorage/LeWMQuad-v3/.generated/navigation_development_artifacts_v1/go2_multiseed_navigation_first_four_outcomes_v1_attempt_001/result.json,,,{},docs/go2_multiseed_navigation_progress_notes_2026-09-15.md,,,,,
go2_multiseed_navigation_first_fourteen_source_comparison_v1_attempt_001,RESULT_RECORDED,,,/home/andrewknowles/RecoveryStorage/LeWMQuad-v3/.generated/navigation_development_artifacts_v1/go2_multiseed_navigation_first_fourteen_source_comparison_v1_attempt_001/result.json,,,{},docs/go2_multiseed_navigation_progress_notes_2026-09-15.md,,,,,
go2_multiseed_navigation_first_pair_outcomes_v1_attempt_001,RESULT_RECORDED,,,/home/andrewknowles/RecoveryStorage/LeWMQuad-v3/.generated/navigation_development_artifacts_v1/go2_multiseed_navigation_first_pair_outcomes_v1_attempt_001/result.json,,,{},docs/go2_multiseed_navigation_progress_notes_2026-09-15.md,,,,,
go2_multiseed_navigation_pose_command_noise_2mm_native_layout00_4800_v1_attempt_001,PACED_NATIVE_PREFIX_COMPLETE,OBSERVED_ROUND_TRIP_CANDIDATE,False,/home/andrewknowles/RecoveryStorage/LeWMQuad-v3/.generated/navigation_development_artifacts_v1/go2_multiseed_navigation_pose_command_noise_2mm_native_layout00_4800_v1_attempt_001/result.json,,,"{""status"":""PACED_NATIVE_PREFIX_COMPLETE"",""mission_terminal"":""OBSERVED_ROUND_TRIP_CANDIDATE"",""navigation_success_claimed"":false,""simulation_s"":209.7,""wall_s"":210.563703305,""camera_frames"":2093,""disallowed_contact"":false,""observed_arrivals"":""[{\""phase\"":\""OUTBOUND\"",\""frame\"":1392,\""measured_ns\"":140700000000,\""target_initial_body_xy_m\"":[0.0,-1.3],\""observed_position_initial_body_xy_m\"":[-0.010784545295441926,-1.3073785078605922],\""observed_distance_m\"":0.013067088255547157,\""quiet_intervals\"":10,\""native_verified\"":false},{\""phase\"":\""RETURN\"",\""frame\"":2091,\""measured_ns\"":210600000000,\""target_initial_body_xy_m\"":[0.0,0.0],\""observed_position_initial_body_xy_m\"":[0.015597464473043153,-0.002258730538109591],\""observed_distance_m\"":0.01576016375649797,\""quiet_intervals\"":10,\""native_verified\"":false}]""}",docs/go2_development_artifact_retention_2026-09-14.md,/home/andrewknowles/RecoveryStorage/LeWMQuad-v3/.generated/navigation_development_artifacts_v1/go2_multiseed_navigation_pose_command_noise_2mm_native_layout00_4800_v1_attempt_001/continuous_native_arrival_evaluation.json,1,1,True,0
go2_multiseed_navigation_pose_command_noise_2mm_native_layout01_4800_v1_attempt_001,PACED_NATIVE_PREFIX_COMPLETE,OBSERVED_ROUND_TRIP_CANDIDATE,False,/home/andrewknowles/RecoveryStorage/LeWMQuad-v3/.generated/navigation_development_artifacts_v1/go2_multiseed_navigation_pose_command_noise_2mm_native_layout01_4800_v1_attempt_001/result.json,,,"{""status"":""PACED_NATIVE_PREFIX_COMPLETE"",""mission_terminal"":""OBSERVED_ROUND_TRIP_CANDIDATE"",""navigation_success_claimed"":false,""simulation_s"":178.44,""wall_s"":180.486321306,""camera_frames"":1782,""disallowed_contact"":false,""observed_arrivals"":""[{\""phase\"":\""OUTBOUND\"",\""frame\"":1011,\""measured_ns\"":102600000000,\""target_initial_body_xy_m\"":[0.0,2.6],\""observed_position_initial_body_xy_m\"":[0.01027316145704739,2.589722618145301],\""observed_distance_m\"":0.014531428839238974,\""quiet_intervals\"":10,\""native_verified\"":false},{\""phase\"":\""RETURN\"",\""frame\"":1780,\""measured_ns\"":179500000000,\""target_initial_body_xy_m\"":[0.0,0.0],\""observed_position_initial_body_xy_m\"":[0.01935742891057466,-0.0038486911693139023],\""observed_distance_m\"":0.019736323815358992,\""quiet_intervals\"":10,\""native_verified\"":false}]""}",docs/go2_development_artifact_retention_2026-09-14.md,/home/andrewknowles/RecoveryStorage/LeWMQuad-v3/.generated/navigation_development_artifacts_v1/go2_multiseed_navigation_pose_command_noise_2mm_native_layout01_4800_v1_attempt_001/continuous_native_arrival_evaluation.json,1,1,True,0
go2_multiseed_navigation_seed2026091001_layout00_comparison_v1_attempt_001,RESULT_RECORDED,,,/home/andrewknowles/RecoveryStorage/LeWMQuad-v3/.generated/navigation_development_artifacts_v1/go2_multiseed_navigation_seed2026091001_layout00_comparison_v1_attempt_001/result.json,,,{},docs/go2_multiseed_navigation_progress_notes_2026-09-15.md,,,,,
go2_multiseed_navigation_seed_2026091001_full_direct_noise_2mm_native_layout00_4800_v1_attempt_001,PACED_NATIVE_PREFIX_COMPLETE,OBSERVED_ROUND_TRIP_CANDIDATE,False,/home/andrewknowles/RecoveryStorage/LeWMQuad-v3/.generated/navigation_development_artifacts_v1/go2_multiseed_navigation_seed_2026091001_full_direct_noise_2mm_native_layout00_4800_v1_attempt_001/result.json,,,"{""status"":""PACED_NATIVE_PREFIX_COMPLETE"",""mission_terminal"":""OBSERVED_ROUND_TRIP_CANDIDATE"",""navigation_success_claimed"":false,""simulation_s"":250.78,""wall_s"":252.016714968,""camera_frames"":2506,""disallowed_contact"":false,""observed_arrivals"":""[{\""phase\"":\""OUTBOUND\"",\""frame\"":1745,\""measured_ns\"":176000000000,\""target_initial_body_xy_m\"":[0.0,-1.3],\""observed_position_initial_body_xy_m\"":[-0.012476472727467835,-1.3120528790379151],\""observed_distance_m\"":0.01734745701311467,\""quiet_intervals\"":10,\""native_verified\"":false},{\""phase\"":\""RETURN\"",\""frame\"":2504,\""measured_ns\"":251900000000,\""target_initial_body_xy_m\"":[0.0,0.0],\""observed_position_initial_body_xy_m\"":[0.017097853738194155,-0.009433427957206367],\""observed_distance_m\"":0.01952757449035805,\""quiet_intervals\"":10,\""native_verified\"":false}]""}",docs/go2_development_artifact_retention_2026-09-14.md,/home/andrewknowles/RecoveryStorage/LeWMQuad-v3/.generated/navigation_development_artifacts_v1/go2_multiseed_navigation_seed_2026091001_full_direct_noise_2mm_native_layout00_4800_v1_attempt_001/continuous_native_arrival_evaluation.json,1,1,True,0
go2_multiseed_navigation_seed_2026091001_full_direct_noise_2mm_native_layout01_4800_v1_attempt_001,PACED_NATIVE_PREFIX_COMPLETE,OBSERVED_ROUND_TRIP_CANDIDATE,False,/home/andrewknowles/RecoveryStorage/LeWMQuad-v3/.generated/navigation_development_artifacts_v1/go2_multiseed_navigation_seed_2026091001_full_direct_noise_2mm_native_layout01_4800_v1_attempt_001/result.json,,,"{""status"":""PACED_NATIVE_PREFIX_COMPLETE"",""mission_terminal"":""OBSERVED_ROUND_TRIP_CANDIDATE"",""navigation_success_claimed"":false,""simulation_s"":181.56,""wall_s"":186.588966447,""camera_frames"":1814,""disallowed_contact"":false,""observed_arrivals"":""[{\""phase\"":\""OUTBOUND\"",\""frame\"":1252,\""measured_ns\"":126700000000,\""target_initial_body_xy_m\"":[0.0,2.6],\""observed_position_initial_body_xy_m\"":[-0.012784023795489857,2.598017667301635],\""observed_distance_m\"":0.012936804370889236,\""quiet_intervals\"":10,\""native_verified\"":false},{\""phase\"":\""RETURN\"",\""frame\"":1812,\""measured_ns\"":182700000000,\""target_initial_body_xy_m\"":[0.0,0.0],\""observed_position_initial_body_xy_m\"":[-0.013673927880919692,-0.0018579428476403093],\""observed_distance_m\"":0.013799574461471292,\""quiet_intervals\"":10,\""native_verified\"":false}]""}",docs/go2_development_artifact_retention_2026-09-14.md,/home/andrewknowles/RecoveryStorage/LeWMQuad-v3/.generated/navigation_development_artifacts_v1/go2_multiseed_navigation_seed_2026091001_full_direct_noise_2mm_native_layout01_4800_v1_attempt_001/continuous_native_arrival_evaluation.json,1,1,True,0
go2_multiseed_navigation_seed_2026091001_full_jepa_noise_2mm_native_layout00_4800_v1_attempt_001,PACED_NATIVE_PREFIX_COMPLETE,OBSERVED_ROUND_TRIP_CANDIDATE,False,/home/andrewknowles/RecoveryStorage/LeWMQuad-v3/.generated/navigation_development_artifacts_v1/go2_multiseed_navigation_seed_2026091001_full_jepa_noise_2mm_native_layout00_4800_v1_attempt_001/result.json,,,"{""status"":""PACED_NATIVE_PREFIX_COMPLETE"",""mission_terminal"":""OBSERVED_ROUND_TRIP_CANDIDATE"",""navigation_success_claimed"":false,""simulation_s"":224.92,""wall_s"":226.050477473,""camera_frames"":2248,""disallowed_contact"":false,""observed_arrivals"":""[{\""phase\"":\""OUTBOUND\"",\""frame\"":1552,\""measured_ns\"":156700000000,\""target_initial_body_xy_m\"":[0.0,-1.3],\""observed_position_initial_body_xy_m\"":[0.009381632744499626,-1.315311748984404],\""observed_distance_m\"":0.01795730185506892,\""quiet_intervals\"":10,\""native_verified\"":false},{\""phase\"":\""RETURN\"",\""frame\"":2246,\""measured_ns\"":226100000000,\""target_initial_body_xy_m\"":[0.0,0.0],\""observed_position_initial_body_xy_m\"":[0.007057874051930999,0.01103439260515333],\""observed_distance_m\"":0.013098526875094902,\""quiet_intervals\"":10,\""native_verified\"":false}]""}",docs/go2_development_artifact_retention_2026-09-14.md,/home/andrewknowles/RecoveryStorage/LeWMQuad-v3/.generated/navigation_development_artifacts_v1/go2_multiseed_navigation_seed_2026091001_full_jepa_noise_2mm_native_layout00_4800_v1_attempt_001/continuous_native_arrival_evaluation.json,1,1,True,0
go2_multiseed_navigation_seed_2026091001_full_jepa_noise_2mm_native_layout01_4800_v1_attempt_001,PACED_NATIVE_PREFIX_COMPLETE,OBSERVED_ROUND_TRIP_CANDIDATE,False,/home/andrewknowles/RecoveryStorage/LeWMQuad-v3/.generated/navigation_development_artifacts_v1/go2_multiseed_navigation_seed_2026091001_full_jepa_noise_2mm_native_layout01_4800_v1_attempt_001/result.json,,,"{""status"":""PACED_NATIVE_PREFIX_COMPLETE"",""mission_terminal"":""OBSERVED_ROUND_TRIP_CANDIDATE"",""navigation_success_claimed"":false,""simulation_s"":207.68,""wall_s"":209.464119003,""camera_frames"":2073,""disallowed_contact"":false,""observed_arrivals"":""[{\""phase\"":\""OUTBOUND\"",\""frame\"":1459,\""measured_ns\"":147400000000,\""target_initial_body_xy_m\"":[0.0,2.6],\""observed_position_initial_body_xy_m\"":[0.010969066245650692,2.6005784062187978],\""observed_distance_m\"":0.010984305533597341,\""quiet_intervals\"":10,\""native_verified\"":false},{\""phase\"":\""RETURN\"",\""frame\"":2071,\""measured_ns\"":208600000000,\""target_initial_body_xy_m\"":[0.0,0.0],\""observed_position_initial_body_xy_m\"":[0.00320584485698782,-0.018371296914156343],\""observed_distance_m\"":0.01864891395109017,\""quiet_intervals\"":10,\""native_verified\"":false}]""}",docs/go2_development_artifact_retention_2026-09-14.md,/home/andrewknowles/RecoveryStorage/LeWMQuad-v3/.generated/navigation_development_artifacts_v1/go2_multiseed_navigation_seed_2026091001_full_jepa_noise_2mm_native_layout01_4800_v1_attempt_001/continuous_native_arrival_evaluation.json,1,1,True,0
go2_multiseed_navigation_seed_2026091001_full_supervised_rollout_noise_2mm_native_layout00_4800_v1_attempt_001,PACED_NATIVE_PREFIX_COMPLETE,OBSERVED_ROUND_TRIP_CANDIDATE,False,/home/andrewknowles/RecoveryStorage/LeWMQuad-v3/.generated/navigation_development_artifacts_v1/go2_multiseed_navigation_seed_2026091001_full_supervised_rollout_noise_2mm_native_layout00_4800_v1_attempt_001/result.json,,,"{""status"":""PACED_NATIVE_PREFIX_COMPLETE"",""mission_terminal"":""OBSERVED_ROUND_TRIP_CANDIDATE"",""navigation_success_claimed"":false,""simulation_s"":206.46,""wall_s"":207.335653821,""camera_frames"":2061,""disallowed_contact"":false,""observed_arrivals"":""[{\""phase\"":\""OUTBOUND\"",\""frame\"":1379,\""measured_ns\"":139400000000,\""target_initial_body_xy_m\"":[0.0,-1.3],\""observed_position_initial_body_xy_m\"":[0.015883634783103655,-1.3030981003469848],\""observed_distance_m\"":0.016182956456809967,\""quiet_intervals\"":10,\""native_verified\"":false},{\""phase\"":\""RETURN\"",\""frame\"":2059,\""measured_ns\"":207400000000,\""target_initial_body_xy_m\"":[0.0,0.0],\""observed_position_initial_body_xy_m\"":[0.0001599380242090812,0.0031211465157463714],\""observed_distance_m\"":0.003125241709747203,\""quiet_intervals\"":10,\""native_verified\"":false}]""}",docs/go2_development_artifact_retention_2026-09-14.md,/home/andrewknowles/RecoveryStorage/LeWMQuad-v3/.generated/navigation_development_artifacts_v1/go2_multiseed_navigation_seed_2026091001_full_supervised_rollout_noise_2mm_native_layout00_4800_v1_attempt_001/continuous_native_arrival_evaluation.json,1,1,True,0
go2_multiseed_navigation_seed_2026091001_full_supervised_rollout_noise_2mm_native_layout01_4800_v1_attempt_001,PACED_NATIVE_PREFIX_COMPLETE,OBSERVED_ROUND_TRIP_CANDIDATE,False,/home/andrewknowles/RecoveryStorage/LeWMQuad-v3/.generated/navigation_development_artifacts_v1/go2_multiseed_navigation_seed_2026091001_full_supervised_rollout_noise_2mm_native_layout01_4800_v1_attempt_001/result.json,,,"{""status"":""PACED_NATIVE_PREFIX_COMPLETE"",""mission_terminal"":""OBSERVED_ROUND_TRIP_CANDIDATE"",""navigation_success_claimed"":false,""simulation_s"":161.14,""wall_s"":163.522653446,""camera_frames"":1610,""disallowed_contact"":false,""observed_arrivals"":""[{\""phase\"":\""OUTBOUND\"",\""frame\"":1120,\""measured_ns\"":113500000000,\""target_initial_body_xy_m\"":[0.0,2.6],\""observed_position_initial_body_xy_m\"":[-0.007702701094367655,2.5875914061103282],\""observed_distance_m\"":0.014604958283677996,\""quiet_intervals\"":10,\""native_verified\"":false},{\""phase\"":\""RETURN\"",\""frame\"":1608,\""measured_ns\"":162300000000,\""target_initial_body_xy_m\"":[0.0,0.0],\""observed_position_initial_body_xy_m\"":[-0.007032236578104193,0.009760080173065835],\""observed_distance_m\"":0.012029609980173895,\""quiet_intervals\"":10,\""native_verified\"":false}]""}",docs/go2_development_artifact_retention_2026-09-14.md,/home/andrewknowles/RecoveryStorage/LeWMQuad-v3/.generated/navigation_development_artifacts_v1/go2_multiseed_navigation_seed_2026091001_full_supervised_rollout_noise_2mm_native_layout01_4800_v1_attempt_001/continuous_native_arrival_evaluation.json,1,1,True,0
go2_multiseed_navigation_seed_2026091401_full_direct_noise_2mm_native_layout00_4800_v1_attempt_001,PACED_NATIVE_PREFIX_COMPLETE,OBSERVED_ROUND_TRIP_CANDIDATE,False,/home/andrewknowles/RecoveryStorage/LeWMQuad-v3/.generated/navigation_development_artifacts_v1/go2_multiseed_navigation_seed_2026091401_full_direct_noise_2mm_native_layout00_4800_v1_attempt_001/result.json,,,"{""status"":""PACED_NATIVE_PREFIX_COMPLETE"",""mission_terminal"":""OBSERVED_ROUND_TRIP_CANDIDATE"",""navigation_success_claimed"":false,""simulation_s"":219.92,""wall_s"":220.860643641,""camera_frames"":2195,""disallowed_contact"":false,""observed_arrivals"":""[{\""phase\"":\""OUTBOUND\"",\""frame\"":1537,\""measured_ns\"":155200000000,\""target_initial_body_xy_m\"":[0.0,-1.3],\""observed_position_initial_body_xy_m\"":[-0.0116054213998568,-1.299677203573027],\""observed_distance_m\"":0.011609909706863387,\""quiet_intervals\"":10,\""native_verified\"":false},{\""phase\"":\""RETURN\"",\""frame\"":2192,\""measured_ns\"":220700000000,\""target_initial_body_xy_m\"":[0.0,0.0],\""observed_position_initial_body_xy_m\"":[-0.0015325164743874601,-0.009804416963987546],\""observed_distance_m\"":0.009923467072953673,\""quiet_intervals\"":10,\""native_verified\"":false}]""}",docs/go2_development_artifact_retention_2026-09-14.md,/home/andrewknowles/RecoveryStorage/LeWMQuad-v3/.generated/navigation_development_artifacts_v1/go2_multiseed_navigation_seed_2026091401_full_direct_noise_2mm_native_layout00_4800_v1_attempt_001/continuous_native_arrival_evaluation.json,1,1,True,0
go2_multiseed_navigation_seed_2026091401_full_direct_noise_2mm_native_layout01_4800_v1_attempt_001,PACED_NATIVE_PREFIX_COMPLETE,OBSERVED_ROUND_TRIP_CANDIDATE,False,/home/andrewknowles/RecoveryStorage/LeWMQuad-v3/.generated/navigation_development_artifacts_v1/go2_multiseed_navigation_seed_2026091401_full_direct_noise_2mm_native_layout01_4800_v1_attempt_001/result.json,,,"{""status"":""PACED_NATIVE_PREFIX_COMPLETE"",""mission_terminal"":""OBSERVED_ROUND_TRIP_CANDIDATE"",""navigation_success_claimed"":false,""simulation_s"":142.4,""wall_s"":143.943464945,""camera_frames"":1422,""disallowed_contact"":false,""observed_arrivals"":""[{\""phase\"":\""OUTBOUND\"",\""frame\"":948,\""measured_ns\"":96300000000,\""target_initial_body_xy_m\"":[0.0,2.6],\""observed_position_initial_body_xy_m\"":[0.0009952194496456166,2.586306058517659],\""observed_distance_m\"":0.01373005808708509,\""quiet_intervals\"":10,\""native_verified\"":false},{\""phase\"":\""RETURN\"",\""frame\"":1420,\""measured_ns\"":143500000000,\""target_initial_body_xy_m\"":[0.0,0.0],\""observed_position_initial_body_xy_m\"":[0.008286366550019388,-0.007015679076325736],\""observed_distance_m\"":0.01085742250735758,\""quiet_intervals\"":10,\""native_verified\"":false}]""}",docs/go2_development_artifact_retention_2026-09-14.md,/home/andrewknowles/RecoveryStorage/LeWMQuad-v3/.generated/navigation_development_artifacts_v1/go2_multiseed_navigation_seed_2026091401_full_direct_noise_2mm_native_layout01_4800_v1_attempt_001/continuous_native_arrival_evaluation.json,1,1,True,0
go2_multiseed_navigation_seed_2026091401_full_jepa_noise_2mm_native_layout00_4800_v1_attempt_001,PACED_NATIVE_PREFIX_COMPLETE,OBSERVED_ROUND_TRIP_CANDIDATE,False,/home/andrewknowles/RecoveryStorage/LeWMQuad-v3/.generated/navigation_development_artifacts_v1/go2_multiseed_navigation_seed_2026091401_full_jepa_noise_2mm_native_layout00_4800_v1_attempt_001/result.json,,,"{""status"":""PACED_NATIVE_PREFIX_COMPLETE"",""mission_terminal"":""OBSERVED_ROUND_TRIP_CANDIDATE"",""navigation_success_claimed"":false,""simulation_s"":252.6,""wall_s"":253.762768133,""camera_frames"":2523,""disallowed_contact"":false,""observed_arrivals"":""[{\""phase\"":\""OUTBOUND\"",\""frame\"":1816,\""measured_ns\"":183100000000,\""target_initial_body_xy_m\"":[0.0,-1.3],\""observed_position_initial_body_xy_m\"":[-0.002169712178710958,-1.3197742292831254],\""observed_distance_m\"":0.01989290815039516,\""quiet_intervals\"":10,\""native_verified\"":false},{\""phase\"":\""RETURN\"",\""frame\"":2521,\""measured_ns\"":253600000000,\""target_initial_body_xy_m\"":[0.0,0.0],\""observed_position_initial_body_xy_m\"":[-0.01639380712328028,0.004795927495574774],\""observed_distance_m\"":0.01708092013148371,\""quiet_intervals\"":10,\""native_verified\"":false}]""}",docs/go2_development_artifact_retention_2026-09-14.md,/home/andrewknowles/RecoveryStorage/LeWMQuad-v3/.generated/navigation_development_artifacts_v1/go2_multiseed_navigation_seed_2026091401_full_jepa_noise_2mm_native_layout00_4800_v1_attempt_001/continuous_native_arrival_evaluation.json,1,1,True,0
go2_multiseed_navigation_seed_2026091401_full_supervised_rollout_noise_2mm_native_layout00_4800_v1_attempt_001,PACED_NATIVE_PREFIX_COMPLETE,OBSERVED_ROUND_TRIP_CANDIDATE,False,/home/andrewknowles/RecoveryStorage/LeWMQuad-v3/.generated/navigation_development_artifacts_v1/go2_multiseed_navigation_seed_2026091401_full_supervised_rollout_noise_2mm_native_layout00_4800_v1_attempt_001/result.json,,,"{""status"":""PACED_NATIVE_PREFIX_COMPLETE"",""mission_terminal"":""OBSERVED_ROUND_TRIP_CANDIDATE"",""navigation_success_claimed"":false,""simulation_s"":214.82,""wall_s"":215.867033206,""camera_frames"":2146,""disallowed_contact"":false,""observed_arrivals"":""[{\""phase\"":\""OUTBOUND\"",\""frame\"":1428,\""measured_ns\"":144300000000,\""target_initial_body_xy_m\"":[0.0,-1.3],\""observed_position_initial_body_xy_m\"":[0.013894491442414,-1.2929250521756355],\""observed_distance_m\"":0.01559204217416041,\""quiet_intervals\"":10,\""native_verified\"":false},{\""phase\"":\""RETURN\"",\""frame\"":2144,\""measured_ns\"":215900000000,\""target_initial_body_xy_m\"":[0.0,0.0],\""observed_position_initial_body_xy_m\"":[-0.00033083312438384827,0.007142600945445252],\""observed_distance_m\"":0.007150258654207202,\""quiet_intervals\"":10,\""native_verified\"":false}]""}",docs/go2_development_artifact_retention_2026-09-14.md,/home/andrewknowles/RecoveryStorage/LeWMQuad-v3/.generated/navigation_development_artifacts_v1/go2_multiseed_navigation_seed_2026091401_full_supervised_rollout_noise_2mm_native_layout00_4800_v1_attempt_001/continuous_native_arrival_evaluation.json,1,1,True,0
go2_multiseed_navigation_seed_2026091401_full_supervised_rollout_noise_2mm_native_layout01_4800_v1_attempt_001,PACED_NATIVE_PREFIX_COMPLETE,OBSERVED_ROUND_TRIP_CANDIDATE,False,/home/andrewknowles/RecoveryStorage/LeWMQuad-v3/.generated/navigation_development_artifacts_v1/go2_multiseed_navigation_seed_2026091401_full_supervised_rollout_noise_2mm_native_layout01_4800_v1_attempt_001/result.json,,,"{""status"":""PACED_NATIVE_PREFIX_COMPLETE"",""mission_terminal"":""OBSERVED_ROUND_TRIP_CANDIDATE"",""navigation_success_claimed"":false,""simulation_s"":136.0,""wall_s"":138.54217165,""camera_frames"":1358,""disallowed_contact"":false,""observed_arrivals"":""[{\""phase\"":\""OUTBOUND\"",\""frame\"":854,\""measured_ns\"":86900000000,\""target_initial_body_xy_m\"":[0.0,2.6],\""observed_position_initial_body_xy_m\"":[0.008063361400889937,2.607631723193594],\""observed_distance_m\"":0.011102296878799447,\""quiet_intervals\"":10,\""native_verified\"":false},{\""phase\"":\""RETURN\"",\""frame\"":1356,\""measured_ns\"":137100000000,\""target_initial_body_xy_m\"":[0.0,0.0],\""observed_position_initial_body_xy_m\"":[0.006142643945429468,0.00297876440194458],\""observed_distance_m\"":0.006826793683905611,\""quiet_intervals\"":10,\""native_verified\"":false}]""}",docs/go2_development_artifact_retention_2026-09-14.md,/home/andrewknowles/RecoveryStorage/LeWMQuad-v3/.generated/navigation_development_artifacts_v1/go2_multiseed_navigation_seed_2026091401_full_supervised_rollout_noise_2mm_native_layout01_4800_v1_attempt_001/continuous_native_arrival_evaluation.json,1,1,True,0
go2_multiseed_navigation_seed_2026091402_full_direct_noise_2mm_native_layout00_4800_v1_attempt_001,PACED_NATIVE_PREFIX_COMPLETE,OBSERVED_ROUND_TRIP_CANDIDATE,False,/home/andrewknowles/RecoveryStorage/LeWMQuad-v3/.generated/navigation_development_artifacts_v1/go2_multiseed_navigation_seed_2026091402_full_direct_noise_2mm_native_layout00_4800_v1_attempt_001/result.json,,,"{""status"":""PACED_NATIVE_PREFIX_COMPLETE"",""mission_terminal"":""OBSERVED_ROUND_TRIP_CANDIDATE"",""navigation_success_claimed"":false,""simulation_s"":228.42,""wall_s"":229.487300519,""camera_frames"":2281,""disallowed_contact"":false,""observed_arrivals"":""[{\""phase\"":\""OUTBOUND\"",\""frame\"":1573,\""measured_ns\"":158800000000,\""target_initial_body_xy_m\"":[0.0,-1.3],\""observed_position_initial_body_xy_m\"":[-0.000923342906699718,-1.3052262136535255],\""observed_distance_m\"":0.0053071528408035265,\""quiet_intervals\"":10,\""native_verified\"":false},{\""phase\"":\""RETURN\"",\""frame\"":2279,\""measured_ns\"":229400000000,\""target_initial_body_xy_m\"":[0.0,0.0],\""observed_position_initial_body_xy_m\"":[-0.0035170003931623943,0.007887382340726327],\""observed_distance_m\"":0.008635976606864215,\""quiet_intervals\"":10,\""native_verified\"":false}]""}",docs/go2_development_artifact_retention_2026-09-14.md,/home/andrewknowles/RecoveryStorage/LeWMQuad-v3/.generated/navigation_development_artifacts_v1/go2_multiseed_navigation_seed_2026091402_full_direct_noise_2mm_native_layout00_4800_v1_attempt_001/continuous_native_arrival_evaluation.json,1,1,True,0
go2_multiseed_navigation_seed_2026091402_full_jepa_noise_2mm_native_layout00_4800_v1_attempt_001,PACED_NATIVE_PREFIX_COMPLETE,OBSERVED_ROUND_TRIP_CANDIDATE,False,/home/andrewknowles/RecoveryStorage/LeWMQuad-v3/.generated/navigation_development_artifacts_v1/go2_multiseed_navigation_seed_2026091402_full_jepa_noise_2mm_native_layout00_4800_v1_attempt_001/result.json,,,"{""status"":""PACED_NATIVE_PREFIX_COMPLETE"",""mission_terminal"":""OBSERVED_ROUND_TRIP_CANDIDATE"",""navigation_success_claimed"":false,""simulation_s"":281.92,""wall_s"":283.39940154,""camera_frames"":2818,""disallowed_contact"":false,""observed_arrivals"":""[{\""phase\"":\""OUTBOUND\"",\""frame\"":1867,\""measured_ns\"":188200000000,\""target_initial_body_xy_m\"":[0.0,-1.3],\""observed_position_initial_body_xy_m\"":[0.017255852217793376,-1.3008346446528027],\""observed_distance_m\"":0.01727602580047786,\""quiet_intervals\"":10,\""native_verified\"":false},{\""phase\"":\""RETURN\"",\""frame\"":2816,\""measured_ns\"":283100000000,\""target_initial_body_xy_m\"":[0.0,0.0],\""observed_position_initial_body_xy_m\"":[-0.011083576667011026,0.0023277725162421177],\""observed_distance_m\"":0.011325378431685336,\""quiet_intervals\"":10,\""native_verified\"":false}]""}",docs/go2_development_artifact_retention_2026-09-14.md,/home/andrewknowles/RecoveryStorage/LeWMQuad-v3/.generated/navigation_development_artifacts_v1/go2_multiseed_navigation_seed_2026091402_full_jepa_noise_2mm_native_layout00_4800_v1_attempt_001/continuous_native_arrival_evaluation.json,1,1,True,0
go2_multiseed_navigation_seed_2026091402_full_jepa_noise_2mm_native_layout01_4800_v1_attempt_001,PACED_NATIVE_PREFIX_COMPLETE,OBSERVED_ROUND_TRIP_CANDIDATE,False,/home/andrewknowles/RecoveryStorage/LeWMQuad-v3/.generated/navigation_development_artifacts_v1/go2_multiseed_navigation_seed_2026091402_full_jepa_noise_2mm_native_layout01_4800_v1_attempt_001/result.json,,,"{""status"":""PACED_NATIVE_PREFIX_COMPLETE"",""mission_terminal"":""OBSERVED_ROUND_TRIP_CANDIDATE"",""navigation_success_claimed"":false,""simulation_s"":148.42,""wall_s"":150.530338674,""camera_frames"":1481,""disallowed_contact"":false,""observed_arrivals"":""[{\""phase\"":\""OUTBOUND\"",\""frame\"":915,\""measured_ns\"":93000000000,\""target_initial_body_xy_m\"":[0.0,2.6],\""observed_position_initial_body_xy_m\"":[0.014249539496701692,2.603159443512706],\""observed_distance_m\"":0.01459559725321442,\""quiet_intervals\"":10,\""native_verified\"":false},{\""phase\"":\""RETURN\"",\""frame\"":1479,\""measured_ns\"":149400000000,\""target_initial_body_xy_m\"":[0.0,0.0],\""observed_position_initial_body_xy_m\"":[-0.0007238445186543122,-0.01987126356548396],\""observed_distance_m\"":0.019884442827902322,\""quiet_intervals\"":10,\""native_verified\"":false}]""}",docs/go2_development_artifact_retention_2026-09-14.md,/home/andrewknowles/RecoveryStorage/LeWMQuad-v3/.generated/navigation_development_artifacts_v1/go2_multiseed_navigation_seed_2026091402_full_jepa_noise_2mm_native_layout01_4800_v1_attempt_001/continuous_native_arrival_evaluation.json,1,1,True,0
go2_multiseed_navigation_seed_2026091402_full_supervised_rollout_noise_2mm_native_layout00_4800_v1_attempt_001,PACED_NATIVE_PREFIX_COMPLETE,OBSERVED_ROUND_TRIP_CANDIDATE,False,/home/andrewknowles/RecoveryStorage/LeWMQuad-v3/.generated/navigation_development_artifacts_v1/go2_multiseed_navigation_seed_2026091402_full_supervised_rollout_noise_2mm_native_layout00_4800_v1_attempt_001/result.json,,,"{""status"":""PACED_NATIVE_PREFIX_COMPLETE"",""mission_terminal"":""OBSERVED_ROUND_TRIP_CANDIDATE"",""navigation_success_claimed"":false,""simulation_s"":239.94,""wall_s"":241.139295988,""camera_frames"":2398,""disallowed_contact"":false,""observed_arrivals"":""[{\""phase\"":\""OUTBOUND\"",\""frame\"":1688,\""measured_ns\"":170300000000,\""target_initial_body_xy_m\"":[0.0,-1.3],\""observed_position_initial_body_xy_m\"":[0.014672543290371733,-1.311881989249405],\""observed_distance_m\"":0.018880285885833546,\""quiet_intervals\"":10,\""native_verified\"":false},{\""phase\"":\""RETURN\"",\""frame\"":2396,\""measured_ns\"":241100000000,\""target_initial_body_xy_m\"":[0.0,0.0],\""observed_position_initial_body_xy_m\"":[0.008376632893882617,0.0013722966523880842],\""observed_distance_m\"":0.008488296456947755,\""quiet_intervals\"":10,\""native_verified\"":false}]""}",docs/go2_development_artifact_retention_2026-09-14.md,/home/andrewknowles/RecoveryStorage/LeWMQuad-v3/.generated/navigation_development_artifacts_v1/go2_multiseed_navigation_seed_2026091402_full_supervised_rollout_noise_2mm_native_layout00_4800_v1_attempt_001/continuous_native_arrival_evaluation.json,1,1,True,0
go2_native_acquisition_profile_layout00_v1_attempt_001,PACED_NATIVE_PREFIX_COMPLETE,,False,/home/andrewknowles/RecoveryStorage/LeWMQuad-v3/.generated/navigation_development_artifacts_v1/go2_native_acquisition_profile_layout00_v1_attempt_001/result.json,,,"{""status"":""PACED_NATIVE_PREFIX_COMPLETE"",""navigation_success_claimed"":false,""simulation_s"":1.3,""wall_s"":4.203594725,""camera_frames"":13,""disallowed_contact"":false}",docs/go2_paced_native_prefix_2026-09-13.md,,,,,
go2_nearby_panorama_baseline_native_layout00_4800_v1_attempt_001,PACED_NATIVE_PREFIX_COMPLETE,OBSERVED_ROUND_TRIP_CANDIDATE,False,/home/andrewknowles/RecoveryStorage/LeWMQuad-v3/.generated/navigation_development_artifacts_v1/go2_nearby_panorama_baseline_native_layout00_4800_v1_attempt_001/result.json,,,"{""status"":""PACED_NATIVE_PREFIX_COMPLETE"",""mission_terminal"":""OBSERVED_ROUND_TRIP_CANDIDATE"",""navigation_success_claimed"":false,""simulation_s"":476.06,""wall_s"":477.143951732,""camera_frames"":4758,""disallowed_contact"":false,""observed_arrivals"":""[{\""phase\"":\""OUTBOUND\"",\""frame\"":3604,\""measured_ns\"":361900000000,\""target_initial_body_xy_m\"":[0.0,-1.3],\""observed_position_initial_body_xy_m\"":[0.0046844162677007785,-1.3189333304601172],\""observed_distance_m\"":0.019504224108666795,\""quiet_intervals\"":10,\""native_verified\"":false},{\""phase\"":\""RETURN\"",\""frame\"":4756,\""measured_ns\"":477100000000,\""target_initial_body_xy_m\"":[0.0,0.0],\""observed_position_initial_body_xy_m\"":[0.013884554441533796,0.0026582839116740097],\""observed_distance_m\"":0.014136736730765723,\""quiet_intervals\"":10,\""native_verified\"":false}]""}",docs/go2_development_artifact_retention_2026-09-14.md;docs/go2_nearby_panorama_directed_view_hypothesis_2026-09-14.md,/home/andrewknowles/RecoveryStorage/LeWMQuad-v3/.generated/navigation_development_artifacts_v1/go2_nearby_panorama_baseline_native_layout00_4800_v1_attempt_001/continuous_native_arrival_evaluation.json,1,1,True,0
go2_nearby_panorama_baseline_native_layout01_4800_v1_attempt_001,PACED_NATIVE_PREFIX_COMPLETE,MISSION_TICK_BUDGET_EXHAUSTED,False,/home/andrewknowles/RecoveryStorage/LeWMQuad-v3/.generated/navigation_development_artifacts_v1/go2_nearby_panorama_baseline_native_layout01_4800_v1_attempt_001/result.json,,,"{""status"":""PACED_NATIVE_PREFIX_COMPLETE"",""mission_terminal"":""MISSION_TICK_BUDGET_EXHAUSTED"",""navigation_success_claimed"":false,""simulation_s"":481.02,""wall_s"":481.911595587,""camera_frames"":4805,""disallowed_contact"":false,""observed_arrivals"":""[]""}",docs/go2_nearby_panorama_directed_view_hypothesis_2026-09-14.md,/home/andrewknowles/RecoveryStorage/LeWMQuad-v3/.generated/navigation_development_artifacts_v1/go2_nearby_panorama_baseline_native_layout01_4800_v1_attempt_001/continuous_native_arrival_evaluation.json,0,0,False,0
go2_nearby_panorama_comparison_layout00_v1_attempt_001,RESULT_RECORDED,,,/home/andrewknowles/RecoveryStorage/LeWMQuad-v3/.generated/navigation_development_artifacts_v1/go2_nearby_panorama_comparison_layout00_v1_attempt_001/result.json,,,{},docs/go2_nearby_panorama_directed_view_hypothesis_2026-09-14.md,,,,,
go2_nearby_panorama_comparison_layout01_v1_attempt_001,RESULT_RECORDED,,,/home/andrewknowles/RecoveryStorage/LeWMQuad-v3/.generated/navigation_development_artifacts_v1/go2_nearby_panorama_comparison_layout01_v1_attempt_001/result.json,,,{},docs/go2_nearby_panorama_directed_view_hypothesis_2026-09-14.md,,,,,
go2_nearby_panorama_directed_native_layout00_4800_v1_attempt_001,PACED_NATIVE_PREFIX_COMPLETE,MISSION_TICK_BUDGET_EXHAUSTED,False,/home/andrewknowles/RecoveryStorage/LeWMQuad-v3/.generated/navigation_development_artifacts_v1/go2_nearby_panorama_directed_native_layout00_4800_v1_attempt_001/result.json,,,"{""status"":""PACED_NATIVE_PREFIX_COMPLETE"",""mission_terminal"":""MISSION_TICK_BUDGET_EXHAUSTED"",""navigation_success_claimed"":false,""simulation_s"":480.96,""wall_s"":481.946945656,""camera_frames"":4805,""disallowed_contact"":false,""observed_arrivals"":""[]""}",docs/go2_nearby_panorama_directed_view_hypothesis_2026-09-14.md,/home/andrewknowles/RecoveryStorage/LeWMQuad-v3/.generated/navigation_development_artifacts_v1/go2_nearby_panorama_directed_native_layout00_4800_v1_attempt_001/continuous_native_arrival_evaluation.json,0,0,False,0
go2_nearby_panorama_directed_native_layout01_4800_v1_attempt_001,PACED_NATIVE_PREFIX_COMPLETE,MISSION_TICK_BUDGET_EXHAUSTED,False,/home/andrewknowles/RecoveryStorage/LeWMQuad-v3/.generated/navigation_development_artifacts_v1/go2_nearby_panorama_directed_native_layout01_4800_v1_attempt_001/result.json,,,"{""status"":""PACED_NATIVE_PREFIX_COMPLETE"",""mission_terminal"":""MISSION_TICK_BUDGET_EXHAUSTED"",""navigation_success_claimed"":false,""simulation_s"":480.98,""wall_s"":481.890989642,""camera_frames"":4805,""disallowed_contact"":false,""observed_arrivals"":""[]""}",docs/go2_nearby_panorama_directed_view_hypothesis_2026-09-14.md,/home/andrewknowles/RecoveryStorage/LeWMQuad-v3/.generated/navigation_development_artifacts_v1/go2_nearby_panorama_directed_native_layout01_4800_v1_attempt_001/continuous_native_arrival_evaluation.json,0,0,False,0
go2_neural_rgb_motion_controls_readout_v1_attempt_001,RESULT_RECORDED,,,/home/andrewknowles/RecoveryStorage/LeWMQuad-v3/.generated/navigation_development_artifacts_v1/go2_neural_rgb_motion_controls_readout_v1_attempt_001/result.json,,,{},docs/go2_neural_rgb_motion_controls_result_2026-09-16.md,,,,,
go2_neural_rgb_terminal_metric_first28_diagnostic_v1_attempt_001,RESULT_RECORDED,,,/home/andrewknowles/RecoveryStorage/LeWMQuad-v3/.generated/navigation_development_artifacts_v1/go2_neural_rgb_terminal_metric_first28_diagnostic_v1_attempt_001/result.json,,,{},docs/go2_neural_rgb_transfer_2026-09-15.md,,,,,
go2_neural_rgb_transfer_comparison_seed_2026091001_jepa_layout00_v1_attempt_001,RESULT_RECORDED,,,/home/andrewknowles/RecoveryStorage/LeWMQuad-v3/.generated/navigation_development_artifacts_v1/go2_neural_rgb_transfer_comparison_seed_2026091001_jepa_layout00_v1_attempt_001/result.json,,,{},docs/go2_neural_rgb_transfer_2026-09-15.md,,,,,
go2_neural_rgb_transfer_complete_comparison_v1_attempt_001,RESULT_RECORDED,,,/home/andrewknowles/RecoveryStorage/LeWMQuad-v3/.generated/navigation_development_artifacts_v1/go2_neural_rgb_transfer_complete_comparison_v1_attempt_001/result.json,,,"{""round_trips"":35}",docs/go2_neural_rgb_transfer_complete_result_2026-09-16.md,,,,,
go2_neural_rgb_transfer_seed_2026091001_complete_comparison_v1_attempt_001,FIRST_SEED_COMPLETE_COHORT_PENDING,,,/home/andrewknowles/RecoveryStorage/LeWMQuad-v3/.generated/navigation_development_artifacts_v1/go2_neural_rgb_transfer_seed_2026091001_complete_comparison_v1_attempt_001/result.json,,,"{""status"":""FIRST_SEED_COMPLETE_COHORT_PENDING""}",docs/go2_neural_rgb_transfer_2026-09-15.md,,,,,
go2_neural_rgb_transfer_seed_2026091001_full_direct_noise_2mm_native_layout01_4800_v1_attempt_001,PACED_NATIVE_PREFIX_COMPLETE,OBSERVED_ROUND_TRIP_CANDIDATE,False,/home/andrewknowles/RecoveryStorage/LeWMQuad-v3/.generated/navigation_development_artifacts_v1/go2_neural_rgb_transfer_seed_2026091001_full_direct_noise_2mm_native_layout01_4800_v1_attempt_001/result.json,,,"{""status"":""PACED_NATIVE_PREFIX_COMPLETE"",""mission_terminal"":""OBSERVED_ROUND_TRIP_CANDIDATE"",""navigation_success_claimed"":false,""simulation_s"":201.22,""wall_s"":202.055421225,""camera_frames"":2009,""disallowed_contact"":false,""observed_arrivals"":""[{\""phase\"":\""OUTBOUND\"",\""frame\"":1448,\""measured_ns\"":146300000000,\""target_initial_body_xy_m\"":[0.0,1.3],\""observed_position_initial_body_xy_m\"":[0.002053248076819456,1.3184066026016035],\""observed_distance_m\"":0.018520767991590328,\""quiet_intervals\"":10,\""native_verified\"":false},{\""phase\"":\""RETURN\"",\""frame\"":2007,\""measured_ns\"":202200000000,\""target_initial_body_xy_m\"":[0.0,0.0],\""observed_position_initial_body_xy_m\"":[0.015255647103579425,-0.00422365847423919],\""observed_distance_m\"":0.015829531245616965,\""quiet_intervals\"":10,\""native_verified\"":false}]""}",docs/go2_development_artifact_retention_2026-09-14.md,/home/andrewknowles/RecoveryStorage/LeWMQuad-v3/.generated/navigation_development_artifacts_v1/go2_neural_rgb_transfer_seed_2026091001_full_direct_noise_2mm_native_layout01_4800_v1_attempt_001/continuous_native_arrival_evaluation.json,1,1,True,0
go2_neural_rgb_transfer_seed_2026091001_full_jepa_noise_2mm_native_layout00_4800_v1_attempt_001,PACED_NATIVE_PREFIX_COMPLETE,OBSERVED_ROUND_TRIP_CANDIDATE,False,/home/andrewknowles/RecoveryStorage/LeWMQuad-v3/.generated/navigation_development_artifacts_v1/go2_neural_rgb_transfer_seed_2026091001_full_jepa_noise_2mm_native_layout00_4800_v1_attempt_001/result.json,,,"{""status"":""PACED_NATIVE_PREFIX_COMPLETE"",""mission_terminal"":""OBSERVED_ROUND_TRIP_CANDIDATE"",""navigation_success_claimed"":false,""simulation_s"":169.16,""wall_s"":169.983909306,""camera_frames"":1690,""disallowed_contact"":false,""observed_arrivals"":""[{\""phase\"":\""OUTBOUND\"",\""frame\"":1192,\""measured_ns\"":120700000000,\""target_initial_body_xy_m\"":[0.0,2.6],\""observed_position_initial_body_xy_m\"":[0.011628284707129798,2.594694279564398],\""observed_distance_m\"":0.012781536471443302,\""quiet_intervals\"":10,\""native_verified\"":false},{\""phase\"":\""RETURN\"",\""frame\"":1688,\""measured_ns\"":170300000000,\""target_initial_body_xy_m\"":[0.0,0.0],\""observed_position_initial_body_xy_m\"":[0.001885813954778434,-0.011776668630527929],\""observed_distance_m\"":0.01192670190393378,\""quiet_intervals\"":10,\""native_verified\"":false}]""}",docs/go2_development_artifact_retention_2026-09-14.md,/home/andrewknowles/RecoveryStorage/LeWMQuad-v3/.generated/navigation_development_artifacts_v1/go2_neural_rgb_transfer_seed_2026091001_full_jepa_noise_2mm_native_layout00_4800_v1_attempt_001/continuous_native_arrival_evaluation.json,1,1,True,0
go2_neural_rgb_transfer_seed_2026091001_full_jepa_noise_2mm_native_layout01_4800_v1_attempt_001,PACED_NATIVE_PREFIX_COMPLETE,OBSERVED_ROUND_TRIP_CANDIDATE,False,/home/andrewknowles/RecoveryStorage/LeWMQuad-v3/.generated/navigation_development_artifacts_v1/go2_neural_rgb_transfer_seed_2026091001_full_jepa_noise_2mm_native_layout01_4800_v1_attempt_001/result.json,,,"{""status"":""PACED_NATIVE_PREFIX_COMPLETE"",""mission_terminal"":""OBSERVED_ROUND_TRIP_CANDIDATE"",""navigation_success_claimed"":false,""simulation_s"":159.14,""wall_s"":159.907515926,""camera_frames"":1590,""disallowed_contact"":false,""observed_arrivals"":""[{\""phase\"":\""OUTBOUND\"",\""frame\"":996,\""measured_ns\"":101100000000,\""target_initial_body_xy_m\"":[0.0,1.3],\""observed_position_initial_body_xy_m\"":[-0.009854570501091866,1.2930068698547366],\""observed_distance_m\"":0.012083725790896732,\""quiet_intervals\"":10,\""native_verified\"":false},{\""phase\"":\""RETURN\"",\""frame\"":1588,\""measured_ns\"":160300000000,\""target_initial_body_xy_m\"":[0.0,0.0],\""observed_position_initial_body_xy_m\"":[0.007903431662424116,0.011606831275043002],\""observed_distance_m\"":0.014042178046511316,\""quiet_intervals\"":10,\""native_verified\"":false}]""}",docs/go2_development_artifact_retention_2026-09-14.md,/home/andrewknowles/RecoveryStorage/LeWMQuad-v3/.generated/navigation_development_artifacts_v1/go2_neural_rgb_transfer_seed_2026091001_full_jepa_noise_2mm_native_layout01_4800_v1_attempt_001/continuous_native_arrival_evaluation.json,1,1,True,0
go2_neural_rgb_transfer_seed_2026091001_full_supervised_rollout_noise_2mm_native_layout01_4800_v1_attempt_001,PACED_NATIVE_PREFIX_COMPLETE,OBSERVED_ROUND_TRIP_CANDIDATE,False,/home/andrewknowles/RecoveryStorage/LeWMQuad-v3/.generated/navigation_development_artifacts_v1/go2_neural_rgb_transfer_seed_2026091001_full_supervised_rollout_noise_2mm_native_layout01_4800_v1_attempt_001/result.json,,,"{""status"":""PACED_NATIVE_PREFIX_COMPLETE"",""mission_terminal"":""OBSERVED_ROUND_TRIP_CANDIDATE"",""navigation_success_claimed"":false,""simulation_s"":148.26,""wall_s"":148.764145732,""camera_frames"":1474,""disallowed_contact"":false,""observed_arrivals"":""[{\""phase\"":\""OUTBOUND\"",\""frame\"":901,\""measured_ns\"":91600000000,\""target_initial_body_xy_m\"":[0.0,1.3],\""observed_position_initial_body_xy_m\"":[0.010787297733584864,1.3086046398026936],\""observed_distance_m\"":0.013798754238231188,\""quiet_intervals\"":10,\""native_verified\"":false},{\""phase\"":\""RETURN\"",\""frame\"":1468,\""measured_ns\"":148300000000,\""target_initial_body_xy_m\"":[0.0,0.0],\""observed_position_initial_body_xy_m\"":[0.0007011113632936358,-0.008542888328479702],\""observed_distance_m\"":0.008571610008429816,\""quiet_intervals\"":10,\""native_verified\"":false}]""}",docs/go2_development_artifact_retention_2026-09-14.md,/home/andrewknowles/RecoveryStorage/LeWMQuad-v3/.generated/navigation_development_artifacts_v1/go2_neural_rgb_transfer_seed_2026091001_full_supervised_rollout_noise_2mm_native_layout01_4800_v1_attempt_001/continuous_native_arrival_evaluation.json,1,1,True,0
go2_neural_rgb_transfer_seed_2026091001_no_rgb_direct_noise_2mm_native_layout01_4800_v1_attempt_001,PACED_NATIVE_PREFIX_COMPLETE,OBSERVED_ROUND_TRIP_CANDIDATE,False,/home/andrewknowles/RecoveryStorage/LeWMQuad-v3/.generated/navigation_development_artifacts_v1/go2_neural_rgb_transfer_seed_2026091001_no_rgb_direct_noise_2mm_native_layout01_4800_v1_attempt_001/result.json,,,"{""status"":""PACED_NATIVE_PREFIX_COMPLETE"",""mission_terminal"":""OBSERVED_ROUND_TRIP_CANDIDATE"",""navigation_success_claimed"":false,""simulation_s"":157.2,""wall_s"":157.917122693,""camera_frames"":1570,""disallowed_contact"":false,""observed_arrivals"":""[{\""phase\"":\""OUTBOUND\"",\""frame\"":996,\""measured_ns\"":101100000000,\""target_initial_body_xy_m\"":[0.0,1.3],\""observed_position_initial_body_xy_m\"":[0.008879598196297595,1.294995130459669],\""observed_distance_m\"":0.010192937910309537,\""quiet_intervals\"":10,\""native_verified\"":false},{\""phase\"":\""RETURN\"",\""frame\"":1568,\""measured_ns\"":158300000000,\""target_initial_body_xy_m\"":[0.0,0.0],\""observed_position_initial_body_xy_m\"":[0.001170103005939042,-0.01271944146612548],\""observed_distance_m\"":0.01277314887781004,\""quiet_intervals\"":10,\""native_verified\"":false}]""}",docs/go2_development_artifact_retention_2026-09-14.md,/home/andrewknowles/RecoveryStorage/LeWMQuad-v3/.generated/navigation_development_artifacts_v1/go2_neural_rgb_transfer_seed_2026091001_no_rgb_direct_noise_2mm_native_layout01_4800_v1_attempt_001/continuous_native_arrival_evaluation.json,1,1,True,0
go2_neural_rgb_transfer_seed_2026091001_no_rgb_jepa_noise_2mm_native_layout00_4800_v1_attempt_001,PACED_NATIVE_PREFIX_COMPLETE,OBSERVED_ROUND_TRIP_CANDIDATE,False,/home/andrewknowles/RecoveryStorage/LeWMQuad-v3/.generated/navigation_development_artifacts_v1/go2_neural_rgb_transfer_seed_2026091001_no_rgb_jepa_noise_2mm_native_layout00_4800_v1_attempt_001/result.json,,,"{""status"":""PACED_NATIVE_PREFIX_COMPLETE"",""mission_terminal"":""OBSERVED_ROUND_TRIP_CANDIDATE"",""navigation_success_claimed"":false,""simulation_s"":223.52,""wall_s"":224.672794155,""camera_frames"":2234,""disallowed_contact"":false,""observed_arrivals"":""[{\""phase\"":\""OUTBOUND\"",\""frame\"":1756,\""measured_ns\"":177100000000,\""target_initial_body_xy_m\"":[0.0,2.6],\""observed_position_initial_body_xy_m\"":[-0.005525387904698985,2.585991194870398],\""observed_distance_m\"":0.015059101323005981,\""quiet_intervals\"":10,\""native_verified\"":false},{\""phase\"":\""RETURN\"",\""frame\"":2232,\""measured_ns\"":224700000000,\""target_initial_body_xy_m\"":[0.0,0.0],\""observed_position_initial_body_xy_m\"":[0.007865129347451691,0.008594720166906296],\""observed_distance_m\"":0.011650299326608379,\""quiet_intervals\"":10,\""native_verified\"":false}]""}",docs/go2_development_artifact_retention_2026-09-14.md,/home/andrewknowles/RecoveryStorage/LeWMQuad-v3/.generated/navigation_development_artifacts_v1/go2_neural_rgb_transfer_seed_2026091001_no_rgb_jepa_noise_2mm_native_layout00_4800_v1_attempt_001/continuous_native_arrival_evaluation.json,1,1,True,0
go2_neural_rgb_transfer_seed_2026091001_no_rgb_jepa_noise_2mm_native_layout01_4800_v1_attempt_001,PACED_NATIVE_PREFIX_COMPLETE,OBSERVED_ROUND_TRIP_CANDIDATE,False,/home/andrewknowles/RecoveryStorage/LeWMQuad-v3/.generated/navigation_development_artifacts_v1/go2_neural_rgb_transfer_seed_2026091001_no_rgb_jepa_noise_2mm_native_layout01_4800_v1_attempt_001/result.json,,,"{""status"":""PACED_NATIVE_PREFIX_COMPLETE"",""mission_terminal"":""OBSERVED_ROUND_TRIP_CANDIDATE"",""navigation_success_claimed"":false,""simulation_s"":201.62,""wall_s"":202.606980916,""camera_frames"":2015,""disallowed_contact"":false,""observed_arrivals"":""[{\""phase\"":\""OUTBOUND\"",\""frame\"":1064,\""measured_ns\"":107900000000,\""target_initial_body_xy_m\"":[0.0,1.3],\""observed_position_initial_body_xy_m\"":[0.0006074323434381694,1.283647645579819],\""observed_distance_m\"":0.016363632516500484,\""quiet_intervals\"":10,\""native_verified\"":false},{\""phase\"":\""RETURN\"",\""frame\"":2013,\""measured_ns\"":202800000000,\""target_initial_body_xy_m\"":[0.0,0.0],\""observed_position_initial_body_xy_m\"":[-0.00509852087596265,-0.018070700120897232],\""observed_distance_m\"":0.01877618486226694,\""quiet_intervals\"":10,\""native_verified\"":false}]""}",docs/go2_development_artifact_retention_2026-09-14.md,/home/andrewknowles/RecoveryStorage/LeWMQuad-v3/.generated/navigation_development_artifacts_v1/go2_neural_rgb_transfer_seed_2026091001_no_rgb_jepa_noise_2mm_native_layout01_4800_v1_attempt_001/continuous_native_arrival_evaluation.json,1,1,True,0
go2_neural_rgb_transfer_seed_2026091001_no_rgb_supervised_rollout_noise_2mm_native_layout01_4800_v1_attempt_001,PACED_NATIVE_PREFIX_COMPLETE,OBSERVED_ROUND_TRIP_CANDIDATE,False,/home/andrewknowles/RecoveryStorage/LeWMQuad-v3/.generated/navigation_development_artifacts_v1/go2_neural_rgb_transfer_seed_2026091001_no_rgb_supervised_rollout_noise_2mm_native_layout01_4800_v1_attempt_001/result.json,,,"{""status"":""PACED_NATIVE_PREFIX_COMPLETE"",""mission_terminal"":""OBSERVED_ROUND_TRIP_CANDIDATE"",""navigation_success_claimed"":false,""simulation_s"":152.8,""wall_s"":153.548998382,""camera_frames"":1527,""disallowed_contact"":false,""observed_arrivals"":""[{\""phase\"":\""OUTBOUND\"",\""frame\"":953,\""measured_ns\"":96800000000,\""target_initial_body_xy_m\"":[0.0,1.3],\""observed_position_initial_body_xy_m\"":[0.009265333982651608,1.308476483894113],\""observed_distance_m\"":0.012557754298330358,\""quiet_intervals\"":10,\""native_verified\"":false},{\""phase\"":\""RETURN\"",\""frame\"":1525,\""measured_ns\"":154000000000,\""target_initial_body_xy_m\"":[0.0,0.0],\""observed_position_initial_body_xy_m\"":[-0.004833043382454939,-0.013020641989823835],\""observed_distance_m\"":0.013888679784769145,\""quiet_intervals\"":10,\""native_verified\"":false}]""}",docs/go2_development_artifact_retention_2026-09-14.md,/home/andrewknowles/RecoveryStorage/LeWMQuad-v3/.generated/navigation_development_artifacts_v1/go2_neural_rgb_transfer_seed_2026091001_no_rgb_supervised_rollout_noise_2mm_native_layout01_4800_v1_attempt_001/continuous_native_arrival_evaluation.json,1,1,True,0
go2_neural_rgb_transfer_seed_2026091401_complete_comparison_v1_attempt_001,COMPLETE_SECOND_SEED,,,/home/andrewknowles/RecoveryStorage/LeWMQuad-v3/.generated/navigation_development_artifacts_v1/go2_neural_rgb_transfer_seed_2026091401_complete_comparison_v1_attempt_001/result.json,,,"{""status"":""COMPLETE_SECOND_SEED""}",docs/go2_neural_rgb_transfer_2026-09-15.md,,,,,
go2_neural_rgb_transfer_seed_2026091401_full_direct_noise_2mm_native_layout00_4800_v1_attempt_001,PACED_NATIVE_PREFIX_COMPLETE,OBSERVED_ROUND_TRIP_CANDIDATE,False,/home/andrewknowles/RecoveryStorage/LeWMQuad-v3/.generated/navigation_development_artifacts_v1/go2_neural_rgb_transfer_seed_2026091401_full_direct_noise_2mm_native_layout00_4800_v1_attempt_001/result.json,,,"{""status"":""PACED_NATIVE_PREFIX_COMPLETE"",""mission_terminal"":""OBSERVED_ROUND_TRIP_CANDIDATE"",""navigation_success_claimed"":false,""simulation_s"":242.08,""wall_s"":243.140987155,""camera_frames"":2417,""disallowed_contact"":false,""observed_arrivals"":""[{\""phase\"":\""OUTBOUND\"",\""frame\"":1888,\""measured_ns\"":190300000000,\""target_initial_body_xy_m\"":[0.0,2.6],\""observed_position_initial_body_xy_m\"":[0.00429715136042927,2.606527506481556],\""observed_distance_m\"":0.007814976051223345,\""quiet_intervals\"":10,\""native_verified\"":false},{\""phase\"":\""RETURN\"",\""frame\"":2415,\""measured_ns\"":243000000000,\""target_initial_body_xy_m\"":[0.0,0.0],\""observed_position_initial_body_xy_m\"":[0.01622821443270772,-0.00012634463719504057],\""observed_distance_m\"":0.016228706252849952,\""quiet_intervals\"":10,\""native_verified\"":false}]""}",docs/go2_development_artifact_retention_2026-09-14.md,/home/andrewknowles/RecoveryStorage/LeWMQuad-v3/.generated/navigation_development_artifacts_v1/go2_neural_rgb_transfer_seed_2026091401_full_direct_noise_2mm_native_layout00_4800_v1_attempt_001/continuous_native_arrival_evaluation.json,1,1,True,0
go2_neural_rgb_transfer_seed_2026091401_full_direct_noise_2mm_native_layout01_4800_v1_attempt_001,PACED_NATIVE_PREFIX_COMPLETE,OBSERVED_ROUND_TRIP_CANDIDATE,False,/home/andrewknowles/RecoveryStorage/LeWMQuad-v3/.generated/navigation_development_artifacts_v1/go2_neural_rgb_transfer_seed_2026091401_full_direct_noise_2mm_native_layout01_4800_v1_attempt_001/result.json,,,"{""status"":""PACED_NATIVE_PREFIX_COMPLETE"",""mission_terminal"":""OBSERVED_ROUND_TRIP_CANDIDATE"",""navigation_success_claimed"":false,""simulation_s"":154.02,""wall_s"":154.626539013,""camera_frames"":1537,""disallowed_contact"":false,""observed_arrivals"":""[{\""phase\"":\""OUTBOUND\"",\""frame\"":962,\""measured_ns\"":97700000000,\""target_initial_body_xy_m\"":[0.0,1.3],\""observed_position_initial_body_xy_m\"":[-0.005125719442027023,1.28863930217118],\""observed_distance_m\"":0.012463484864039092,\""quiet_intervals\"":10,\""native_verified\"":false},{\""phase\"":\""RETURN\"",\""frame\"":1535,\""measured_ns\"":155000000000,\""target_initial_body_xy_m\"":[0.0,0.0],\""observed_position_initial_body_xy_m\"":[0.0006061269469514977,-0.003803800697159655],\""observed_distance_m\"":0.0038517904433565727,\""quiet_intervals\"":10,\""native_verified\"":false}]""}",docs/go2_development_artifact_retention_2026-09-14.md,/home/andrewknowles/RecoveryStorage/LeWMQuad-v3/.generated/navigation_development_artifacts_v1/go2_neural_rgb_transfer_seed_2026091401_full_direct_noise_2mm_native_layout01_4800_v1_attempt_001/continuous_native_arrival_evaluation.json,1,1,True,0
go2_neural_rgb_transfer_seed_2026091401_full_jepa_noise_2mm_native_layout00_4800_v1_attempt_001,PACED_NATIVE_PREFIX_COMPLETE,OBSERVED_ROUND_TRIP_CANDIDATE,False,/home/andrewknowles/RecoveryStorage/LeWMQuad-v3/.generated/navigation_development_artifacts_v1/go2_neural_rgb_transfer_seed_2026091401_full_jepa_noise_2mm_native_layout00_4800_v1_attempt_001/result.json,,,"{""status"":""PACED_NATIVE_PREFIX_COMPLETE"",""mission_terminal"":""OBSERVED_ROUND_TRIP_CANDIDATE"",""navigation_success_claimed"":false,""simulation_s"":273.12,""wall_s"":274.513199751,""camera_frames"":2730,""disallowed_contact"":false,""observed_arrivals"":""[{\""phase\"":\""OUTBOUND\"",\""frame\"":1977,\""measured_ns\"":199200000000,\""target_initial_body_xy_m\"":[0.0,2.6],\""observed_position_initial_body_xy_m\"":[-0.006564573694253941,2.591378044477937],\""observed_distance_m\"":0.010836592859922523,\""quiet_intervals\"":10,\""native_verified\"":false},{\""phase\"":\""RETURN\"",\""frame\"":2728,\""measured_ns\"":274300000000,\""target_initial_body_xy_m\"":[0.0,0.0],\""observed_position_initial_body_xy_m\"":[0.00653035210361988,0.011076575818638863],\""observed_distance_m\"":0.012858305893985716,\""quiet_intervals\"":10,\""native_verified\"":false}]""}",docs/go2_development_artifact_retention_2026-09-14.md,/home/andrewknowles/RecoveryStorage/LeWMQuad-v3/.generated/navigation_development_artifacts_v1/go2_neural_rgb_transfer_seed_2026091401_full_jepa_noise_2mm_native_layout00_4800_v1_attempt_001/continuous_native_arrival_evaluation.json,1,1,True,0
go2_neural_rgb_transfer_seed_2026091401_full_jepa_noise_2mm_native_layout01_4800_v1_attempt_001,PACED_NATIVE_PREFIX_COMPLETE,OBSERVED_ROUND_TRIP_CANDIDATE,False,/home/andrewknowles/RecoveryStorage/LeWMQuad-v3/.generated/navigation_development_artifacts_v1/go2_neural_rgb_transfer_seed_2026091401_full_jepa_noise_2mm_native_layout01_4800_v1_attempt_001/result.json,,,"{""status"":""PACED_NATIVE_PREFIX_COMPLETE"",""mission_terminal"":""OBSERVED_ROUND_TRIP_CANDIDATE"",""navigation_success_claimed"":false,""simulation_s"":167.76,""wall_s"":168.329270747,""camera_frames"":1673,""disallowed_contact"":false,""observed_arrivals"":""[{\""phase\"":\""OUTBOUND\"",\""frame\"":1106,\""measured_ns\"":112100000000,\""target_initial_body_xy_m\"":[0.0,1.3],\""observed_position_initial_body_xy_m\"":[-0.011545033352105646,1.2845534317261869],\""observed_distance_m\"":0.019284301038378443,\""quiet_intervals\"":10,\""native_verified\"":false},{\""phase\"":\""RETURN\"",\""frame\"":1671,\""measured_ns\"":168600000000,\""target_initial_body_xy_m\"":[0.0,0.0],\""observed_position_initial_body_xy_m\"":[-0.0056185876080490265,-0.0054874825301193],\""observed_distance_m\"":0.007853724672261347,\""quiet_intervals\"":10,\""native_verified\"":false}]""}",docs/go2_development_artifact_retention_2026-09-14.md,/home/andrewknowles/RecoveryStorage/LeWMQuad-v3/.generated/navigation_development_artifacts_v1/go2_neural_rgb_transfer_seed_2026091401_full_jepa_noise_2mm_native_layout01_4800_v1_attempt_001/continuous_native_arrival_evaluation.json,1,1,True,0
go2_neural_rgb_transfer_seed_2026091401_full_supervised_rollout_noise_2mm_native_layout00_4800_v1_attempt_001,PACED_NATIVE_PREFIX_COMPLETE,OBSERVED_ROUND_TRIP_CANDIDATE,False,/home/andrewknowles/RecoveryStorage/LeWMQuad-v3/.generated/navigation_development_artifacts_v1/go2_neural_rgb_transfer_seed_2026091401_full_supervised_rollout_noise_2mm_native_layout00_4800_v1_attempt_001/result.json,,,"{""status"":""PACED_NATIVE_PREFIX_COMPLETE"",""mission_terminal"":""OBSERVED_ROUND_TRIP_CANDIDATE"",""navigation_success_claimed"":false,""simulation_s"":190.4,""wall_s"":191.290027542,""camera_frames"":1902,""disallowed_contact"":false,""observed_arrivals"":""[{\""phase\"":\""OUTBOUND\"",\""frame\"":1228,\""measured_ns\"":124300000000,\""target_initial_body_xy_m\"":[0.0,2.6],\""observed_position_initial_body_xy_m\"":[0.01012572271687548,2.591706011803462],\""observed_distance_m\"":0.013088945746062225,\""quiet_intervals\"":10,\""native_verified\"":false},{\""phase\"":\""RETURN\"",\""frame\"":1900,\""measured_ns\"":191500000000,\""target_initial_body_xy_m\"":[0.0,0.0],\""observed_position_initial_body_xy_m\"":[0.01913255109313246,-0.003949219129335553],\""observed_distance_m\"":0.01953588603219301,\""quiet_intervals\"":10,\""native_verified\"":false}]""}",docs/go2_development_artifact_retention_2026-09-14.md,/home/andrewknowles/RecoveryStorage/LeWMQuad-v3/.generated/navigation_development_artifacts_v1/go2_neural_rgb_transfer_seed_2026091401_full_supervised_rollout_noise_2mm_native_layout00_4800_v1_attempt_001/continuous_native_arrival_evaluation.json,1,1,True,0
go2_neural_rgb_transfer_seed_2026091401_full_supervised_rollout_noise_2mm_native_layout01_4800_v1_attempt_001,PACED_NATIVE_PREFIX_COMPLETE,OBSERVED_ROUND_TRIP_CANDIDATE,False,/home/andrewknowles/RecoveryStorage/LeWMQuad-v3/.generated/navigation_development_artifacts_v1/go2_neural_rgb_transfer_seed_2026091401_full_supervised_rollout_noise_2mm_native_layout01_4800_v1_attempt_001/result.json,,,"{""status"":""PACED_NATIVE_PREFIX_COMPLETE"",""mission_terminal"":""OBSERVED_ROUND_TRIP_CANDIDATE"",""navigation_success_claimed"":false,""simulation_s"":150.82,""wall_s"":151.805349079,""camera_frames"":1507,""disallowed_contact"":false,""observed_arrivals"":""[{\""phase\"":\""OUTBOUND\"",\""frame\"":904,\""measured_ns\"":91900000000,\""target_initial_body_xy_m\"":[0.0,1.3],\""observed_position_initial_body_xy_m\"":[-0.009600358331345296,1.3043615896162355],\""observed_distance_m\"":0.010544683213386922,\""quiet_intervals\"":10,\""native_verified\"":false},{\""phase\"":\""RETURN\"",\""frame\"":1505,\""measured_ns\"":152000000000,\""target_initial_body_xy_m\"":[0.0,0.0],\""observed_position_initial_body_xy_m\"":[0.00403179183997053,0.0008684085814859774],\""observed_distance_m\"":0.004124254951533845,\""quiet_intervals\"":10,\""native_verified\"":false}]""}",docs/go2_development_artifact_retention_2026-09-14.md,/home/andrewknowles/RecoveryStorage/LeWMQuad-v3/.generated/navigation_development_artifacts_v1/go2_neural_rgb_transfer_seed_2026091401_full_supervised_rollout_noise_2mm_native_layout01_4800_v1_attempt_001/continuous_native_arrival_evaluation.json,1,1,True,0
go2_neural_rgb_transfer_seed_2026091401_no_rgb_direct_noise_2mm_native_layout00_4800_v1_attempt_001,PACED_NATIVE_PREFIX_COMPLETE,OBSERVED_ROUND_TRIP_CANDIDATE,False,/home/andrewknowles/RecoveryStorage/LeWMQuad-v3/.generated/navigation_development_artifacts_v1/go2_neural_rgb_transfer_seed_2026091401_no_rgb_direct_noise_2mm_native_layout00_4800_v1_attempt_001/result.json,,,"{""status"":""PACED_NATIVE_PREFIX_COMPLETE"",""mission_terminal"":""OBSERVED_ROUND_TRIP_CANDIDATE"",""navigation_success_claimed"":false,""simulation_s"":250.98,""wall_s"":252.229542898,""camera_frames"":2508,""disallowed_contact"":false,""observed_arrivals"":""[{\""phase\"":\""OUTBOUND\"",\""frame\"":2009,\""measured_ns\"":202400000000,\""target_initial_body_xy_m\"":[0.0,2.6],\""observed_position_initial_body_xy_m\"":[-0.003953885013996038,2.5999916943074357],\""observed_distance_m\"":0.003953893737625155,\""quiet_intervals\"":10,\""native_verified\"":false},{\""phase\"":\""RETURN\"",\""frame\"":2506,\""measured_ns\"":252100000000,\""target_initial_body_xy_m\"":[0.0,0.0],\""observed_position_initial_body_xy_m\"":[0.006218450699415274,-0.015031822025605905],\""observed_distance_m\"":0.016267292414859615,\""quiet_intervals\"":10,\""native_verified\"":false}]""}",docs/go2_development_artifact_retention_2026-09-14.md,/home/andrewknowles/RecoveryStorage/LeWMQuad-v3/.generated/navigation_development_artifacts_v1/go2_neural_rgb_transfer_seed_2026091401_no_rgb_direct_noise_2mm_native_layout00_4800_v1_attempt_001/continuous_native_arrival_evaluation.json,1,1,True,0
go2_neural_rgb_transfer_seed_2026091401_no_rgb_direct_noise_2mm_native_layout01_4800_v1_attempt_001,PACED_NATIVE_PREFIX_COMPLETE,OBSERVED_ROUND_TRIP_CANDIDATE,False,/home/andrewknowles/RecoveryStorage/LeWMQuad-v3/.generated/navigation_development_artifacts_v1/go2_neural_rgb_transfer_seed_2026091401_no_rgb_direct_noise_2mm_native_layout01_4800_v1_attempt_001/result.json,,,"{""status"":""PACED_NATIVE_PREFIX_COMPLETE"",""mission_terminal"":""OBSERVED_ROUND_TRIP_CANDIDATE"",""navigation_success_claimed"":false,""simulation_s"":157.32,""wall_s"":158.064205608,""camera_frames"":1572,""disallowed_contact"":false,""observed_arrivals"":""[{\""phase\"":\""OUTBOUND\"",\""frame\"":1040,\""measured_ns\"":105500000000,\""target_initial_body_xy_m\"":[0.0,1.3],\""observed_position_initial_body_xy_m\"":[-0.014443420652484577,1.2870947718378134],\""observed_distance_m\"":0.019368978136771006,\""quiet_intervals\"":10,\""native_verified\"":false},{\""phase\"":\""RETURN\"",\""frame\"":1570,\""measured_ns\"":158500000000,\""target_initial_body_xy_m\"":[0.0,0.0],\""observed_position_initial_body_xy_m\"":[-0.0031054658402599605,0.014600474096344277],\""observed_distance_m\"":0.01492708149381659,\""quiet_intervals\"":10,\""native_verified\"":false}]""}",docs/go2_development_artifact_retention_2026-09-14.md,/home/andrewknowles/RecoveryStorage/LeWMQuad-v3/.generated/navigation_development_artifacts_v1/go2_neural_rgb_transfer_seed_2026091401_no_rgb_direct_noise_2mm_native_layout01_4800_v1_attempt_001/continuous_native_arrival_evaluation.json,1,1,True,0
go2_neural_rgb_transfer_seed_2026091401_no_rgb_jepa_noise_2mm_native_layout00_4800_v1_attempt_001,PACED_NATIVE_PREFIX_COMPLETE,OBSERVED_ROUND_TRIP_CANDIDATE,False,/home/andrewknowles/RecoveryStorage/LeWMQuad-v3/.generated/navigation_development_artifacts_v1/go2_neural_rgb_transfer_seed_2026091401_no_rgb_jepa_noise_2mm_native_layout00_4800_v1_attempt_001/result.json,,,"{""status"":""PACED_NATIVE_PREFIX_COMPLETE"",""mission_terminal"":""OBSERVED_ROUND_TRIP_CANDIDATE"",""navigation_success_claimed"":false,""simulation_s"":242.84,""wall_s"":243.949458548,""camera_frames"":2425,""disallowed_contact"":false,""observed_arrivals"":""[{\""phase\"":\""OUTBOUND\"",\""frame\"":1937,\""measured_ns\"":195200000000,\""target_initial_body_xy_m\"":[0.0,2.6],\""observed_position_initial_body_xy_m\"":[0.010535563714028596,2.595287988269773],\""observed_distance_m\"":0.011541280575315439,\""quiet_intervals\"":10,\""native_verified\"":false},{\""phase\"":\""RETURN\"",\""frame\"":2423,\""measured_ns\"":243800000000,\""target_initial_body_xy_m\"":[0.0,0.0],\""observed_position_initial_body_xy_m\"":[-0.017117396105316537,-0.006167503412931669],\""observed_distance_m\"":0.018194596664252535,\""quiet_intervals\"":10,\""native_verified\"":false}]""}",docs/go2_development_artifact_retention_2026-09-14.md,/home/andrewknowles/RecoveryStorage/LeWMQuad-v3/.generated/navigation_development_artifacts_v1/go2_neural_rgb_transfer_seed_2026091401_no_rgb_jepa_noise_2mm_native_layout00_4800_v1_attempt_001/continuous_native_arrival_evaluation.json,1,1,True,0
go2_neural_rgb_transfer_seed_2026091401_no_rgb_jepa_noise_2mm_native_layout01_4800_v1_attempt_001,PACED_NATIVE_PREFIX_COMPLETE,OBSERVED_ROUND_TRIP_CANDIDATE,False,/home/andrewknowles/RecoveryStorage/LeWMQuad-v3/.generated/navigation_development_artifacts_v1/go2_neural_rgb_transfer_seed_2026091401_no_rgb_jepa_noise_2mm_native_layout01_4800_v1_attempt_001/result.json,,,"{""status"":""PACED_NATIVE_PREFIX_COMPLETE"",""mission_terminal"":""OBSERVED_ROUND_TRIP_CANDIDATE"",""navigation_success_claimed"":false,""simulation_s"":261.12,""wall_s"":262.45309785,""camera_frames"":2610,""disallowed_contact"":false,""observed_arrivals"":""[{\""phase\"":\""OUTBOUND\"",\""frame\"":1048,\""measured_ns\"":106300000000,\""target_initial_body_xy_m\"":[0.0,1.3],\""observed_position_initial_body_xy_m\"":[0.010625006802234735,1.307278983524164],\""observed_distance_m\"":0.01287922244130388,\""quiet_intervals\"":10,\""native_verified\"":false},{\""phase\"":\""RETURN\"",\""frame\"":2608,\""measured_ns\"":262300000000,\""target_initial_body_xy_m\"":[0.0,0.0],\""observed_position_initial_body_xy_m\"":[0.005931020858371289,-0.012666746077164498],\""observed_distance_m\"":0.013986545842551603,\""quiet_intervals\"":10,\""native_verified\"":false}]""}",docs/go2_development_artifact_retention_2026-09-14.md,/home/andrewknowles/RecoveryStorage/LeWMQuad-v3/.generated/navigation_development_artifacts_v1/go2_neural_rgb_transfer_seed_2026091401_no_rgb_jepa_noise_2mm_native_layout01_4800_v1_attempt_001/continuous_native_arrival_evaluation.json,1,1,True,0
go2_neural_rgb_transfer_seed_2026091401_no_rgb_supervised_rollout_noise_2mm_native_layout01_4800_v1_attempt_001,PACED_NATIVE_PREFIX_COMPLETE,OBSERVED_ROUND_TRIP_CANDIDATE,False,/home/andrewknowles/RecoveryStorage/LeWMQuad-v3/.generated/navigation_development_artifacts_v1/go2_neural_rgb_transfer_seed_2026091401_no_rgb_supervised_rollout_noise_2mm_native_layout01_4800_v1_attempt_001/result.json,,,"{""status"":""PACED_NATIVE_PREFIX_COMPLETE"",""mission_terminal"":""OBSERVED_ROUND_TRIP_CANDIDATE"",""navigation_success_claimed"":false,""simulation_s"":154.88,""wall_s"":155.462766573,""camera_frames"":1545,""disallowed_contact"":false,""observed_arrivals"":""[{\""phase\"":\""OUTBOUND\"",\""frame\"":945,\""measured_ns\"":96000000000,\""target_initial_body_xy_m\"":[0.0,1.3],\""observed_position_initial_body_xy_m\"":[-0.016086551507924558,1.2980691225470113],\""observed_distance_m\"":0.016202019230811014,\""quiet_intervals\"":10,\""native_verified\"":false},{\""phase\"":\""RETURN\"",\""frame\"":1543,\""measured_ns\"":155800000000,\""target_initial_body_xy_m\"":[0.0,0.0],\""observed_position_initial_body_xy_m\"":[0.018114207682893364,-0.003978138980392012],\""observed_distance_m\"":0.018545891990581292,\""quiet_intervals\"":10,\""native_verified\"":false}]""}",docs/go2_development_artifact_retention_2026-09-14.md,/home/andrewknowles/RecoveryStorage/LeWMQuad-v3/.generated/navigation_development_artifacts_v1/go2_neural_rgb_transfer_seed_2026091401_no_rgb_supervised_rollout_noise_2mm_native_layout01_4800_v1_attempt_001/continuous_native_arrival_evaluation.json,1,1,True,0
go2_neural_rgb_transfer_seed_2026091402_complete_comparison_v1_attempt_001,COMPLETE_THIRD_SEED,,,/home/andrewknowles/RecoveryStorage/LeWMQuad-v3/.generated/navigation_development_artifacts_v1/go2_neural_rgb_transfer_seed_2026091402_complete_comparison_v1_attempt_001/result.json,,,"{""status"":""COMPLETE_THIRD_SEED"",""round_trips"":12}",docs/go2_neural_rgb_transfer_complete_result_2026-09-16.md,,,,,
go2_neural_rgb_transfer_seed_2026091402_full_direct_noise_2mm_native_layout00_4800_v1_attempt_001,PACED_NATIVE_PREFIX_COMPLETE,OBSERVED_ROUND_TRIP_CANDIDATE,False,/home/andrewknowles/RecoveryStorage/LeWMQuad-v3/.generated/navigation_development_artifacts_v1/go2_neural_rgb_transfer_seed_2026091402_full_direct_noise_2mm_native_layout00_4800_v1_attempt_001/result.json,,,"{""status"":""PACED_NATIVE_PREFIX_COMPLETE"",""mission_terminal"":""OBSERVED_ROUND_TRIP_CANDIDATE"",""navigation_success_claimed"":false,""simulation_s"":196.52,""wall_s"":197.322928773,""camera_frames"":1961,""disallowed_contact"":false,""observed_arrivals"":""[{\""phase\"":\""OUTBOUND\"",\""frame\"":1476,\""measured_ns\"":149100000000,\""target_initial_body_xy_m\"":[0.0,2.6],\""observed_position_initial_body_xy_m\"":[-0.003889888823094217,2.5940900388726638],\""observed_distance_m\"":0.007075229719426769,\""quiet_intervals\"":10,\""native_verified\"":false},{\""phase\"":\""RETURN\"",\""frame\"":1959,\""measured_ns\"":197400000000,\""target_initial_body_xy_m\"":[0.0,0.0],\""observed_position_initial_body_xy_m\"":[0.009944476763673616,0.006238425832555432],\""observed_distance_m\"":0.011739274891216213,\""quiet_intervals\"":10,\""native_verified\"":false}]""}",docs/go2_development_artifact_retention_2026-09-14.md,/home/andrewknowles/RecoveryStorage/LeWMQuad-v3/.generated/navigation_development_artifacts_v1/go2_neural_rgb_transfer_seed_2026091402_full_direct_noise_2mm_native_layout00_4800_v1_attempt_001/continuous_native_arrival_evaluation.json,1,1,True,0
go2_neural_rgb_transfer_seed_2026091402_full_direct_noise_2mm_native_layout01_4800_v1_attempt_001,PACED_NATIVE_PREFIX_COMPLETE,OBSERVED_ROUND_TRIP_CANDIDATE,False,/home/andrewknowles/RecoveryStorage/LeWMQuad-v3/.generated/navigation_development_artifacts_v1/go2_neural_rgb_transfer_seed_2026091402_full_direct_noise_2mm_native_layout01_4800_v1_attempt_001/result.json,,,"{""status"":""PACED_NATIVE_PREFIX_COMPLETE"",""mission_terminal"":""OBSERVED_ROUND_TRIP_CANDIDATE"",""navigation_success_claimed"":false,""simulation_s"":159.92,""wall_s"":160.703406395,""camera_frames"":1598,""disallowed_contact"":false,""observed_arrivals"":""[{\""phase\"":\""OUTBOUND\"",\""frame\"":1084,\""measured_ns\"":109900000000,\""target_initial_body_xy_m\"":[0.0,1.3],\""observed_position_initial_body_xy_m\"":[0.015372973807814789,1.3024561208468168],\""observed_distance_m\"":0.015567943130353718,\""quiet_intervals\"":10,\""native_verified\"":false},{\""phase\"":\""RETURN\"",\""frame\"":1596,\""measured_ns\"":161100000000,\""target_initial_body_xy_m\"":[0.0,0.0],\""observed_position_initial_body_xy_m\"":[0.006474624420441057,0.005287996323443738],\""observed_distance_m\"":0.008359645118216812,\""quiet_intervals\"":10,\""native_verified\"":false}]""}",docs/go2_development_artifact_retention_2026-09-14.md,/home/andrewknowles/RecoveryStorage/LeWMQuad-v3/.generated/navigation_development_artifacts_v1/go2_neural_rgb_transfer_seed_2026091402_full_direct_noise_2mm_native_layout01_4800_v1_attempt_001/continuous_native_arrival_evaluation.json,1,1,True,0
go2_neural_rgb_transfer_seed_2026091402_full_jepa_noise_2mm_native_layout00_4800_v1_attempt_001,PACED_NATIVE_PREFIX_COMPLETE,OBSERVED_ROUND_TRIP_CANDIDATE,False,/home/andrewknowles/RecoveryStorage/LeWMQuad-v3/.generated/navigation_development_artifacts_v1/go2_neural_rgb_transfer_seed_2026091402_full_jepa_noise_2mm_native_layout00_4800_v1_attempt_001/result.json,,,"{""status"":""PACED_NATIVE_PREFIX_COMPLETE"",""mission_terminal"":""OBSERVED_ROUND_TRIP_CANDIDATE"",""navigation_success_claimed"":false,""simulation_s"":166.96,""wall_s"":167.533114238,""camera_frames"":1665,""disallowed_contact"":false,""observed_arrivals"":""[{\""phase\"":\""OUTBOUND\"",\""frame\"":1164,\""measured_ns\"":117900000000,\""target_initial_body_xy_m\"":[0.0,2.6],\""observed_position_initial_body_xy_m\"":[0.0016304734544057191,2.601830479947299],\""observed_distance_m\"":0.0024513466753979746,\""quiet_intervals\"":10,\""native_verified\"":false},{\""phase\"":\""RETURN\"",\""frame\"":1663,\""measured_ns\"":167800000000,\""target_initial_body_xy_m\"":[0.0,0.0],\""observed_position_initial_body_xy_m\"":[-0.002722715739048469,-0.0024135468750602265],\""observed_distance_m\"":0.0036384597721804256,\""quiet_intervals\"":10,\""native_verified\"":false}]""}",docs/go2_development_artifact_retention_2026-09-14.md,/home/andrewknowles/RecoveryStorage/LeWMQuad-v3/.generated/navigation_development_artifacts_v1/go2_neural_rgb_transfer_seed_2026091402_full_jepa_noise_2mm_native_layout00_4800_v1_attempt_001/continuous_native_arrival_evaluation.json,1,1,True,0
go2_neural_rgb_transfer_seed_2026091402_full_jepa_noise_2mm_native_layout01_4800_v1_attempt_001,PACED_NATIVE_PREFIX_COMPLETE,OBSERVED_ROUND_TRIP_CANDIDATE,False,/home/andrewknowles/RecoveryStorage/LeWMQuad-v3/.generated/navigation_development_artifacts_v1/go2_neural_rgb_transfer_seed_2026091402_full_jepa_noise_2mm_native_layout01_4800_v1_attempt_001/result.json,,,"{""status"":""PACED_NATIVE_PREFIX_COMPLETE"",""mission_terminal"":""OBSERVED_ROUND_TRIP_CANDIDATE"",""navigation_success_claimed"":false,""simulation_s"":223.78,""wall_s"":224.631349721,""camera_frames"":2233,""disallowed_contact"":false,""observed_arrivals"":""[{\""phase\"":\""OUTBOUND\"",\""frame\"":1620,\""measured_ns\"":163500000000,\""target_initial_body_xy_m\"":[0.0,1.3],\""observed_position_initial_body_xy_m\"":[-0.013589784369203632,1.3000247031431573],\""observed_distance_m\"":0.013589806821538458,\""quiet_intervals\"":10,\""native_verified\"":false},{\""phase\"":\""RETURN\"",\""frame\"":2231,\""measured_ns\"":224600000000,\""target_initial_body_xy_m\"":[0.0,0.0],\""observed_position_initial_body_xy_m\"":[0.015231055907803846,-0.012658939333089113],\""observed_distance_m\"":0.01980489356460865,\""quiet_intervals\"":10,\""native_verified\"":false}]""}",docs/go2_development_artifact_retention_2026-09-14.md,/home/andrewknowles/RecoveryStorage/LeWMQuad-v3/.generated/navigation_development_artifacts_v1/go2_neural_rgb_transfer_seed_2026091402_full_jepa_noise_2mm_native_layout01_4800_v1_attempt_001/continuous_native_arrival_evaluation.json,1,1,True,0
go2_neural_rgb_transfer_seed_2026091402_full_supervised_rollout_noise_2mm_native_layout00_4800_v1_attempt_001,PACED_NATIVE_PREFIX_COMPLETE,OBSERVED_ROUND_TRIP_CANDIDATE,False,/home/andrewknowles/RecoveryStorage/LeWMQuad-v3/.generated/navigation_development_artifacts_v1/go2_neural_rgb_transfer_seed_2026091402_full_supervised_rollout_noise_2mm_native_layout00_4800_v1_attempt_001/result.json,,,"{""status"":""PACED_NATIVE_PREFIX_COMPLETE"",""mission_terminal"":""OBSERVED_ROUND_TRIP_CANDIDATE"",""navigation_success_claimed"":false,""simulation_s"":200.06,""wall_s"":201.030072086,""camera_frames"":1999,""disallowed_contact"":false,""observed_arrivals"":""[{\""phase\"":\""OUTBOUND\"",\""frame\"":1516,\""measured_ns\"":153100000000,\""target_initial_body_xy_m\"":[0.0,2.6],\""observed_position_initial_body_xy_m\"":[-0.014126628667531048,2.605186023015736],\""observed_distance_m\"":0.015048470760514332,\""quiet_intervals\"":10,\""native_verified\"":false},{\""phase\"":\""RETURN\"",\""frame\"":1997,\""measured_ns\"":201200000000,\""target_initial_body_xy_m\"":[0.0,0.0],\""observed_position_initial_body_xy_m\"":[-0.008735962561141052,0.0031611128357418024],\""observed_distance_m\"":0.009290300115171183,\""quiet_intervals\"":10,\""native_verified\"":false}]""}",docs/go2_development_artifact_retention_2026-09-14.md,/home/andrewknowles/RecoveryStorage/LeWMQuad-v3/.generated/navigation_development_artifacts_v1/go2_neural_rgb_transfer_seed_2026091402_full_supervised_rollout_noise_2mm_native_layout00_4800_v1_attempt_001/continuous_native_arrival_evaluation.json,1,1,True,0
go2_neural_rgb_transfer_seed_2026091402_full_supervised_rollout_noise_2mm_native_layout01_4800_v1_attempt_001,PACED_NATIVE_PREFIX_COMPLETE,OBSERVED_ROUND_TRIP_CANDIDATE,False,/home/andrewknowles/RecoveryStorage/LeWMQuad-v3/.generated/navigation_development_artifacts_v1/go2_neural_rgb_transfer_seed_2026091402_full_supervised_rollout_noise_2mm_native_layout01_4800_v1_attempt_001/result.json,,,"{""status"":""PACED_NATIVE_PREFIX_COMPLETE"",""mission_terminal"":""OBSERVED_ROUND_TRIP_CANDIDATE"",""navigation_success_claimed"":false,""simulation_s"":153.36,""wall_s"":153.952597108,""camera_frames"":1530,""disallowed_contact"":false,""observed_arrivals"":""[{\""phase\"":\""OUTBOUND\"",\""frame\"":936,\""measured_ns\"":95100000000,\""target_initial_body_xy_m\"":[0.0,1.3],\""observed_position_initial_body_xy_m\"":[-0.008300854181301477,1.2915397175576562],\""observed_distance_m\"":0.011852449499722079,\""quiet_intervals\"":10,\""native_verified\"":false},{\""phase\"":\""RETURN\"",\""frame\"":1527,\""measured_ns\"":154200000000,\""target_initial_body_xy_m\"":[0.0,0.0],\""observed_position_initial_body_xy_m\"":[0.003245487692146583,0.013383524034110212],\""observed_distance_m\"":0.013771416264548851,\""quiet_intervals\"":10,\""native_verified\"":false}]""}",docs/go2_development_artifact_retention_2026-09-14.md,/home/andrewknowles/RecoveryStorage/LeWMQuad-v3/.generated/navigation_development_artifacts_v1/go2_neural_rgb_transfer_seed_2026091402_full_supervised_rollout_noise_2mm_native_layout01_4800_v1_attempt_001/continuous_native_arrival_evaluation.json,1,1,True,0
go2_neural_rgb_transfer_seed_2026091402_no_rgb_direct_noise_2mm_native_layout00_4800_v1_attempt_001,PACED_NATIVE_PREFIX_COMPLETE,OBSERVED_ROUND_TRIP_CANDIDATE,False,/home/andrewknowles/RecoveryStorage/LeWMQuad-v3/.generated/navigation_development_artifacts_v1/go2_neural_rgb_transfer_seed_2026091402_no_rgb_direct_noise_2mm_native_layout00_4800_v1_attempt_001/result.json,,,"{""status"":""PACED_NATIVE_PREFIX_COMPLETE"",""mission_terminal"":""OBSERVED_ROUND_TRIP_CANDIDATE"",""navigation_success_claimed"":false,""simulation_s"":292.98,""wall_s"":294.25275567,""camera_frames"":2925,""disallowed_contact"":false,""observed_arrivals"":""[{\""phase\"":\""OUTBOUND\"",\""frame\"":2439,\""measured_ns\"":245400000000,\""target_initial_body_xy_m\"":[0.0,2.6],\""observed_position_initial_body_xy_m\"":[0.013804154133879283,2.604566946958684],\""observed_distance_m\"":0.01454000260919266,\""quiet_intervals\"":10,\""native_verified\"":false},{\""phase\"":\""RETURN\"",\""frame\"":2923,\""measured_ns\"":293800000000,\""target_initial_body_xy_m\"":[0.0,0.0],\""observed_position_initial_body_xy_m\"":[-0.01757511600149137,0.004987090626688874],\""observed_distance_m\"":0.01826898397242403,\""quiet_intervals\"":10,\""native_verified\"":false}]""}",docs/go2_development_artifact_retention_2026-09-14.md,/home/andrewknowles/RecoveryStorage/LeWMQuad-v3/.generated/navigation_development_artifacts_v1/go2_neural_rgb_transfer_seed_2026091402_no_rgb_direct_noise_2mm_native_layout00_4800_v1_attempt_001/continuous_native_arrival_evaluation.json,1,1,True,0
go2_neural_rgb_transfer_seed_2026091402_no_rgb_direct_noise_2mm_native_layout01_4800_v1_attempt_001,PACED_NATIVE_PREFIX_COMPLETE,OBSERVED_ROUND_TRIP_CANDIDATE,False,/home/andrewknowles/RecoveryStorage/LeWMQuad-v3/.generated/navigation_development_artifacts_v1/go2_neural_rgb_transfer_seed_2026091402_no_rgb_direct_noise_2mm_native_layout01_4800_v1_attempt_001/result.json,,,"{""status"":""PACED_NATIVE_PREFIX_COMPLETE"",""mission_terminal"":""OBSERVED_ROUND_TRIP_CANDIDATE"",""navigation_success_claimed"":false,""simulation_s"":156.86,""wall_s"":157.447544974,""camera_frames"":1565,""disallowed_contact"":false,""observed_arrivals"":""[{\""phase\"":\""OUTBOUND\"",\""frame\"":1004,\""measured_ns\"":101900000000,\""target_initial_body_xy_m\"":[0.0,1.3],\""observed_position_initial_body_xy_m\"":[-0.005061736003516295,1.2999717977106393],\""observed_distance_m\"":0.0050618145697386326,\""quiet_intervals\"":10,\""native_verified\"":false},{\""phase\"":\""RETURN\"",\""frame\"":1563,\""measured_ns\"":157800000000,\""target_initial_body_xy_m\"":[0.0,0.0],\""observed_position_initial_body_xy_m\"":[0.006350347449012047,0.0034810628052483394],\""observed_distance_m\"":0.0072418720630274365,\""quiet_intervals\"":10,\""native_verified\"":false}]""}",docs/go2_development_artifact_retention_2026-09-14.md,/home/andrewknowles/RecoveryStorage/LeWMQuad-v3/.generated/navigation_development_artifacts_v1/go2_neural_rgb_transfer_seed_2026091402_no_rgb_direct_noise_2mm_native_layout01_4800_v1_attempt_001/continuous_native_arrival_evaluation.json,1,1,True,0
go2_neural_rgb_transfer_seed_2026091402_no_rgb_jepa_noise_2mm_native_layout00_4800_v1_attempt_001,PACED_NATIVE_PREFIX_COMPLETE,OBSERVED_ROUND_TRIP_CANDIDATE,False,/home/andrewknowles/RecoveryStorage/LeWMQuad-v3/.generated/navigation_development_artifacts_v1/go2_neural_rgb_transfer_seed_2026091402_no_rgb_jepa_noise_2mm_native_layout00_4800_v1_attempt_001/result.json,,,"{""status"":""PACED_NATIVE_PREFIX_COMPLETE"",""mission_terminal"":""OBSERVED_ROUND_TRIP_CANDIDATE"",""navigation_success_claimed"":false,""simulation_s"":232.88,""wall_s"":233.880215559,""camera_frames"":2325,""disallowed_contact"":false,""observed_arrivals"":""[{\""phase\"":\""OUTBOUND\"",\""frame\"":1714,\""measured_ns\"":172900000000,\""target_initial_body_xy_m\"":[0.0,2.6],\""observed_position_initial_body_xy_m\"":[-0.018456612620411778,2.596445015201458],\""observed_distance_m\"":0.018795863011253532,\""quiet_intervals\"":10,\""native_verified\"":false},{\""phase\"":\""RETURN\"",\""frame\"":2323,\""measured_ns\"":233800000000,\""target_initial_body_xy_m\"":[0.0,0.0],\""observed_position_initial_body_xy_m\"":[0.00128166403363025,-0.018213204207664476],\""observed_distance_m\"":0.018258243897078065,\""quiet_intervals\"":10,\""native_verified\"":false}]""}",docs/go2_development_artifact_retention_2026-09-14.md,/home/andrewknowles/RecoveryStorage/LeWMQuad-v3/.generated/navigation_development_artifacts_v1/go2_neural_rgb_transfer_seed_2026091402_no_rgb_jepa_noise_2mm_native_layout00_4800_v1_attempt_001/continuous_native_arrival_evaluation.json,1,1,True,0
go2_neural_rgb_transfer_seed_2026091402_no_rgb_jepa_noise_2mm_native_layout01_4800_v1_attempt_001,PACED_NATIVE_PREFIX_COMPLETE,OBSERVED_ROUND_TRIP_CANDIDATE,False,/home/andrewknowles/RecoveryStorage/LeWMQuad-v3/.generated/navigation_development_artifacts_v1/go2_neural_rgb_transfer_seed_2026091402_no_rgb_jepa_noise_2mm_native_layout01_4800_v1_attempt_001/result.json,,,"{""status"":""PACED_NATIVE_PREFIX_COMPLETE"",""mission_terminal"":""OBSERVED_ROUND_TRIP_CANDIDATE"",""navigation_success_claimed"":false,""simulation_s"":165.96,""wall_s"":166.751248639,""camera_frames"":1658,""disallowed_contact"":false,""observed_arrivals"":""[{\""phase\"":\""OUTBOUND\"",\""frame\"":1140,\""measured_ns\"":115500000000,\""target_initial_body_xy_m\"":[0.0,1.3],\""observed_position_initial_body_xy_m\"":[0.014590810852865751,1.2990835979155342],\""observed_distance_m\"":0.014619560667972152,\""quiet_intervals\"":10,\""native_verified\"":false},{\""phase\"":\""RETURN\"",\""frame\"":1656,\""measured_ns\"":167100000000,\""target_initial_body_xy_m\"":[0.0,0.0],\""observed_position_initial_body_xy_m\"":[-0.010909770788516814,-0.008226803577904781],\""observed_distance_m\"":0.013663945102619583,\""quiet_intervals\"":10,\""native_verified\"":false}]""}",docs/go2_development_artifact_retention_2026-09-14.md,/home/andrewknowles/RecoveryStorage/LeWMQuad-v3/.generated/navigation_development_artifacts_v1/go2_neural_rgb_transfer_seed_2026091402_no_rgb_jepa_noise_2mm_native_layout01_4800_v1_attempt_001/continuous_native_arrival_evaluation.json,1,1,True,0
go2_neural_rgb_transfer_seed_2026091402_no_rgb_supervised_rollout_noise_2mm_native_layout00_4800_v1_attempt_001,PACED_NATIVE_PREFIX_COMPLETE,OBSERVED_ROUND_TRIP_CANDIDATE,False,/home/andrewknowles/RecoveryStorage/LeWMQuad-v3/.generated/navigation_development_artifacts_v1/go2_neural_rgb_transfer_seed_2026091402_no_rgb_supervised_rollout_noise_2mm_native_layout00_4800_v1_attempt_001/result.json,,,"{""status"":""PACED_NATIVE_PREFIX_COMPLETE"",""mission_terminal"":""OBSERVED_ROUND_TRIP_CANDIDATE"",""navigation_success_claimed"":false,""simulation_s"":173.62,""wall_s"":174.47674535,""camera_frames"":1735,""disallowed_contact"":false,""observed_arrivals"":""[{\""phase\"":\""OUTBOUND\"",\""frame\"":1247,\""measured_ns\"":126200000000,\""target_initial_body_xy_m\"":[0.0,2.6],\""observed_position_initial_body_xy_m\"":[0.015081795411018215,2.5947519874585714],\""observed_distance_m\"":0.015968787945702174,\""quiet_intervals\"":10,\""native_verified\"":false},{\""phase\"":\""RETURN\"",\""frame\"":1733,\""measured_ns\"":174800000000,\""target_initial_body_xy_m\"":[0.0,0.0],\""observed_position_initial_body_xy_m\"":[0.00987491986922627,-0.007872638783390095],\""observed_distance_m\"":0.012629033369081643,\""quiet_intervals\"":10,\""native_verified\"":false}]""}",docs/go2_development_artifact_retention_2026-09-14.md,/home/andrewknowles/RecoveryStorage/LeWMQuad-v3/.generated/navigation_development_artifacts_v1/go2_neural_rgb_transfer_seed_2026091402_no_rgb_supervised_rollout_noise_2mm_native_layout00_4800_v1_attempt_001/continuous_native_arrival_evaluation.json,1,1,True,0
go2_neural_rgb_transfer_seed_2026091402_no_rgb_supervised_rollout_noise_2mm_native_layout01_4800_v1_attempt_001,PACED_NATIVE_PREFIX_COMPLETE,OBSERVED_ROUND_TRIP_CANDIDATE,False,/home/andrewknowles/RecoveryStorage/LeWMQuad-v3/.generated/navigation_development_artifacts_v1/go2_neural_rgb_transfer_seed_2026091402_no_rgb_supervised_rollout_noise_2mm_native_layout01_4800_v1_attempt_001/result.json,,,"{""status"":""PACED_NATIVE_PREFIX_COMPLETE"",""mission_terminal"":""OBSERVED_ROUND_TRIP_CANDIDATE"",""navigation_success_claimed"":false,""simulation_s"":157.76,""wall_s"":158.481565333,""camera_frames"":1576,""disallowed_contact"":false,""observed_arrivals"":""[{\""phase\"":\""OUTBOUND\"",\""frame\"":998,\""measured_ns\"":101300000000,\""target_initial_body_xy_m\"":[0.0,1.3],\""observed_position_initial_body_xy_m\"":[-0.005282210162786155,1.2827950020545262],\""observed_distance_m\"":0.017997602576665574,\""quiet_intervals\"":10,\""native_verified\"":false},{\""phase\"":\""RETURN\"",\""frame\"":1574,\""measured_ns\"":158900000000,\""target_initial_body_xy_m\"":[0.0,0.0],\""observed_position_initial_body_xy_m\"":[-0.019135391868429903,0.0014447764182437088],\""observed_distance_m\"":0.01918985671799262,\""quiet_intervals\"":10,\""native_verified\"":false}]""}",docs/go2_development_artifact_retention_2026-09-14.md,/home/andrewknowles/RecoveryStorage/LeWMQuad-v3/.generated/navigation_development_artifacts_v1/go2_neural_rgb_transfer_seed_2026091402_no_rgb_supervised_rollout_noise_2mm_native_layout01_4800_v1_attempt_001/continuous_native_arrival_evaluation.json,1,1,True,0
go2_ninth_arrival_dynamics_v1_attempt_001,NINTH_ARRIVAL_DYNAMICS_DIAGNOSIS_COMPLETE,,,/home/andrewknowles/RecoveryStorage/LeWMQuad-v3/.generated/navigation_development_artifacts_v1/go2_ninth_arrival_dynamics_v1_attempt_001/result.json,,,"{""status"":""NINTH_ARRIVAL_DYNAMICS_DIAGNOSIS_COMPLETE"",""verified_round_trip"":false}",docs/go2_ninth_maze_transition_diagnosis_result_2026-09-09.md,,,,,
go2_no_early_heading_release_comparison_v1_attempt_001,RESULT_RECORDED,,,/home/andrewknowles/RecoveryStorage/LeWMQuad-v3/.generated/navigation_development_artifacts_v1/go2_no_early_heading_release_comparison_v1_attempt_001/result.json,,,{},docs/go2_no_early_heading_release_2026-09-16.md,,,,,
go2_no_early_heading_release_replication_original_jepa_noise_2mm_native_layout01_4800_v1_attempt_001,PACED_NATIVE_PREFIX_COMPLETE,OBSERVED_ROUND_TRIP_CANDIDATE,False,/home/andrewknowles/RecoveryStorage/LeWMQuad-v3/.generated/navigation_development_artifacts_v1/go2_no_early_heading_release_replication_original_jepa_noise_2mm_native_layout01_4800_v1_attempt_001/result.json,,,"{""status"":""PACED_NATIVE_PREFIX_COMPLETE"",""mission_terminal"":""OBSERVED_ROUND_TRIP_CANDIDATE"",""navigation_success_claimed"":false,""simulation_s"":282.46,""wall_s"":367.956995111,""camera_frames"":2823,""disallowed_contact"":false,""observed_arrivals"":""[{\""phase\"":\""OUTBOUND\"",\""frame\"":1965,\""measured_ns\"":198000000000,\""target_initial_body_xy_m\"":[0.0,1.3],\""observed_position_initial_body_xy_m\"":[-0.004373797074920751,1.3072398271026544],\""observed_distance_m\"":0.00845843941450868,\""quiet_intervals\"":10,\""native_verified\"":false},{\""phase\"":\""RETURN\"",\""frame\"":2821,\""measured_ns\"":283600000000,\""target_initial_body_xy_m\"":[0.0,0.0],\""observed_position_initial_body_xy_m\"":[-0.0046906092978909325,0.008285285104209507],\""observed_distance_m\"":0.009520911975409541,\""quiet_intervals\"":10,\""native_verified\"":false}]""}",docs/go2_development_artifact_retention_2026-09-14.md,/home/andrewknowles/RecoveryStorage/LeWMQuad-v3/.generated/navigation_development_artifacts_v1/go2_no_early_heading_release_replication_original_jepa_noise_2mm_native_layout01_4800_v1_attempt_001/continuous_native_arrival_evaluation.json,1,1,True,0
go2_no_early_heading_release_survey_transfer_repaired_jepa_noise_2mm_native_layout01_4800_v1_attempt_001,PACED_NATIVE_PREFIX_COMPLETE,OBSERVED_ROUND_TRIP_CANDIDATE,False,/home/andrewknowles/RecoveryStorage/LeWMQuad-v3/.generated/navigation_development_artifacts_v1/go2_no_early_heading_release_survey_transfer_repaired_jepa_noise_2mm_native_layout01_4800_v1_attempt_001/result.json,,,"{""status"":""PACED_NATIVE_PREFIX_COMPLETE"",""mission_terminal"":""OBSERVED_ROUND_TRIP_CANDIDATE"",""navigation_success_claimed"":false,""simulation_s"":175.6,""wall_s"":227.444221223,""camera_frames"":1754,""disallowed_contact"":false,""observed_arrivals"":""[{\""phase\"":\""OUTBOUND\"",\""frame\"":1100,\""measured_ns\"":111500000000,\""target_initial_body_xy_m\"":[3.9000000000000004,-1.3],\""observed_position_initial_body_xy_m\"":[3.891433258233938,-1.283333681084711],\""observed_distance_m\"":0.0187391368710654,\""quiet_intervals\"":10,\""native_verified\"":false},{\""phase\"":\""RETURN\"",\""frame\"":1752,\""measured_ns\"":176700000000,\""target_initial_body_xy_m\"":[0.0,0.0],\""observed_position_initial_body_xy_m\"":[0.005437976990726006,-0.0047912447712358435],\""observed_distance_m\"":0.007247594098013512,\""quiet_intervals\"":10,\""native_verified\"":false}]""}",docs/go2_development_artifact_retention_2026-09-14.md,/home/andrewknowles/RecoveryStorage/LeWMQuad-v3/.generated/navigation_development_artifacts_v1/go2_no_early_heading_release_survey_transfer_repaired_jepa_noise_2mm_native_layout01_4800_v1_attempt_001/continuous_native_arrival_evaluation.json,1,1,True,0
go2_no_rgb_direct_extended_budget_maze02_native_wait_v1_attempt_001,NO_RGB_DIRECT_EXTENDED_BUDGET_MAZE02_NATIVE_WAIT_V1_COMPLETE,,,/home/andrewknowles/RecoveryStorage/LeWMQuad-v3/.generated/navigation_development_artifacts_v1/go2_no_rgb_direct_extended_budget_maze02_native_wait_v1_attempt_001/result.json,,,"{""status"":""NO_RGB_DIRECT_EXTENDED_BUDGET_MAZE02_NATIVE_WAIT_V1_COMPLETE""}",docs/go2_no_rgb_direct_extended_budget_native_wait_execution_result_2026-09-11.md,,,,,
go2_no_rgb_direct_extended_budget_maze02_pilot_v1_attempt_001,NO_RGB_DIRECT_EXTENDED_BUDGET_MAZE02_PILOT_V1_COMPLETE,,,/home/andrewknowles/RecoveryStorage/LeWMQuad-v3/.generated/navigation_development_artifacts_v1/go2_no_rgb_direct_extended_budget_maze02_pilot_v1_attempt_001/result.json,,,"{""status"":""NO_RGB_DIRECT_EXTENDED_BUDGET_MAZE02_PILOT_V1_COMPLETE"",""wall_s"":18464.095322580077}",docs/go2_atomic_leaf_freeze_replay_and_extended_budget_native_active_2026-09-11.md;docs/go2_extended_budget_collection_stop_pending_audit_2026-09-11.md;docs/go2_extended_budget_worker_launched_and_ranking_scope_review_2026-09-11.md,,,,,
go2_no_rgb_matched_motion_comparison_v1_attempt_001,RESULT_RECORDED,,,/home/andrewknowles/RecoveryStorage/LeWMQuad-v3/.generated/navigation_development_artifacts_v1/go2_no_rgb_matched_motion_comparison_v1_attempt_001/result.json,,,{},docs/go2_no_rgb_matched_motion_fits_2026-09-15.md,,,,,
go2_nogil_drawing_plus20ms_jepa_noise_2mm_native_layout03_4800_v1_attempt_001,PACED_NATIVE_PREFIX_COMPLETE,OBSERVED_ROUND_TRIP_CANDIDATE,False,/home/andrewknowles/RecoveryStorage/LeWMQuad-v3/.generated/navigation_development_artifacts_v1/go2_nogil_drawing_plus20ms_jepa_noise_2mm_native_layout03_4800_v1_attempt_001/result.json,,,"{""status"":""PACED_NATIVE_PREFIX_COMPLETE"",""mission_terminal"":""OBSERVED_ROUND_TRIP_CANDIDATE"",""navigation_success_claimed"":false,""simulation_s"":208.4,""wall_s"":267.737930504,""camera_frames"":2082,""disallowed_contact"":false,""observed_arrivals"":""[{\""phase\"":\""OUTBOUND\"",\""frame\"":1152,\""measured_ns\"":116700000000,\""target_initial_body_xy_m\"":[0.0,1.3],\""observed_position_initial_body_xy_m\"":[0.009694004594269902,1.317125472973301],\""observed_distance_m\"":0.019678809659961393,\""quiet_intervals\"":10,\""native_verified\"":false},{\""phase\"":\""RETURN\"",\""frame\"":2080,\""measured_ns\"":209500000000,\""target_initial_body_xy_m\"":[0.0,0.0],\""observed_position_initial_body_xy_m\"":[0.017810717615374047,-0.005919437302490897],\""observed_distance_m\"":0.018768628078597437,\""quiet_intervals\"":10,\""native_verified\"":false}]""}",docs/go2_development_artifact_retention_2026-09-14.md,/home/andrewknowles/RecoveryStorage/LeWMQuad-v3/.generated/navigation_development_artifacts_v1/go2_nogil_drawing_plus20ms_jepa_noise_2mm_native_layout03_4800_v1_attempt_001/continuous_native_arrival_evaluation.json,1,1,True,0
go2_nogil_drawing_plus20ms_supervised_rollout_noise_2mm_native_layout03_4800_v1_attempt_001,PACED_NATIVE_PREFIX_COMPLETE,OBSERVED_ROUND_TRIP_CANDIDATE,False,/home/andrewknowles/RecoveryStorage/LeWMQuad-v3/.generated/navigation_development_artifacts_v1/go2_nogil_drawing_plus20ms_supervised_rollout_noise_2mm_native_layout03_4800_v1_attempt_001/result.json,,,"{""status"":""PACED_NATIVE_PREFIX_COMPLETE"",""mission_terminal"":""OBSERVED_ROUND_TRIP_CANDIDATE"",""navigation_success_claimed"":false,""simulation_s"":160.04,""wall_s"":206.453976143,""camera_frames"":1599,""disallowed_contact"":false,""observed_arrivals"":""[{\""phase\"":\""OUTBOUND\"",\""frame\"":1044,\""measured_ns\"":105900000000,\""target_initial_body_xy_m\"":[0.0,1.3],\""observed_position_initial_body_xy_m\"":[0.0014265740266600796,1.319912383516446],\""observed_distance_m\"":0.01996341981624306,\""quiet_intervals\"":10,\""native_verified\"":false},{\""phase\"":\""RETURN\"",\""frame\"":1597,\""measured_ns\"":161200000000,\""target_initial_body_xy_m\"":[0.0,0.0],\""observed_position_initial_body_xy_m\"":[0.00786718886136734,-0.005579562955114074],\""observed_distance_m\"":0.009644904527806569,\""quiet_intervals\"":10,\""native_verified\"":false}]""}",docs/go2_development_artifact_retention_2026-09-14.md,/home/andrewknowles/RecoveryStorage/LeWMQuad-v3/.generated/navigation_development_artifacts_v1/go2_nogil_drawing_plus20ms_supervised_rollout_noise_2mm_native_layout03_4800_v1_attempt_001/continuous_native_arrival_evaluation.json,1,1,True,0
go2_nogil_recovery_hold_jepa_noise_2mm_native_layout00_4800_v1_attempt_001,FAILURE_RECORD_ONLY,,,,/home/andrewknowles/RecoveryStorage/LeWMQuad-v3/.generated/navigation_development_artifacts_v1/go2_nogil_recovery_hold_jepa_noise_2mm_native_layout00_4800_v1_attempt_001/failure.json,"RuntimeError('[{\'stage\': \'tracking\', \'reason\': ""ValueError(\'measured visual pose unavailable\')""}]')",{},docs/go2_nogil_recovery_hold_2026-09-16.md,/home/andrewknowles/RecoveryStorage/LeWMQuad-v3/.generated/navigation_development_artifacts_v1/go2_nogil_recovery_hold_jepa_noise_2mm_native_layout00_4800_v1_attempt_001/continuous_native_arrival_evaluation.json,0,0,False,0
go2_nogil_recovery_limited_survey_comparison_v1_attempt_001,RESULT_RECORDED,,,/home/andrewknowles/RecoveryStorage/LeWMQuad-v3/.generated/navigation_development_artifacts_v1/go2_nogil_recovery_limited_survey_comparison_v1_attempt_001/result.json,,,{},docs/go2_recovery_limited_initial_survey_2026-09-16.md,,,,,
go2_nogil_recovery_limited_survey_jepa_noise_2mm_native_layout00_4800_v1_attempt_001,PACED_NATIVE_PREFIX_COMPLETE,OBSERVED_ROUND_TRIP_CANDIDATE,False,/home/andrewknowles/RecoveryStorage/LeWMQuad-v3/.generated/navigation_development_artifacts_v1/go2_nogil_recovery_limited_survey_jepa_noise_2mm_native_layout00_4800_v1_attempt_001/result.json,,,"{""status"":""PACED_NATIVE_PREFIX_COMPLETE"",""mission_terminal"":""OBSERVED_ROUND_TRIP_CANDIDATE"",""navigation_success_claimed"":false,""simulation_s"":293.28,""wall_s"":373.018928505,""camera_frames"":2929,""disallowed_contact"":false,""observed_arrivals"":""[{\""phase\"":\""OUTBOUND\"",\""frame\"":1628,\""measured_ns\"":164300000000,\""target_initial_body_xy_m\"":[0.0,-1.3],\""observed_position_initial_body_xy_m\"":[0.01109259351714681,-1.2996017087657157],\""observed_distance_m\"":0.011099741746723443,\""quiet_intervals\"":10,\""native_verified\"":false},{\""phase\"":\""RETURN\"",\""frame\"":2927,\""measured_ns\"":294200000000,\""target_initial_body_xy_m\"":[0.0,0.0],\""observed_position_initial_body_xy_m\"":[0.005518022007284483,-0.006437006371734824],\""observed_distance_m\"":0.008478420719841083,\""quiet_intervals\"":10,\""native_verified\"":false}]""}",docs/go2_development_artifact_retention_2026-09-14.md;docs/go2_recovery_limited_initial_survey_2026-09-16.md,/home/andrewknowles/RecoveryStorage/LeWMQuad-v3/.generated/navigation_development_artifacts_v1/go2_nogil_recovery_limited_survey_jepa_noise_2mm_native_layout00_4800_v1_attempt_001/continuous_native_arrival_evaluation.json,1,1,True,0
go2_nogil_recovery_limited_survey_supervised_rollout_noise_2mm_native_layout00_4800_v1_attempt_001,PACED_NATIVE_PREFIX_COMPLETE,OBSERVED_ROUND_TRIP_CANDIDATE,False,/home/andrewknowles/RecoveryStorage/LeWMQuad-v3/.generated/navigation_development_artifacts_v1/go2_nogil_recovery_limited_survey_supervised_rollout_noise_2mm_native_layout00_4800_v1_attempt_001/result.json,,,"{""status"":""PACED_NATIVE_PREFIX_COMPLETE"",""mission_terminal"":""OBSERVED_ROUND_TRIP_CANDIDATE"",""navigation_success_claimed"":false,""simulation_s"":296.86,""wall_s"":375.67547434,""camera_frames"":2966,""disallowed_contact"":false,""observed_arrivals"":""[{\""phase\"":\""OUTBOUND\"",\""frame\"":1941,\""measured_ns\"":195600000000,\""target_initial_body_xy_m\"":[0.0,-1.3],\""observed_position_initial_body_xy_m\"":[0.004580716070858862,-1.2964851210565844],\""observed_distance_m\"":0.005773849124171082,\""quiet_intervals\"":10,\""native_verified\"":false},{\""phase\"":\""RETURN\"",\""frame\"":2964,\""measured_ns\"":297900000000,\""target_initial_body_xy_m\"":[0.0,0.0],\""observed_position_initial_body_xy_m\"":[0.019171158784590202,-0.0033389294013954664],\""observed_distance_m\"":0.01945974765230714,\""quiet_intervals\"":10,\""native_verified\"":false}]""}",docs/go2_development_artifact_retention_2026-09-14.md;docs/go2_recovery_limited_initial_survey_2026-09-16.md,/home/andrewknowles/RecoveryStorage/LeWMQuad-v3/.generated/navigation_development_artifacts_v1/go2_nogil_recovery_limited_survey_supervised_rollout_noise_2mm_native_layout00_4800_v1_attempt_001/continuous_native_arrival_evaluation.json,1,1,True,0
go2_nogil_replication_instantaneous_noise_2mm_native_layout01_4800_v1_attempt_001,PACED_NATIVE_PREFIX_COMPLETE,OBSERVED_ROUND_TRIP_CANDIDATE,False,/home/andrewknowles/RecoveryStorage/LeWMQuad-v3/.generated/navigation_development_artifacts_v1/go2_nogil_replication_instantaneous_noise_2mm_native_layout01_4800_v1_attempt_001/result.json,,,"{""status"":""PACED_NATIVE_PREFIX_COMPLETE"",""mission_terminal"":""OBSERVED_ROUND_TRIP_CANDIDATE"",""navigation_success_claimed"":false,""simulation_s"":249.62,""wall_s"":323.934279941,""camera_frames"":2494,""disallowed_contact"":false,""observed_arrivals"":""[{\""phase\"":\""OUTBOUND\"",\""frame\"":1560,\""measured_ns\"":157500000000,\""target_initial_body_xy_m\"":[0.0,1.3],\""observed_position_initial_body_xy_m\"":[-0.0014883220147492858,1.3126290159081504],\""observed_distance_m\"":0.012716412435427772,\""quiet_intervals\"":10,\""native_verified\"":false},{\""phase\"":\""RETURN\"",\""frame\"":2492,\""measured_ns\"":250700000000,\""target_initial_body_xy_m\"":[0.0,0.0],\""observed_position_initial_body_xy_m\"":[0.013370307600470187,0.0011567504023210524],\""observed_distance_m\"":0.013420253232501268,\""quiet_intervals\"":10,\""native_verified\"":false}]""}",docs/go2_development_artifact_retention_2026-09-14.md,/home/andrewknowles/RecoveryStorage/LeWMQuad-v3/.generated/navigation_development_artifacts_v1/go2_nogil_replication_instantaneous_noise_2mm_native_layout01_4800_v1_attempt_001/continuous_native_arrival_evaluation.json,1,1,True,0
go2_nogil_replication_instantaneous_noise_2mm_native_layout02_4800_v1_attempt_001,PACED_NATIVE_PREFIX_COMPLETE,OBSERVED_ROUND_TRIP_CANDIDATE,False,/home/andrewknowles/RecoveryStorage/LeWMQuad-v3/.generated/navigation_development_artifacts_v1/go2_nogil_replication_instantaneous_noise_2mm_native_layout02_4800_v1_attempt_001/result.json,,,"{""status"":""PACED_NATIVE_PREFIX_COMPLETE"",""mission_terminal"":""OBSERVED_ROUND_TRIP_CANDIDATE"",""navigation_success_claimed"":false,""simulation_s"":165.68,""wall_s"":209.082654253,""camera_frames"":1653,""disallowed_contact"":false,""observed_arrivals"":""[{\""phase\"":\""OUTBOUND\"",\""frame\"":1028,\""measured_ns\"":104300000000,\""target_initial_body_xy_m\"":[0.0,1.3],\""observed_position_initial_body_xy_m\"":[0.007091559157886868,1.3059214605171112],\""observed_distance_m\"":0.009238717765226714,\""quiet_intervals\"":10,\""native_verified\"":false},{\""phase\"":\""RETURN\"",\""frame\"":1651,\""measured_ns\"":166600000000,\""target_initial_body_xy_m\"":[0.0,0.0],\""observed_position_initial_body_xy_m\"":[0.0045081449443806106,-0.01572084898496663],\""observed_distance_m\"":0.016354463110957538,\""quiet_intervals\"":10,\""native_verified\"":false}]""}",docs/go2_development_artifact_retention_2026-09-14.md,/home/andrewknowles/RecoveryStorage/LeWMQuad-v3/.generated/navigation_development_artifacts_v1/go2_nogil_replication_instantaneous_noise_2mm_native_layout02_4800_v1_attempt_001/continuous_native_arrival_evaluation.json,1,1,True,0
go2_nogil_replication_instantaneous_noise_2mm_native_layout03_4800_v1_attempt_001,PACED_NATIVE_PREFIX_COMPLETE,OBSERVED_ROUND_TRIP_CANDIDATE,False,/home/andrewknowles/RecoveryStorage/LeWMQuad-v3/.generated/navigation_development_artifacts_v1/go2_nogil_replication_instantaneous_noise_2mm_native_layout03_4800_v1_attempt_001/result.json,,,"{""status"":""PACED_NATIVE_PREFIX_COMPLETE"",""mission_terminal"":""OBSERVED_ROUND_TRIP_CANDIDATE"",""navigation_success_claimed"":false,""simulation_s"":210.76,""wall_s"":275.618992446,""camera_frames"":2106,""disallowed_contact"":false,""observed_arrivals"":""[{\""phase\"":\""OUTBOUND\"",\""frame\"":1467,\""measured_ns\"":148200000000,\""target_initial_body_xy_m\"":[3.9000000000000004,0.0],\""observed_position_initial_body_xy_m\"":[3.9101373859141337,0.012215752214664437],\""observed_distance_m\"":0.015874230543309775,\""quiet_intervals\"":10,\""native_verified\"":false},{\""phase\"":\""RETURN\"",\""frame\"":2104,\""measured_ns\"":211900000000,\""target_initial_body_xy_m\"":[0.0,0.0],\""observed_position_initial_body_xy_m\"":[-0.005346903426539545,0.011348992716371903],\""observed_distance_m\"":0.012545477748137088,\""quiet_intervals\"":10,\""native_verified\"":false}]""}",docs/go2_development_artifact_retention_2026-09-14.md,/home/andrewknowles/RecoveryStorage/LeWMQuad-v3/.generated/navigation_development_artifacts_v1/go2_nogil_replication_instantaneous_noise_2mm_native_layout03_4800_v1_attempt_001/continuous_native_arrival_evaluation.json,1,1,True,0
go2_nogil_replication_jepa_noise_2mm_native_layout02_4800_v1_attempt_001,PACED_NATIVE_PREFIX_COMPLETE,OBSERVED_ROUND_TRIP_CANDIDATE,False,/home/andrewknowles/RecoveryStorage/LeWMQuad-v3/.generated/navigation_development_artifacts_v1/go2_nogil_replication_jepa_noise_2mm_native_layout02_4800_v1_attempt_001/result.json,,,"{""status"":""PACED_NATIVE_PREFIX_COMPLETE"",""mission_terminal"":""OBSERVED_ROUND_TRIP_CANDIDATE"",""navigation_success_claimed"":false,""simulation_s"":174.02,""wall_s"":219.467426713,""camera_frames"":1738,""disallowed_contact"":false,""observed_arrivals"":""[{\""phase\"":\""OUTBOUND\"",\""frame\"":1073,\""measured_ns\"":108800000000,\""target_initial_body_xy_m\"":[0.0,1.3],\""observed_position_initial_body_xy_m\"":[-0.0017782722920047622,1.299850586361816],\""observed_distance_m\"":0.001784538253943378,\""quiet_intervals\"":10,\""native_verified\"":false},{\""phase\"":\""RETURN\"",\""frame\"":1736,\""measured_ns\"":175100000000,\""target_initial_body_xy_m\"":[0.0,0.0],\""observed_position_initial_body_xy_m\"":[0.018686187588192935,-0.00491884547389794],\""observed_distance_m\"":0.019322749477681016,\""quiet_intervals\"":10,\""native_verified\"":false}]""}",docs/go2_development_artifact_retention_2026-09-14.md,/home/andrewknowles/RecoveryStorage/LeWMQuad-v3/.generated/navigation_development_artifacts_v1/go2_nogil_replication_jepa_noise_2mm_native_layout02_4800_v1_attempt_001/continuous_native_arrival_evaluation.json,1,1,True,0
go2_nogil_replication_jepa_noise_2mm_native_layout03_4800_v1_attempt_001,PACED_NATIVE_PREFIX_COMPLETE,OBSERVED_ROUND_TRIP_CANDIDATE,False,/home/andrewknowles/RecoveryStorage/LeWMQuad-v3/.generated/navigation_development_artifacts_v1/go2_nogil_replication_jepa_noise_2mm_native_layout03_4800_v1_attempt_001/result.json,,,"{""status"":""PACED_NATIVE_PREFIX_COMPLETE"",""mission_terminal"":""OBSERVED_ROUND_TRIP_CANDIDATE"",""navigation_success_claimed"":false,""simulation_s"":237.2,""wall_s"":306.231223143,""camera_frames"":2370,""disallowed_contact"":false,""observed_arrivals"":""[{\""phase\"":\""OUTBOUND\"",\""frame\"":1776,\""measured_ns\"":179100000000,\""target_initial_body_xy_m\"":[3.9000000000000004,0.0],\""observed_position_initial_body_xy_m\"":[3.890361479395692,0.01454279485450105],\""observed_distance_m\"":0.017446889740574942,\""quiet_intervals\"":10,\""native_verified\"":false},{\""phase\"":\""RETURN\"",\""frame\"":2368,\""measured_ns\"":238300000000,\""target_initial_body_xy_m\"":[0.0,0.0],\""observed_position_initial_body_xy_m\"":[0.003019648039259079,0.005757564008523167],\""observed_distance_m\"":0.006501370439625984,\""quiet_intervals\"":10,\""native_verified\"":false}]""}",docs/go2_development_artifact_retention_2026-09-14.md,/home/andrewknowles/RecoveryStorage/LeWMQuad-v3/.generated/navigation_development_artifacts_v1/go2_nogil_replication_jepa_noise_2mm_native_layout03_4800_v1_attempt_001/continuous_native_arrival_evaluation.json,1,1,True,0
go2_nogil_replication_pose_command_noise_2mm_native_layout01_4800_v1_attempt_001,PACED_NATIVE_PREFIX_COMPLETE,OBSERVED_ROUND_TRIP_CANDIDATE,False,/home/andrewknowles/RecoveryStorage/LeWMQuad-v3/.generated/navigation_development_artifacts_v1/go2_nogil_replication_pose_command_noise_2mm_native_layout01_4800_v1_attempt_001/result.json,,,"{""status"":""PACED_NATIVE_PREFIX_COMPLETE"",""mission_terminal"":""OBSERVED_ROUND_TRIP_CANDIDATE"",""navigation_success_claimed"":false,""simulation_s"":379.36,""wall_s"":492.657126349,""camera_frames"":3792,""disallowed_contact"":false,""observed_arrivals"":""[{\""phase\"":\""OUTBOUND\"",\""frame\"":2945,\""measured_ns\"":296000000000,\""target_initial_body_xy_m\"":[0.0,1.3],\""observed_position_initial_body_xy_m\"":[-0.01603361397400957,1.3054821617862185],\""observed_distance_m\"":0.01694493655691364,\""quiet_intervals\"":10,\""native_verified\"":false},{\""phase\"":\""RETURN\"",\""frame\"":3790,\""measured_ns\"":380500000000,\""target_initial_body_xy_m\"":[0.0,0.0],\""observed_position_initial_body_xy_m\"":[0.007377020741124722,-0.01724278206264963],\""observed_distance_m\"":0.01875457192993261,\""quiet_intervals\"":10,\""native_verified\"":false}]""}",docs/go2_development_artifact_retention_2026-09-14.md,/home/andrewknowles/RecoveryStorage/LeWMQuad-v3/.generated/navigation_development_artifacts_v1/go2_nogil_replication_pose_command_noise_2mm_native_layout01_4800_v1_attempt_001/continuous_native_arrival_evaluation.json,1,1,True,0
go2_nogil_replication_pose_command_noise_2mm_native_layout02_4800_v1_attempt_001,PACED_NATIVE_PREFIX_COMPLETE,OBSERVED_ROUND_TRIP_CANDIDATE,False,/home/andrewknowles/RecoveryStorage/LeWMQuad-v3/.generated/navigation_development_artifacts_v1/go2_nogil_replication_pose_command_noise_2mm_native_layout02_4800_v1_attempt_001/result.json,,,"{""status"":""PACED_NATIVE_PREFIX_COMPLETE"",""mission_terminal"":""OBSERVED_ROUND_TRIP_CANDIDATE"",""navigation_success_claimed"":false,""simulation_s"":180.0,""wall_s"":228.331447573,""camera_frames"":1798,""disallowed_contact"":false,""observed_arrivals"":""[{\""phase\"":\""OUTBOUND\"",\""frame\"":1019,\""measured_ns\"":103400000000,\""target_initial_body_xy_m\"":[0.0,1.3],\""observed_position_initial_body_xy_m\"":[-0.001026594386810308,1.3103308329945411],\""observed_distance_m\"":0.01038171500264426,\""quiet_intervals\"":10,\""native_verified\"":false},{\""phase\"":\""RETURN\"",\""frame\"":1796,\""measured_ns\"":181100000000,\""target_initial_body_xy_m\"":[0.0,0.0],\""observed_position_initial_body_xy_m\"":[0.019299509288514427,-0.0037601325397792203],\""observed_distance_m\"":0.01966239190673813,\""quiet_intervals\"":10,\""native_verified\"":false}]""}",docs/go2_development_artifact_retention_2026-09-14.md,/home/andrewknowles/RecoveryStorage/LeWMQuad-v3/.generated/navigation_development_artifacts_v1/go2_nogil_replication_pose_command_noise_2mm_native_layout02_4800_v1_attempt_001/continuous_native_arrival_evaluation.json,1,1,True,0
go2_nogil_replication_pose_command_noise_2mm_native_layout03_4800_v1_attempt_001,PACED_NATIVE_PREFIX_COMPLETE,OBSERVED_ROUND_TRIP_CANDIDATE,False,/home/andrewknowles/RecoveryStorage/LeWMQuad-v3/.generated/navigation_development_artifacts_v1/go2_nogil_replication_pose_command_noise_2mm_native_layout03_4800_v1_attempt_001/result.json,,,"{""status"":""PACED_NATIVE_PREFIX_COMPLETE"",""mission_terminal"":""OBSERVED_ROUND_TRIP_CANDIDATE"",""navigation_success_claimed"":false,""simulation_s"":194.86,""wall_s"":252.309165758,""camera_frames"":1947,""disallowed_contact"":false,""observed_arrivals"":""[{\""phase\"":\""OUTBOUND\"",\""frame\"":1395,\""measured_ns\"":141000000000,\""target_initial_body_xy_m\"":[3.9000000000000004,0.0],\""observed_position_initial_body_xy_m\"":[3.8944766570677882,0.018755644676242092],\""observed_distance_m\"":0.019552020979128115,\""quiet_intervals\"":10,\""native_verified\"":false},{\""phase\"":\""RETURN\"",\""frame\"":1945,\""measured_ns\"":196000000000,\""target_initial_body_xy_m\"":[0.0,0.0],\""observed_position_initial_body_xy_m\"":[0.0020374955850853776,-0.0005065782275721982],\""observed_distance_m\"":0.0020995260798314925,\""quiet_intervals\"":10,\""native_verified\"":false}]""}",docs/go2_development_artifact_retention_2026-09-14.md,/home/andrewknowles/RecoveryStorage/LeWMQuad-v3/.generated/navigation_development_artifacts_v1/go2_nogil_replication_pose_command_noise_2mm_native_layout03_4800_v1_attempt_001/continuous_native_arrival_evaluation.json,1,1,True,0
go2_nogil_replication_reactive_feedback_noise_2mm_native_layout01_4800_v1_attempt_001,PACED_NATIVE_PREFIX_COMPLETE,OBSERVED_ROUND_TRIP_CANDIDATE,False,/home/andrewknowles/RecoveryStorage/LeWMQuad-v3/.generated/navigation_development_artifacts_v1/go2_nogil_replication_reactive_feedback_noise_2mm_native_layout01_4800_v1_attempt_001/result.json,,,"{""status"":""PACED_NATIVE_PREFIX_COMPLETE"",""mission_terminal"":""OBSERVED_ROUND_TRIP_CANDIDATE"",""navigation_success_claimed"":false,""simulation_s"":385.28,""wall_s"":497.780358602,""camera_frames"":3851,""disallowed_contact"":false,""observed_arrivals"":""[{\""phase\"":\""OUTBOUND\"",\""frame\"":3012,\""measured_ns\"":302700000000,\""target_initial_body_xy_m\"":[0.0,1.3],\""observed_position_initial_body_xy_m\"":[-0.017742803036887925,1.2939065894702968],\""observed_distance_m\"":0.018759976318996188,\""quiet_intervals\"":10,\""native_verified\"":false},{\""phase\"":\""RETURN\"",\""frame\"":3849,\""measured_ns\"":386400000000,\""target_initial_body_xy_m\"":[0.0,0.0],\""observed_position_initial_body_xy_m\"":[0.0018113173186148713,-0.008086301048327258],\""observed_distance_m\"":0.00828668420255609,\""quiet_intervals\"":10,\""native_verified\"":false}]""}",docs/go2_development_artifact_retention_2026-09-14.md,/home/andrewknowles/RecoveryStorage/LeWMQuad-v3/.generated/navigation_development_artifacts_v1/go2_nogil_replication_reactive_feedback_noise_2mm_native_layout01_4800_v1_attempt_001/continuous_native_arrival_evaluation.json,1,1,True,0
go2_nogil_replication_reactive_feedback_noise_2mm_native_layout02_4800_v1_attempt_001,PACED_NATIVE_PREFIX_COMPLETE,OBSERVED_ROUND_TRIP_CANDIDATE,False,/home/andrewknowles/RecoveryStorage/LeWMQuad-v3/.generated/navigation_development_artifacts_v1/go2_nogil_replication_reactive_feedback_noise_2mm_native_layout02_4800_v1_attempt_001/result.json,,,"{""status"":""PACED_NATIVE_PREFIX_COMPLETE"",""mission_terminal"":""OBSERVED_ROUND_TRIP_CANDIDATE"",""navigation_success_claimed"":false,""simulation_s"":207.66,""wall_s"":262.660563681,""camera_frames"":2071,""disallowed_contact"":false,""observed_arrivals"":""[{\""phase\"":\""OUTBOUND\"",\""frame\"":1492,\""measured_ns\"":150700000000,\""target_initial_body_xy_m\"":[0.0,1.3],\""observed_position_initial_body_xy_m\"":[-0.006758138139668707,1.2869983332135422],\""observed_distance_m\"":0.014653182942314151,\""quiet_intervals\"":10,\""native_verified\"":false},{\""phase\"":\""RETURN\"",\""frame\"":2069,\""measured_ns\"":208400000000,\""target_initial_body_xy_m\"":[0.0,0.0],\""observed_position_initial_body_xy_m\"":[0.012706898050103558,-0.004847277974474129],\""observed_distance_m\"":0.013600050066729446,\""quiet_intervals\"":10,\""native_verified\"":false}]""}",docs/go2_development_artifact_retention_2026-09-14.md,/home/andrewknowles/RecoveryStorage/LeWMQuad-v3/.generated/navigation_development_artifacts_v1/go2_nogil_replication_reactive_feedback_noise_2mm_native_layout02_4800_v1_attempt_001/continuous_native_arrival_evaluation.json,1,1,True,0
go2_nogil_replication_reactive_feedback_noise_2mm_native_layout03_4800_v1_attempt_001,PACED_NATIVE_PREFIX_COMPLETE,OBSERVED_ROUND_TRIP_CANDIDATE,False,/home/andrewknowles/RecoveryStorage/LeWMQuad-v3/.generated/navigation_development_artifacts_v1/go2_nogil_replication_reactive_feedback_noise_2mm_native_layout03_4800_v1_attempt_001/result.json,,,"{""status"":""PACED_NATIVE_PREFIX_COMPLETE"",""mission_terminal"":""OBSERVED_ROUND_TRIP_CANDIDATE"",""navigation_success_claimed"":false,""simulation_s"":204.9,""wall_s"":264.874031554,""camera_frames"":2045,""disallowed_contact"":false,""observed_arrivals"":""[{\""phase\"":\""OUTBOUND\"",\""frame\"":1435,\""measured_ns\"":145000000000,\""target_initial_body_xy_m\"":[3.9000000000000004,0.0],\""observed_position_initial_body_xy_m\"":[3.88685024214801,0.004273834222827878],\""observed_distance_m\"":0.013826850347428971,\""quiet_intervals\"":10,\""native_verified\"":false},{\""phase\"":\""RETURN\"",\""frame\"":2043,\""measured_ns\"":205800000000,\""target_initial_body_xy_m\"":[0.0,0.0],\""observed_position_initial_body_xy_m\"":[0.0010800385366543774,-0.006164504031012178],\""observed_distance_m\"":0.0062584018078918465,\""quiet_intervals\"":10,\""native_verified\"":false}]""}",docs/go2_development_artifact_retention_2026-09-14.md,/home/andrewknowles/RecoveryStorage/LeWMQuad-v3/.generated/navigation_development_artifacts_v1/go2_nogil_replication_reactive_feedback_noise_2mm_native_layout03_4800_v1_attempt_001/continuous_native_arrival_evaluation.json,1,1,True,0
go2_nogil_replication_readout_v1_attempt_001,COMPLETE,,,/home/andrewknowles/RecoveryStorage/LeWMQuad-v3/.generated/navigation_development_artifacts_v1/go2_nogil_replication_readout_v1_attempt_001/result.json,,,"{""status"":""COMPLETE""}",docs/go2_nogil_navigation_replication_2026-09-16.md;docs/go2_nogil_navigation_replication_complete_result_2026-09-16.md,,,,,
go2_nogil_replication_supervised_rollout_noise_2mm_native_layout01_4800_v1_attempt_001,PACED_NATIVE_PREFIX_COMPLETE,OBSERVED_ROUND_TRIP_CANDIDATE,False,/home/andrewknowles/RecoveryStorage/LeWMQuad-v3/.generated/navigation_development_artifacts_v1/go2_nogil_replication_supervised_rollout_noise_2mm_native_layout01_4800_v1_attempt_001/result.json,,,"{""status"":""PACED_NATIVE_PREFIX_COMPLETE"",""mission_terminal"":""OBSERVED_ROUND_TRIP_CANDIDATE"",""navigation_success_claimed"":false,""simulation_s"":248.02,""wall_s"":323.929462765,""camera_frames"":2478,""disallowed_contact"":false,""observed_arrivals"":""[{\""phase\"":\""OUTBOUND\"",\""frame\"":1631,\""measured_ns\"":164600000000,\""target_initial_body_xy_m\"":[0.0,1.3],\""observed_position_initial_body_xy_m\"":[0.019270995428014324,1.2949329725638847],\""observed_distance_m\"":0.019926013947222217,\""quiet_intervals\"":10,\""native_verified\"":false},{\""phase\"":\""RETURN\"",\""frame\"":2476,\""measured_ns\"":249100000000,\""target_initial_body_xy_m\"":[0.0,0.0],\""observed_position_initial_body_xy_m\"":[0.009041906076975244,0.010973407827400344],\""observed_distance_m\"":0.014218711082629572,\""quiet_intervals\"":10,\""native_verified\"":false}]""}",docs/go2_development_artifact_retention_2026-09-14.md,/home/andrewknowles/RecoveryStorage/LeWMQuad-v3/.generated/navigation_development_artifacts_v1/go2_nogil_replication_supervised_rollout_noise_2mm_native_layout01_4800_v1_attempt_001/continuous_native_arrival_evaluation.json,1,1,True,0
go2_nogil_replication_supervised_rollout_noise_2mm_native_layout02_4800_v1_attempt_001,PACED_NATIVE_PREFIX_COMPLETE,OBSERVED_ROUND_TRIP_CANDIDATE,False,/home/andrewknowles/RecoveryStorage/LeWMQuad-v3/.generated/navigation_development_artifacts_v1/go2_nogil_replication_supervised_rollout_noise_2mm_native_layout02_4800_v1_attempt_001/result.json,,,"{""status"":""PACED_NATIVE_PREFIX_COMPLETE"",""mission_terminal"":""OBSERVED_ROUND_TRIP_CANDIDATE"",""navigation_success_claimed"":false,""simulation_s"":162.08,""wall_s"":204.636108086,""camera_frames"":1619,""disallowed_contact"":false,""observed_arrivals"":""[{\""phase\"":\""OUTBOUND\"",\""frame\"":1004,\""measured_ns\"":101900000000,\""target_initial_body_xy_m\"":[0.0,1.3],\""observed_position_initial_body_xy_m\"":[-0.00241975346171833,1.3103678268686862],\""observed_distance_m\"":0.010646456724870927,\""quiet_intervals\"":10,\""native_verified\"":false},{\""phase\"":\""RETURN\"",\""frame\"":1617,\""measured_ns\"":163200000000,\""target_initial_body_xy_m\"":[0.0,0.0],\""observed_position_initial_body_xy_m\"":[0.009221012680417598,-0.00365953018481992],\""observed_distance_m\"":0.009920646956022084,\""quiet_intervals\"":10,\""native_verified\"":false}]""}",docs/go2_development_artifact_retention_2026-09-14.md,/home/andrewknowles/RecoveryStorage/LeWMQuad-v3/.generated/navigation_development_artifacts_v1/go2_nogil_replication_supervised_rollout_noise_2mm_native_layout02_4800_v1_attempt_001/continuous_native_arrival_evaluation.json,1,1,True,0
go2_nogil_replication_supervised_rollout_noise_2mm_native_layout03_4800_v1_attempt_001,PACED_NATIVE_PREFIX_COMPLETE,OBSERVED_ROUND_TRIP_CANDIDATE,False,/home/andrewknowles/RecoveryStorage/LeWMQuad-v3/.generated/navigation_development_artifacts_v1/go2_nogil_replication_supervised_rollout_noise_2mm_native_layout03_4800_v1_attempt_001/result.json,,,"{""status"":""PACED_NATIVE_PREFIX_COMPLETE"",""mission_terminal"":""OBSERVED_ROUND_TRIP_CANDIDATE"",""navigation_success_claimed"":false,""simulation_s"":230.06,""wall_s"":297.566947871,""camera_frames"":2299,""disallowed_contact"":false,""observed_arrivals"":""[{\""phase\"":\""OUTBOUND\"",\""frame\"":1716,\""measured_ns\"":173100000000,\""target_initial_body_xy_m\"":[3.9000000000000004,0.0],\""observed_position_initial_body_xy_m\"":[3.900253848159518,0.019926085413163475],\""observed_distance_m\"":0.019927702295567763,\""quiet_intervals\"":10,\""native_verified\"":false},{\""phase\"":\""RETURN\"",\""frame\"":2297,\""measured_ns\"":231200000000,\""target_initial_body_xy_m\"":[0.0,0.0],\""observed_position_initial_body_xy_m\"":[-0.005720428274366814,0.002218718909729352],\""observed_distance_m\"":0.006135634705763201,\""quiet_intervals\"":10,\""native_verified\"":false}]""}",docs/go2_development_artifact_retention_2026-09-14.md,/home/andrewknowles/RecoveryStorage/LeWMQuad-v3/.generated/navigation_development_artifacts_v1/go2_nogil_replication_supervised_rollout_noise_2mm_native_layout03_4800_v1_attempt_001/continuous_native_arrival_evaluation.json,1,1,True,0
go2_noisy_routing_floor_prefix_four_layout_summary_v1_attempt_001,RESULT_RECORDED,,,/home/andrewknowles/RecoveryStorage/LeWMQuad-v3/.generated/navigation_development_artifacts_v1/go2_noisy_routing_floor_prefix_four_layout_summary_v1_attempt_001/result.json,,,{},docs/go2_live_local_floor_mapping_noise_2026-09-15.md,,,,,
go2_nominal_action_goal_probe_v1_attempt_001,NOMINAL_ACTION_GOAL_PROBE_COMPLETE,,,/home/andrewknowles/RecoveryStorage/LeWMQuad-v3/.generated/navigation_development_artifacts_v1/go2_nominal_action_goal_probe_v1_attempt_001/result.json,,,"{""status"":""NOMINAL_ACTION_GOAL_PROBE_COMPLETE"",""wall_s"":184.07341457903385}",docs/go2_nominal_action_goal_probe_result_2026-09-08.md,,,,,
go2_nominal_action_goal_readout_v1_attempt_001,NOMINAL_ACTION_GOAL_READOUT_COMPLETE,,,/home/andrewknowles/RecoveryStorage/LeWMQuad-v3/.generated/navigation_development_artifacts_v1/go2_nominal_action_goal_readout_v1_attempt_001/result.json,,,"{""status"":""NOMINAL_ACTION_GOAL_READOUT_COMPLETE""}",docs/go2_nominal_action_goal_probe_result_2026-09-08.md,,,,,
go2_nominal_measured_plane_maze02_v1_attempt_001,NOMINAL_MEASURED_PLANE_MAZE02_V1_COMPLETE,,,/home/andrewknowles/RecoveryStorage/LeWMQuad-v3/.generated/navigation_development_artifacts_v1/go2_nominal_measured_plane_maze02_v1_attempt_001/result.json,,,"{""status"":""NOMINAL_MEASURED_PLANE_MAZE02_V1_COMPLETE"",""wall_s"":188.15630155196413}",docs/go2_measured_plane_completed_native_result_2026-09-12.md;docs/go2_measured_plane_three_arm_native_comparison_2026-09-12.md;docs/go2_nominal_measured_plane_completed_native_result_2026-09-12.md;docs/go2_nominal_measured_plane_maze02_v1_2026-09-11.md;docs/go2_nominal_measured_plane_native_wait_v1_2026-09-11.md,,,,,
go2_nominal_measured_plane_native_wait_v1_attempt_001,NOMINAL_MEASURED_PLANE_NATIVE_WAIT_V1_COMPLETE,,,/home/andrewknowles/RecoveryStorage/LeWMQuad-v3/.generated/navigation_development_artifacts_v1/go2_nominal_measured_plane_native_wait_v1_attempt_001/result.json,,,"{""status"":""NOMINAL_MEASURED_PLANE_NATIVE_WAIT_V1_COMPLETE""}",docs/go2_measured_plane_reactive_comparison_progress_2026-09-11.md;docs/go2_measured_plane_three_arm_native_comparison_2026-09-12.md;docs/go2_nominal_measured_plane_completed_native_result_2026-09-12.md;docs/go2_nominal_measured_plane_native_wait_v1_2026-09-11.md,,,,,
go2_nominal_motion_residual_matched_fits_v1_attempt_001,COMPLETE,,,/home/andrewknowles/RecoveryStorage/LeWMQuad-v3/.generated/navigation_development_artifacts_v1/go2_nominal_motion_residual_matched_fits_v1_attempt_001/result.json,,,"{""status"":""COMPLETE"",""wall_s"":298.7062137001194}",docs/go2_nominal_motion_residual_learning_2026-09-16.md,,,,,
go2_nominal_motion_residual_transfer_comparison_v1_attempt_001,COMPLETE,,,/home/andrewknowles/RecoveryStorage/LeWMQuad-v3/.generated/navigation_development_artifacts_v1/go2_nominal_motion_residual_transfer_comparison_v1_attempt_001/result.json,,,"{""status"":""COMPLETE"",""wall_s"":17.152122470084578}",docs/go2_nominal_motion_residual_learning_2026-09-16.md,,,,,
go2_nominal_reentry_maze_pilot_v1_attempt_001,NOMINAL_REENTRY_MAZE_PILOT_COMPLETE,,,/home/andrewknowles/RecoveryStorage/LeWMQuad-v3/.generated/navigation_development_artifacts_v1/go2_nominal_reentry_maze_pilot_v1_attempt_001/result.json,,,"{""status"":""NOMINAL_REENTRY_MAZE_PILOT_COMPLETE"",""wall_s"":749.8094384530559}",docs/go2_nominal_reentry_maze_pilot_result_2026-09-08.md;docs/go2_nominal_reentry_maze_pilot_v1_2026-09-08.md;docs/go2_novel_maze_round_trip_pilot_status_2026-09-08.md,,,,,
go2_nominal_reentry_maze_prefix_v1_attempt_001,NOMINAL_REENTRY_MAZE_PREFIX_COMPLETE,,,/home/andrewknowles/RecoveryStorage/LeWMQuad-v3/.generated/navigation_development_artifacts_v1/go2_nominal_reentry_maze_prefix_v1_attempt_001/result.json,,,"{""status"":""NOMINAL_REENTRY_MAZE_PREFIX_COMPLETE"",""wall_s"":252.32409832812846}",docs/go2_nominal_reentry_maze_prefix_result_2026-09-08.md;docs/go2_nominal_reentry_maze_prefix_v1_2026-09-08.md;docs/go2_novel_maze_round_trip_pilot_status_2026-09-08.md,,,,,
go2_nominal_reentry_maze_readout_v1_attempt_001,NOMINAL_REENTRY_MAZE_READOUT_COMPLETE,,,/home/andrewknowles/RecoveryStorage/LeWMQuad-v3/.generated/navigation_development_artifacts_v1/go2_nominal_reentry_maze_readout_v1_attempt_001/result.json,,,"{""status"":""NOMINAL_REENTRY_MAZE_READOUT_COMPLETE""}",docs/go2_nominal_reentry_maze_pilot_result_2026-09-08.md;docs/go2_nominal_reentry_maze_readout_v1_2026-09-08.md,,,,,
go2_nominal_residual_executed_windows_v1_attempt_001,COMPLETE,,,/home/andrewknowles/RecoveryStorage/LeWMQuad-v3/.generated/navigation_development_artifacts_v1/go2_nominal_residual_executed_windows_v1_attempt_001/result.json,,,"{""status"":""COMPLETE"",""wall_s"":19.89975933311507}",docs/go2_nominal_motion_residual_learning_2026-09-16.md,,,,,
go2_novel_maze_round_trip_pilot_v1_attempt_001,NOVEL_MAZE_ROUND_TRIP_PILOT_COMPLETE,,,/home/andrewknowles/RecoveryStorage/LeWMQuad-v3/.generated/navigation_development_artifacts_v1/go2_novel_maze_round_trip_pilot_v1_attempt_001/result.json,,,"{""status"":""NOVEL_MAZE_ROUND_TRIP_PILOT_COMPLETE"",""wall_s"":721.6186387699563}",docs/go2_novel_maze_round_trip_pilot_result_2026-09-08.md;docs/go2_novel_maze_round_trip_pilot_status_2026-09-08.md;docs/go2_novel_maze_round_trip_pilot_v1_2026-09-08.md,,,,,
go2_novel_maze_round_trip_readout_v1_attempt_001,NOVEL_MAZE_ROUND_TRIP_READOUT_COMPLETE,,,/home/andrewknowles/RecoveryStorage/LeWMQuad-v3/.generated/navigation_development_artifacts_v1/go2_novel_maze_round_trip_readout_v1_attempt_001/result.json,,,"{""status"":""NOVEL_MAZE_ROUND_TRIP_READOUT_COMPLETE""}",docs/go2_novel_maze_round_trip_pilot_result_2026-09-08.md;docs/go2_novel_maze_round_trip_pilot_status_2026-09-08.md;docs/go2_novel_maze_round_trip_readout_v1_2026-09-08.md,,,,,
go2_observation_horizon_family_targets_v1_attempt_001,OBSERVATION_HORIZON_FAMILY_TARGETS_COMPLETE,,,/home/andrewknowles/RecoveryStorage/LeWMQuad-v3/.generated/navigation_development_artifacts_v1/go2_observation_horizon_family_targets_v1_attempt_001/result.json,,,"{""status"":""OBSERVATION_HORIZON_FAMILY_TARGETS_COMPLETE"",""wall_s"":64.81850277702324}",docs/go2_observation_horizon_family_targets_result_2026-09-08.md;docs/go2_observation_horizon_family_targets_v1_2026-09-08.md,,,,,
go2_observation_horizon_fit_benchmark_v1_attempt_001,OBSERVATION_HORIZON_FIT_BENCHMARK_COMPLETE,,,/home/andrewknowles/RecoveryStorage/LeWMQuad-v3/.generated/navigation_development_artifacts_v1/go2_observation_horizon_fit_benchmark_v1_attempt_001/result.json,,,"{""status"":""OBSERVATION_HORIZON_FIT_BENCHMARK_COMPLETE""}",docs/go2_observation_horizon_fit_benchmark_result_2026-09-08.md;docs/go2_observation_horizon_fits_v1_2026-09-08.md,,,,,
go2_observation_horizon_fit_readout_v1_attempt_001,OBSERVATION_HORIZON_FIT_READOUT_COMPLETE,,,/home/andrewknowles/RecoveryStorage/LeWMQuad-v3/.generated/navigation_development_artifacts_v1/go2_observation_horizon_fit_readout_v1_attempt_001/result.json,,,"{""status"":""OBSERVATION_HORIZON_FIT_READOUT_COMPLETE"",""wall_s"":10.862480530980974}",docs/go2_observation_horizon_fit_readout_v1_2026-09-08.md;docs/go2_observation_horizon_fits_result_2026-09-08.md,,,,,
go2_observation_horizon_fits_v1_attempt_001,OBSERVATION_HORIZON_EIGHTEEN_FITS_COMPLETE,,,/home/andrewknowles/RecoveryStorage/LeWMQuad-v3/.generated/navigation_development_artifacts_v1/go2_observation_horizon_fits_v1_attempt_001/result.json,,,"{""status"":""OBSERVATION_HORIZON_EIGHTEEN_FITS_COMPLETE"",""wall_s"":1658.8397503020242}",docs/go2_observation_horizon_fits_result_2026-09-08.md;docs/go2_observation_horizon_fits_v1_2026-09-08.md;docs/go2_training_artifact_duplicate_inventory_v1_2026-09-09.md,,,,,
go2_observation_horizon_goal_probe_v1_attempt_001,OBSERVATION_HORIZON_GOAL_PROBE_COMPLETE,,,/home/andrewknowles/RecoveryStorage/LeWMQuad-v3/.generated/navigation_development_artifacts_v1/go2_observation_horizon_goal_probe_v1_attempt_001/result.json,,,"{""status"":""OBSERVATION_HORIZON_GOAL_PROBE_COMPLETE"",""wall_s"":76.95687216101214}",docs/go2_observation_horizon_goal_probe_result_2026-09-08.md;docs/go2_observation_horizon_goal_probe_v1_2026-09-08.md,,,,,
go2_observation_horizon_goal_readout_v1_attempt_001,OBSERVATION_HORIZON_GOAL_READOUT_COMPLETE,,,/home/andrewknowles/RecoveryStorage/LeWMQuad-v3/.generated/navigation_development_artifacts_v1/go2_observation_horizon_goal_readout_v1_attempt_001/result.json,,,"{""status"":""OBSERVATION_HORIZON_GOAL_READOUT_COMPLETE""}",docs/go2_observation_horizon_goal_probe_result_2026-09-08.md;docs/go2_observation_horizon_goal_readout_v1_2026-09-08.md,,,,,
go2_observation_horizon_inputs_v1_attempt_001,OBSERVATION_HORIZON_INPUTS_COMPLETE,,,/home/andrewknowles/RecoveryStorage/LeWMQuad-v3/.generated/navigation_development_artifacts_v1/go2_observation_horizon_inputs_v1_attempt_001/result.json,,,"{""status"":""OBSERVATION_HORIZON_INPUTS_COMPLETE"",""wall_s"":99.3566766588483}",docs/go2_observation_horizon_inputs_result_2026-09-08.md;docs/go2_observation_horizon_inputs_v1_2026-09-08.md,,,,,
go2_observation_replan_controller_profile_v1_attempt_001,OBSERVATION_REPLAN_CONTROLLER_PROFILE_COMPLETE,,,/home/andrewknowles/RecoveryStorage/LeWMQuad-v3/.generated/navigation_development_artifacts_v1/go2_observation_replan_controller_profile_v1_attempt_001/result.json,,,"{""status"":""OBSERVATION_REPLAN_CONTROLLER_PROFILE_COMPLETE"",""wall_s"":28.494352575857192}",docs/go2_observation_replan_controller_profile_result_2026-09-08.md;docs/go2_observation_replan_controller_profile_v1_2026-09-08.md,,,,,
go2_observation_replan_goal_probe_v1_attempt_001,OBSERVATION_REPLAN_GOAL_PROBE_COMPLETE,,,/home/andrewknowles/RecoveryStorage/LeWMQuad-v3/.generated/navigation_development_artifacts_v1/go2_observation_replan_goal_probe_v1_attempt_001/result.json,,,"{""status"":""OBSERVATION_REPLAN_GOAL_PROBE_COMPLETE"",""wall_s"":287.93289131997153}",docs/go2_observation_replan_goal_probe_result_2026-09-08.md;docs/go2_observation_replan_goal_probe_v1_2026-09-08.md,,,,,
go2_observation_replan_goal_readout_v1_attempt_001,OBSERVATION_REPLAN_GOAL_READOUT_COMPLETE,,,/home/andrewknowles/RecoveryStorage/LeWMQuad-v3/.generated/navigation_development_artifacts_v1/go2_observation_replan_goal_readout_v1_attempt_001/result.json,,,"{""status"":""OBSERVATION_REPLAN_GOAL_READOUT_COMPLETE""}",docs/go2_observation_replan_goal_probe_result_2026-09-08.md;docs/go2_observation_replan_goal_readout_v1_2026-09-08.md,,,,,
go2_observed_floor_contact_goal_probe_v1_attempt_001,OBSERVED_FLOOR_CONTACT_GOAL_PROBE_COMPLETE,,,/home/andrewknowles/RecoveryStorage/LeWMQuad-v3/.generated/navigation_development_artifacts_v1/go2_observed_floor_contact_goal_probe_v1_attempt_001/result.json,,,"{""status"":""OBSERVED_FLOOR_CONTACT_GOAL_PROBE_COMPLETE"",""wall_s"":400.285280801123}",docs/go2_observed_floor_contact_goal_probe_result_2026-09-08.md;docs/go2_observed_floor_contact_goal_probe_v1_2026-09-08.md,,,,,
go2_observed_floor_contact_goal_readout_v1_attempt_001,OBSERVED_FLOOR_CONTACT_GOAL_READOUT_COMPLETE,,,/home/andrewknowles/RecoveryStorage/LeWMQuad-v3/.generated/navigation_development_artifacts_v1/go2_observed_floor_contact_goal_readout_v1_attempt_001/result.json,,,"{""status"":""OBSERVED_FLOOR_CONTACT_GOAL_READOUT_COMPLETE""}",docs/go2_observed_floor_contact_goal_probe_result_2026-09-08.md;docs/go2_observed_floor_contact_goal_readout_v1_2026-09-08.md,,,,,
go2_observed_floor_contact_prefix_v1_attempt_001,OBSERVED_FLOOR_CONTACT_PREFIX_COMPLETE,,,/home/andrewknowles/RecoveryStorage/LeWMQuad-v3/.generated/navigation_development_artifacts_v1/go2_observed_floor_contact_prefix_v1_attempt_001/result.json,,,"{""status"":""OBSERVED_FLOOR_CONTACT_PREFIX_COMPLETE"",""wall_s"":111.8187625859864}",docs/go2_observed_floor_contact_prefix_result_2026-09-08.md;docs/go2_observed_floor_contact_prefix_v1_2026-09-08.md,,,,,
go2_observed_floor_waypoint_v1_attempt_001,OBSERVED_FLOOR_WAYPOINT_REPLAY_COMPLETE,,,/home/andrewknowles/RecoveryStorage/LeWMQuad-v3/.generated/navigation_development_artifacts_v1/go2_observed_floor_waypoint_v1_attempt_001/result.json,,,"{""status"":""OBSERVED_FLOOR_WAYPOINT_REPLAY_COMPLETE"",""wall_s"":25.537630524020642}",docs/go2_observed_floor_waypoint_result_2026-09-08.md;docs/go2_observed_floor_waypoint_v1_2026-09-08.md,,,,,
go2_observed_geometry_refinement_v1_attempt_001,OBSERVED_GEOMETRY_REFINEMENT_DIAGNOSTIC_COMPLETE,,,/home/andrewknowles/RecoveryStorage/LeWMQuad-v3/.generated/navigation_development_artifacts_v1/go2_observed_geometry_refinement_v1_attempt_001/result.json,,,"{""status"":""OBSERVED_GEOMETRY_REFINEMENT_DIAGNOSTIC_COMPLETE"",""wall_s"":59.40612056409009}",docs/go2_observed_geometry_refinement_result_2026-09-08.md,,,,,
go2_obstacle_grouping_navigation_comparison_v1_attempt_001,COMPLETE,,,/home/andrewknowles/RecoveryStorage/LeWMQuad-v3/.generated/navigation_development_artifacts_v1/go2_obstacle_grouping_navigation_comparison_v1_attempt_001/result.json,,,"{""status"":""COMPLETE""}",docs/go2_obstacle_grouping_navigation_2026-09-16.md,,,,,
go2_obstacle_grouping_navigation_packed_supervised_rollout_noise_2mm_native_layout01_4800_v1_attempt_001,PACED_NATIVE_PREFIX_COMPLETE,MISSION_TICK_BUDGET_EXHAUSTED,False,/home/andrewknowles/RecoveryStorage/LeWMQuad-v3/.generated/navigation_development_artifacts_v1/go2_obstacle_grouping_navigation_packed_supervised_rollout_noise_2mm_native_layout01_4800_v1_attempt_001/result.json,,,"{""status"":""PACED_NATIVE_PREFIX_COMPLETE"",""mission_terminal"":""MISSION_TICK_BUDGET_EXHAUSTED"",""navigation_success_claimed"":false,""simulation_s"":480.94,""wall_s"":628.413672344,""camera_frames"":4805,""disallowed_contact"":false,""observed_arrivals"":""[]""}",docs/go2_development_artifact_retention_2026-09-14.md;docs/go2_obstacle_grouping_navigation_2026-09-16.md,/home/andrewknowles/RecoveryStorage/LeWMQuad-v3/.generated/navigation_development_artifacts_v1/go2_obstacle_grouping_navigation_packed_supervised_rollout_noise_2mm_native_layout01_4800_v1_attempt_001/continuous_native_arrival_evaluation.json,0,0,False,0
go2_obstacle_grouping_navigation_reference_supervised_rollout_noise_2mm_native_layout01_4800_v1_attempt_001,PACED_NATIVE_PREFIX_COMPLETE,MISSION_TICK_BUDGET_EXHAUSTED,False,/home/andrewknowles/RecoveryStorage/LeWMQuad-v3/.generated/navigation_development_artifacts_v1/go2_obstacle_grouping_navigation_reference_supervised_rollout_noise_2mm_native_layout01_4800_v1_attempt_001/result.json,,,"{""status"":""PACED_NATIVE_PREFIX_COMPLETE"",""mission_terminal"":""MISSION_TICK_BUDGET_EXHAUSTED"",""navigation_success_claimed"":false,""simulation_s"":480.92,""wall_s"":626.309974682,""camera_frames"":4805,""disallowed_contact"":false,""observed_arrivals"":""[]""}",docs/go2_development_artifact_retention_2026-09-14.md;docs/go2_short_pulse_navigation_2026-09-16.md,/home/andrewknowles/RecoveryStorage/LeWMQuad-v3/.generated/navigation_development_artifacts_v1/go2_obstacle_grouping_navigation_reference_supervised_rollout_noise_2mm_native_layout01_4800_v1_attempt_001/continuous_native_arrival_evaluation.json,0,0,False,0
go2_orthonormal_gyro_predictive_hold_fine_goal_learned_round_trip_native_layout06_4800_v1_attempt_001,PACED_NATIVE_PREFIX_COMPLETE,MISSION_TICK_BUDGET_EXHAUSTED,False,/home/andrewknowles/RecoveryStorage/LeWMQuad-v3/.generated/navigation_development_artifacts_v1/go2_orthonormal_gyro_predictive_hold_fine_goal_learned_round_trip_native_layout06_4800_v1_attempt_001/result.json,,,"{""status"":""PACED_NATIVE_PREFIX_COMPLETE"",""mission_terminal"":""MISSION_TICK_BUDGET_EXHAUSTED"",""navigation_success_claimed"":false,""simulation_s"":481.04,""wall_s"":481.880494444,""camera_frames"":4805,""disallowed_contact"":false,""observed_arrivals"":""[{\""phase\"":\""OUTBOUND\"",\""frame\"":3448,\""measured_ns\"":346300000000,\""target_initial_body_xy_m\"":[0.0,1.3],\""observed_position_initial_body_xy_m\"":[-0.004986937082168295,1.2876003218951273],\""observed_distance_m\"":0.01336493765664344,\""quiet_intervals\"":10,\""native_verified\"":false}]""}",docs/go2_development_artifact_retention_2026-09-14.md;docs/go2_gyro_pose_and_fine_goal_navigation_2026-09-14.md,/home/andrewknowles/RecoveryStorage/LeWMQuad-v3/.generated/navigation_development_artifacts_v1/go2_orthonormal_gyro_predictive_hold_fine_goal_learned_round_trip_native_layout06_4800_v1_attempt_001/continuous_native_arrival_evaluation.json,1,0,False,0
go2_overlap_retention_goal_probe_v1_attempt_001,OVERLAP_RETENTION_GOAL_PROBE_COMPLETE,,,/home/andrewknowles/RecoveryStorage/LeWMQuad-v3/.generated/navigation_development_artifacts_v1/go2_overlap_retention_goal_probe_v1_attempt_001/result.json,,,"{""status"":""OVERLAP_RETENTION_GOAL_PROBE_COMPLETE"",""wall_s"":238.24746955302544}",docs/go2_overlap_retention_goal_probe_result_2026-09-08.md,,,,,
go2_overlap_retention_goal_readout_v1_attempt_001,OVERLAP_RETENTION_GOAL_READOUT_COMPLETE,,,/home/andrewknowles/RecoveryStorage/LeWMQuad-v3/.generated/navigation_development_artifacts_v1/go2_overlap_retention_goal_readout_v1_attempt_001/result.json,,,"{""status"":""OVERLAP_RETENTION_GOAL_READOUT_COMPLETE""}",docs/go2_overlap_retention_goal_probe_result_2026-09-08.md,,,,,
go2_overlap_retention_observer_replay_v1_attempt_001,OVERLAP_RETENTION_OBSERVER_REPLAY_COMPLETE,,,/home/andrewknowles/RecoveryStorage/LeWMQuad-v3/.generated/navigation_development_artifacts_v1/go2_overlap_retention_observer_replay_v1_attempt_001/result.json,,,"{""status"":""OVERLAP_RETENTION_OBSERVER_REPLAY_COMPLETE""}",docs/go2_overlap_retention_observer_replay_result_2026-09-08.md,,,,,
go2_overlapped_obstacle_paced_recorded_prefix_v1_attempt_001,EARLY_OBSTACLE_PACED_PREFIX_COMPLETE,,,/home/andrewknowles/RecoveryStorage/LeWMQuad-v3/.generated/navigation_development_artifacts_v1/go2_overlapped_obstacle_paced_recorded_prefix_v1_attempt_001/result.json,,,"{""status"":""EARLY_OBSTACLE_PACED_PREFIX_COMPLETE""}",docs/go2_feature_budget300_experiment_2026-09-13.md,,,,,
go2_paced_native_prefix_layout00_v1_attempt_001,PACED_NATIVE_PREFIX_COMPLETE,,False,/home/andrewknowles/RecoveryStorage/LeWMQuad-v3/.generated/navigation_development_artifacts_v1/go2_paced_native_prefix_layout00_v1_attempt_001/result.json,,,"{""status"":""PACED_NATIVE_PREFIX_COMPLETE"",""navigation_success_claimed"":false,""simulation_s"":6.1,""wall_s"":15.948939792,""camera_frames"":61,""disallowed_contact"":false}",docs/go2_paced_native_prefix_2026-09-13.md,,,,,
go2_packed_cell_obstacles_full_direct_equivalence_v1_attempt_001,COMPLETE,,,/home/andrewknowles/RecoveryStorage/LeWMQuad-v3/.generated/navigation_development_artifacts_v1/go2_packed_cell_obstacles_full_direct_equivalence_v1_attempt_001/result.json,,,"{""status"":""COMPLETE"",""wall_s"":191.90911815990694}",docs/go2_short_pulse_navigation_2026-09-16.md,,,,,
go2_packed_fused_scoped_late_history_profile_v1_attempt_001,PACKED_FUSED_SCOPED_LATE_HISTORY_PROFILE_V1_COMPLETE,,,/home/andrewknowles/RecoveryStorage/LeWMQuad-v3/.generated/navigation_development_artifacts_v1/go2_packed_fused_scoped_late_history_profile_v1_attempt_001/result.json,,,"{""status"":""PACKED_FUSED_SCOPED_LATE_HISTORY_PROFILE_V1_COMPLETE"",""wall_s"":1104.9169256091118}",docs/go2_packed_fused_scoped_late_history_profile_execution_result_2026-09-11.md,,,,,
go2_packed_owned_controller_pair_v1_attempt_001,PACKED_OWNED_CONTROLLER_PAIR_COMPLETE,,,/home/andrewknowles/RecoveryStorage/LeWMQuad-v3/.generated/navigation_development_artifacts_v1/go2_packed_owned_controller_pair_v1_attempt_001/result.json,,,"{""status"":""PACKED_OWNED_CONTROLLER_PAIR_COMPLETE"",""wall_s"":404.3786761770025}",docs/go2_novel_maze_round_trip_pilot_status_2026-09-08.md;docs/go2_packed_owned_controller_pair_result_2026-09-09.md;docs/go2_packed_owned_controller_pair_v1_2026-09-09.md,,,,,
go2_packed_owned_maze_bounds_benchmark_v1_attempt_001,PACKED_OWNED_MAZE_BOUNDS_BENCHMARK_COMPLETE,,,/home/andrewknowles/RecoveryStorage/LeWMQuad-v3/.generated/navigation_development_artifacts_v1/go2_packed_owned_maze_bounds_benchmark_v1_attempt_001/result.json,,,"{""status"":""PACKED_OWNED_MAZE_BOUNDS_BENCHMARK_COMPLETE""}",docs/go2_packed_owned_maze_bounds_benchmark_result_2026-09-09.md;docs/go2_packed_owned_maze_bounds_benchmark_v1_2026-09-09.md,,,,,
go2_packed_owned_maze_controller_replay_v1_attempt_001,PACKED_OWNED_MAZE_CONTROLLER_REPLAY_COMPLETE,,,/home/andrewknowles/RecoveryStorage/LeWMQuad-v3/.generated/navigation_development_artifacts_v1/go2_packed_owned_maze_controller_replay_v1_attempt_001/result.json,,,"{""status"":""PACKED_OWNED_MAZE_CONTROLLER_REPLAY_COMPLETE"",""wall_s"":1781.3632316070143}",docs/go2_novel_maze_round_trip_pilot_status_2026-09-08.md;docs/go2_packed_owned_controller_replay_result_2026-09-09.md;docs/go2_packed_owned_maze_bounds_benchmark_result_2026-09-09.md;docs/go2_packed_owned_maze_controller_replay_v1_2026-09-09.md,,,,,
go2_pair_local_plane_preferred_controller_comparison_layout03_4800_v1_attempt_001,RESULT_RECORDED,,,/home/andrewknowles/RecoveryStorage/LeWMQuad-v3/.generated/navigation_development_artifacts_v1/go2_pair_local_plane_preferred_controller_comparison_layout03_4800_v1_attempt_001/result.json,,,{},docs/go2_continuous_controller_comparison_2026-09-13.md,,,,,
go2_pair_local_plane_preferred_learned_round_trip_native_layout03_4800_v1_attempt_001,PACED_NATIVE_PREFIX_COMPLETE,MISSION_TICK_BUDGET_EXHAUSTED,False,/home/andrewknowles/RecoveryStorage/LeWMQuad-v3/.generated/navigation_development_artifacts_v1/go2_pair_local_plane_preferred_learned_round_trip_native_layout03_4800_v1_attempt_001/result.json,,,"{""status"":""PACED_NATIVE_PREFIX_COMPLETE"",""mission_terminal"":""MISSION_TICK_BUDGET_EXHAUSTED"",""navigation_success_claimed"":false,""simulation_s"":481.04,""wall_s"":481.854494065,""camera_frames"":4805,""disallowed_contact"":false,""observed_arrivals"":""[]""}",docs/go2_continuous_controller_comparison_2026-09-13.md,/home/andrewknowles/RecoveryStorage/LeWMQuad-v3/.generated/navigation_development_artifacts_v1/go2_pair_local_plane_preferred_learned_round_trip_native_layout03_4800_v1_attempt_001/continuous_native_arrival_evaluation.json,0,0,False,0
go2_pair_local_plane_preferred_reactive_round_trip_native_layout03_4800_v1_attempt_001,PACED_NATIVE_PREFIX_COMPLETE,MISSION_TICK_BUDGET_EXHAUSTED,False,/home/andrewknowles/RecoveryStorage/LeWMQuad-v3/.generated/navigation_development_artifacts_v1/go2_pair_local_plane_preferred_reactive_round_trip_native_layout03_4800_v1_attempt_001/result.json,,,"{""status"":""PACED_NATIVE_PREFIX_COMPLETE"",""mission_terminal"":""MISSION_TICK_BUDGET_EXHAUSTED"",""navigation_success_claimed"":false,""simulation_s"":481.04,""wall_s"":481.550852385,""camera_frames"":4805,""disallowed_contact"":false,""observed_arrivals"":""[]""}",docs/go2_continuous_controller_comparison_2026-09-13.md,/home/andrewknowles/RecoveryStorage/LeWMQuad-v3/.generated/navigation_development_artifacts_v1/go2_pair_local_plane_preferred_reactive_round_trip_native_layout03_4800_v1_attempt_001/continuous_native_arrival_evaluation.json,0,0,False,0
go2_paired_retained_floor_coverage_v1_attempt_001,PAIRED_RETAINED_FLOOR_COVERAGE_COMPLETE,,,/home/andrewknowles/RecoveryStorage/LeWMQuad-v3/.generated/navigation_development_artifacts_v1/go2_paired_retained_floor_coverage_v1_attempt_001/result.json,,,"{""status"":""PAIRED_RETAINED_FLOOR_COVERAGE_COMPLETE"",""wall_s"":72.12527180300094}",docs/go2_paired_retained_floor_coverage_result_2026-09-08.md;docs/go2_paired_retained_floor_coverage_v1_2026-09-08.md,,,,,
go2_panoramic_frontier_motion_residual_native_layout00_v1_attempt_001,PACED_NATIVE_PREFIX_COMPLETE,MISSION_TICK_BUDGET_EXHAUSTED,False,/home/andrewknowles/RecoveryStorage/LeWMQuad-v3/.generated/navigation_development_artifacts_v1/go2_panoramic_frontier_motion_residual_native_layout00_v1_attempt_001/result.json,,,"{""status"":""PACED_NATIVE_PREFIX_COMPLETE"",""mission_terminal"":""MISSION_TICK_BUDGET_EXHAUSTED"",""navigation_success_claimed"":false,""simulation_s"":181.06,""wall_s"":181.146544424,""camera_frames"":1805,""disallowed_contact"":false,""observed_arrivals"":""[]""}",docs/go2_development_artifact_retention_2026-09-14.md;docs/go2_feature150_memory_clearance_experiment_2026-09-13.md,,,,,
go2_partial_floor_height_maze01_scoped_verification_pilot_v1_attempt_001,PARTIAL_FLOOR_HEIGHT_MAZE01_SCOPED_VERIFICATION_PILOT_V1_COMPLETE,,,/home/andrewknowles/RecoveryStorage/LeWMQuad-v3/.generated/navigation_development_artifacts_v1/go2_partial_floor_height_maze01_scoped_verification_pilot_v1_attempt_001/result.json,,,"{""status"":""PARTIAL_FLOOR_HEIGHT_MAZE01_SCOPED_VERIFICATION_PILOT_V1_COMPLETE"",""wall_s"":2262.9071428021416}",docs/go2_partial_floor_height_maze01_anchor_loss_readout_2026-09-09.md;docs/go2_partial_floor_height_maze01_native_result_2026-09-09.md;docs/go2_partial_floor_height_maze01_scoped_verification_pilot_v1_2026-09-09.md,,,,,
go2_partial_floor_height_prefix_v1_attempt_001,PARTIAL_FLOOR_HEIGHT_PREFIX_V1_COMPLETE,,,/home/andrewknowles/RecoveryStorage/LeWMQuad-v3/.generated/navigation_development_artifacts_v1/go2_partial_floor_height_prefix_v1_attempt_001/result.json,,,"{""status"":""PARTIAL_FLOOR_HEIGHT_PREFIX_V1_COMPLETE"",""wall_s"":1165.1821606720332}",docs/go2_novel_maze_round_trip_pilot_status_2026-09-08.md;docs/go2_partial_floor_height_maze01_pilot_v1_2026-09-09.md;docs/go2_partial_floor_height_prefix_preparation_2026-09-09.md;docs/go2_partial_floor_height_prefix_result_2026-09-09.md;docs/go2_partial_floor_height_prefix_v1_2026-09-09.md,,,,,
go2_partial_height_round_trip_native_layout00_v1_attempt_001,PACED_NATIVE_PREFIX_COMPLETE,MISSION_TICK_BUDGET_EXHAUSTED,False,/home/andrewknowles/RecoveryStorage/LeWMQuad-v3/.generated/navigation_development_artifacts_v1/go2_partial_height_round_trip_native_layout00_v1_attempt_001/result.json,,,"{""status"":""PACED_NATIVE_PREFIX_COMPLETE"",""mission_terminal"":""MISSION_TICK_BUDGET_EXHAUSTED"",""navigation_success_claimed"":false,""simulation_s"":181.0,""wall_s"":180.986735644,""camera_frames"":1805,""disallowed_contact"":false,""observed_arrivals"":""[]""}",docs/go2_partial_height_integration_2026-09-13.md,,,,,
go2_persistent_local_visual_fixed_pair_v1_attempt_001,RESULT_RECORDED,,,/home/andrewknowles/RecoveryStorage/LeWMQuad-v3/.generated/navigation_development_artifacts_v1/go2_persistent_local_visual_fixed_pair_v1_attempt_001/result.json,,,"{""round_trips"":2}",docs/go2_development_artifact_retention_2026-09-14.md,,,,,
go2_persistent_local_visual_supervised_rollout_noise_2mm_native_layout00_4800_v1_attempt_001,PACED_NATIVE_PREFIX_COMPLETE,OBSERVED_ROUND_TRIP_CANDIDATE,False,/home/andrewknowles/RecoveryStorage/LeWMQuad-v3/.generated/navigation_development_artifacts_v1/go2_persistent_local_visual_supervised_rollout_noise_2mm_native_layout00_4800_v1_attempt_001/result.json,,,"{""status"":""PACED_NATIVE_PREFIX_COMPLETE"",""mission_terminal"":""OBSERVED_ROUND_TRIP_CANDIDATE"",""navigation_success_claimed"":false,""simulation_s"":355.58,""wall_s"":458.96627242,""camera_frames"":3554,""disallowed_contact"":false,""observed_arrivals"":""[{\""phase\"":\""OUTBOUND\"",\""frame\"":2448,\""measured_ns\"":246300000000,\""target_initial_body_xy_m\"":[0.0,2.6],\""observed_position_initial_body_xy_m\"":[0.01338901779841162,2.596465899523866],\""observed_distance_m\"":0.013847586929916536,\""quiet_intervals\"":10,\""native_verified\"":false},{\""phase\"":\""RETURN\"",\""frame\"":3552,\""measured_ns\"":356700000000,\""target_initial_body_xy_m\"":[0.0,0.0],\""observed_position_initial_body_xy_m\"":[-0.0006376179632999608,-0.008395279707308457],\""observed_distance_m\"":0.00841945829795884,\""quiet_intervals\"":10,\""native_verified\"":false}]""}",docs/go2_development_artifact_retention_2026-09-14.md;docs/go2_persistent_local_visual_2026-09-16.md,/home/andrewknowles/RecoveryStorage/LeWMQuad-v3/.generated/navigation_development_artifacts_v1/go2_persistent_local_visual_supervised_rollout_noise_2mm_native_layout00_4800_v1_attempt_001/continuous_native_arrival_evaluation.json,1,1,True,0
go2_persistent_local_visual_supervised_rollout_noise_2mm_native_layout01_4800_v1_attempt_001,PACED_NATIVE_PREFIX_COMPLETE,OBSERVED_ROUND_TRIP_CANDIDATE,False,/home/andrewknowles/RecoveryStorage/LeWMQuad-v3/.generated/navigation_development_artifacts_v1/go2_persistent_local_visual_supervised_rollout_noise_2mm_native_layout01_4800_v1_attempt_001/result.json,,,"{""status"":""PACED_NATIVE_PREFIX_COMPLETE"",""mission_terminal"":""OBSERVED_ROUND_TRIP_CANDIDATE"",""navigation_success_claimed"":false,""simulation_s"":374.48,""wall_s"":491.783314739,""camera_frames"":3741,""disallowed_contact"":false,""observed_arrivals"":""[{\""phase\"":\""OUTBOUND\"",\""frame\"":2319,\""measured_ns\"":233400000000,\""target_initial_body_xy_m\"":[3.9000000000000004,-1.3],\""observed_position_initial_body_xy_m\"":[3.8960420406477496,-1.2811659004992495],\""observed_distance_m\"":0.019245486386117682,\""quiet_intervals\"":10,\""native_verified\"":false},{\""phase\"":\""RETURN\"",\""frame\"":3739,\""measured_ns\"":375400000000,\""target_initial_body_xy_m\"":[0.0,0.0],\""observed_position_initial_body_xy_m\"":[0.012534702155471254,0.008354100020503432],\""observed_distance_m\"":0.01506352366742095,\""quiet_intervals\"":10,\""native_verified\"":false}]""}",docs/go2_development_artifact_retention_2026-09-14.md;docs/go2_persistent_local_visual_maze01_2026-09-16.md,/home/andrewknowles/RecoveryStorage/LeWMQuad-v3/.generated/navigation_development_artifacts_v1/go2_persistent_local_visual_supervised_rollout_noise_2mm_native_layout01_4800_v1_attempt_001/continuous_native_arrival_evaluation.json,1,1,True,0
go2_persistent_visual_baselines_comparison_layout00_v1_attempt_001,RESULT_RECORDED,,,/home/andrewknowles/RecoveryStorage/LeWMQuad-v3/.generated/navigation_development_artifacts_v1/go2_persistent_visual_baselines_comparison_layout00_v1_attempt_001/result.json,,,{},docs/go2_persistent_visual_baselines_2026-09-16.md,,,,,
go2_persistent_visual_baselines_comparison_layout01_v1_attempt_001,RESULT_RECORDED,,,/home/andrewknowles/RecoveryStorage/LeWMQuad-v3/.generated/navigation_development_artifacts_v1/go2_persistent_visual_baselines_comparison_layout01_v1_attempt_001/result.json,,,{},docs/go2_persistent_visual_baselines_2026-09-16.md,,,,,
go2_persistent_visual_baselines_comparison_layout02_v1_attempt_001,RESULT_RECORDED,,,/home/andrewknowles/RecoveryStorage/LeWMQuad-v3/.generated/navigation_development_artifacts_v1/go2_persistent_visual_baselines_comparison_layout02_v1_attempt_001/result.json,,,{},docs/go2_persistent_visual_baselines_2026-09-16.md,,,,,
go2_persistent_visual_baselines_complete_v1_attempt_001,FIXED_BASELINE_COMPARISON_COMPLETE,,,/home/andrewknowles/RecoveryStorage/LeWMQuad-v3/.generated/navigation_development_artifacts_v1/go2_persistent_visual_baselines_complete_v1_attempt_001/result.json,,,"{""status"":""FIXED_BASELINE_COMPARISON_COMPLETE""}",docs/go2_persistent_visual_baselines_2026-09-16.md;docs/go2_persistent_visual_baselines_complete_result_2026-09-16.md,,,,,
go2_persistent_visual_baselines_instantaneous_noise_2mm_native_layout00_4800_v1_attempt_001,PACED_NATIVE_PREFIX_COMPLETE,OBSERVED_ROUND_TRIP_CANDIDATE,False,/home/andrewknowles/RecoveryStorage/LeWMQuad-v3/.generated/navigation_development_artifacts_v1/go2_persistent_visual_baselines_instantaneous_noise_2mm_native_layout00_4800_v1_attempt_001/result.json,,,"{""status"":""PACED_NATIVE_PREFIX_COMPLETE"",""mission_terminal"":""OBSERVED_ROUND_TRIP_CANDIDATE"",""navigation_success_claimed"":false,""simulation_s"":198.86,""wall_s"":259.179619299,""camera_frames"":1985,""disallowed_contact"":false,""observed_arrivals"":""[{\""phase\"":\""OUTBOUND\"",\""frame\"":1036,\""measured_ns\"":105100000000,\""target_initial_body_xy_m\"":[2.6,2.6],\""observed_position_initial_body_xy_m\"":[2.612318969314989,2.614948130957628],\""observed_distance_m\"":0.01937017356943468,\""quiet_intervals\"":10,\""native_verified\"":false},{\""phase\"":\""RETURN\"",\""frame\"":1983,\""measured_ns\"":199800000000,\""target_initial_body_xy_m\"":[0.0,0.0],\""observed_position_initial_body_xy_m\"":[0.005153875482356647,0.018181016956573398],\""observed_distance_m\"":0.018897402204082085,\""quiet_intervals\"":10,\""native_verified\"":false}]""}",docs/go2_development_artifact_retention_2026-09-14.md,/home/andrewknowles/RecoveryStorage/LeWMQuad-v3/.generated/navigation_development_artifacts_v1/go2_persistent_visual_baselines_instantaneous_noise_2mm_native_layout00_4800_v1_attempt_001/continuous_native_arrival_evaluation.json,1,1,True,0
go2_persistent_visual_baselines_instantaneous_noise_2mm_native_layout01_4800_v1_attempt_001,PACED_NATIVE_PREFIX_COMPLETE,OBSERVED_ROUND_TRIP_CANDIDATE,False,/home/andrewknowles/RecoveryStorage/LeWMQuad-v3/.generated/navigation_development_artifacts_v1/go2_persistent_visual_baselines_instantaneous_noise_2mm_native_layout01_4800_v1_attempt_001/result.json,,,"{""status"":""PACED_NATIVE_PREFIX_COMPLETE"",""mission_terminal"":""OBSERVED_ROUND_TRIP_CANDIDATE"",""navigation_success_claimed"":false,""simulation_s"":255.6,""wall_s"":335.752649963,""camera_frames"":2554,""disallowed_contact"":false,""observed_arrivals"":""[{\""phase\"":\""OUTBOUND\"",\""frame\"":1704,\""measured_ns\"":171900000000,\""target_initial_body_xy_m\"":[0.0,2.6],\""observed_position_initial_body_xy_m\"":[0.019543470419343123,2.598069306439579],\""observed_distance_m\"":0.019638605186112174,\""quiet_intervals\"":10,\""native_verified\"":false},{\""phase\"":\""RETURN\"",\""frame\"":2552,\""measured_ns\"":256700000000,\""target_initial_body_xy_m\"":[0.0,0.0],\""observed_position_initial_body_xy_m\"":[-0.00443526743347118,0.00045023501223550986],\""observed_distance_m\"":0.004458061100147993,\""quiet_intervals\"":10,\""native_verified\"":false}]""}",docs/go2_development_artifact_retention_2026-09-14.md,/home/andrewknowles/RecoveryStorage/LeWMQuad-v3/.generated/navigation_development_artifacts_v1/go2_persistent_visual_baselines_instantaneous_noise_2mm_native_layout01_4800_v1_attempt_001/continuous_native_arrival_evaluation.json,1,1,True,0
go2_persistent_visual_baselines_instantaneous_noise_2mm_native_layout02_4800_v1_attempt_001,PACED_NATIVE_PREFIX_COMPLETE,OBSERVED_ROUND_TRIP_CANDIDATE,False,/home/andrewknowles/RecoveryStorage/LeWMQuad-v3/.generated/navigation_development_artifacts_v1/go2_persistent_visual_baselines_instantaneous_noise_2mm_native_layout02_4800_v1_attempt_001/result.json,,,"{""status"":""PACED_NATIVE_PREFIX_COMPLETE"",""mission_terminal"":""OBSERVED_ROUND_TRIP_CANDIDATE"",""navigation_success_claimed"":false,""simulation_s"":199.98,""wall_s"":256.306327944,""camera_frames"":1998,""disallowed_contact"":false,""observed_arrivals"":""[{\""phase\"":\""OUTBOUND\"",\""frame\"":1336,\""measured_ns\"":135100000000,\""target_initial_body_xy_m\"":[3.9000000000000004,1.3],\""observed_position_initial_body_xy_m\"":[3.8989270587112252,1.2833955121703882],\""observed_distance_m\"":0.016639117136822115,\""quiet_intervals\"":10,\""native_verified\"":false},{\""phase\"":\""RETURN\"",\""frame\"":1996,\""measured_ns\"":201100000000,\""target_initial_body_xy_m\"":[0.0,0.0],\""observed_position_initial_body_xy_m\"":[0.0039060542981223276,-0.0003180345579972524],\""observed_distance_m\"":0.003918980244905608,\""quiet_intervals\"":10,\""native_verified\"":false}]""}",docs/go2_development_artifact_retention_2026-09-14.md,/home/andrewknowles/RecoveryStorage/LeWMQuad-v3/.generated/navigation_development_artifacts_v1/go2_persistent_visual_baselines_instantaneous_noise_2mm_native_layout02_4800_v1_attempt_001/continuous_native_arrival_evaluation.json,1,1,True,0
go2_persistent_visual_baselines_instantaneous_noise_2mm_native_layout03_4800_v1_attempt_001,PACED_NATIVE_PREFIX_COMPLETE,OBSERVED_ROUND_TRIP_CANDIDATE,False,/home/andrewknowles/RecoveryStorage/LeWMQuad-v3/.generated/navigation_development_artifacts_v1/go2_persistent_visual_baselines_instantaneous_noise_2mm_native_layout03_4800_v1_attempt_001/result.json,,,"{""status"":""PACED_NATIVE_PREFIX_COMPLETE"",""mission_terminal"":""OBSERVED_ROUND_TRIP_CANDIDATE"",""navigation_success_claimed"":false,""simulation_s"":244.82,""wall_s"":320.918775285,""camera_frames"":2446,""disallowed_contact"":false,""observed_arrivals"":""[{\""phase\"":\""OUTBOUND\"",\""frame\"":1403,\""measured_ns\"":141800000000,\""target_initial_body_xy_m\"":[0.0,1.3],\""observed_position_initial_body_xy_m\"":[0.01107135723129192,1.3010538977141226],\""observed_distance_m\"":0.011121405097140947,\""quiet_intervals\"":10,\""native_verified\"":false},{\""phase\"":\""RETURN\"",\""frame\"":2444,\""measured_ns\"":245900000000,\""target_initial_body_xy_m\"":[0.0,0.0],\""observed_position_initial_body_xy_m\"":[0.017634535958229947,0.005006861779704094],\""observed_distance_m\"":0.018331544488753987,\""quiet_intervals\"":10,\""native_verified\"":false}]""}",docs/go2_development_artifact_retention_2026-09-14.md,/home/andrewknowles/RecoveryStorage/LeWMQuad-v3/.generated/navigation_development_artifacts_v1/go2_persistent_visual_baselines_instantaneous_noise_2mm_native_layout03_4800_v1_attempt_001/continuous_native_arrival_evaluation.json,1,1,True,0
go2_persistent_visual_baselines_reactive_feedback_noise_2mm_native_layout00_4800_v1_attempt_001,PACED_NATIVE_PREFIX_COMPLETE,MISSION_TICK_BUDGET_EXHAUSTED,False,/home/andrewknowles/RecoveryStorage/LeWMQuad-v3/.generated/navigation_development_artifacts_v1/go2_persistent_visual_baselines_reactive_feedback_noise_2mm_native_layout00_4800_v1_attempt_001/result.json,,,"{""status"":""PACED_NATIVE_PREFIX_COMPLETE"",""mission_terminal"":""MISSION_TICK_BUDGET_EXHAUSTED"",""navigation_success_claimed"":false,""simulation_s"":480.86,""wall_s"":613.954005009,""camera_frames"":4805,""disallowed_contact"":false,""observed_arrivals"":""[]""}",docs/go2_development_artifact_retention_2026-09-14.md,/home/andrewknowles/RecoveryStorage/LeWMQuad-v3/.generated/navigation_development_artifacts_v1/go2_persistent_visual_baselines_reactive_feedback_noise_2mm_native_layout00_4800_v1_attempt_001/continuous_native_arrival_evaluation.json,0,0,False,0
go2_persistent_visual_baselines_reactive_feedback_noise_2mm_native_layout01_4800_v1_attempt_001,PACED_NATIVE_PREFIX_COMPLETE,OBSERVED_ROUND_TRIP_CANDIDATE,False,/home/andrewknowles/RecoveryStorage/LeWMQuad-v3/.generated/navigation_development_artifacts_v1/go2_persistent_visual_baselines_reactive_feedback_noise_2mm_native_layout01_4800_v1_attempt_001/result.json,,,"{""status"":""PACED_NATIVE_PREFIX_COMPLETE"",""mission_terminal"":""OBSERVED_ROUND_TRIP_CANDIDATE"",""navigation_success_claimed"":false,""simulation_s"":188.46,""wall_s"":244.920834768,""camera_frames"":1883,""disallowed_contact"":false,""observed_arrivals"":""[{\""phase\"":\""OUTBOUND\"",\""frame\"":1185,\""measured_ns\"":120000000000,\""target_initial_body_xy_m\"":[0.0,2.6],\""observed_position_initial_body_xy_m\"":[0.0014358151083342788,2.5838061367859084],\""observed_distance_m\"":0.01625739126742148,\""quiet_intervals\"":10,\""native_verified\"":false},{\""phase\"":\""RETURN\"",\""frame\"":1881,\""measured_ns\"":189600000000,\""target_initial_body_xy_m\"":[0.0,0.0],\""observed_position_initial_body_xy_m\"":[-0.006442662575646611,0.0024472272334592226],\""observed_distance_m\"":0.006891793830043228,\""quiet_intervals\"":10,\""native_verified\"":false}]""}",docs/go2_development_artifact_retention_2026-09-14.md,/home/andrewknowles/RecoveryStorage/LeWMQuad-v3/.generated/navigation_development_artifacts_v1/go2_persistent_visual_baselines_reactive_feedback_noise_2mm_native_layout01_4800_v1_attempt_001/continuous_native_arrival_evaluation.json,1,1,True,0
go2_persistent_visual_baselines_reactive_feedback_noise_2mm_native_layout02_4800_v1_attempt_001,PACED_NATIVE_PREFIX_COMPLETE,OBSERVED_ROUND_TRIP_CANDIDATE,False,/home/andrewknowles/RecoveryStorage/LeWMQuad-v3/.generated/navigation_development_artifacts_v1/go2_persistent_visual_baselines_reactive_feedback_noise_2mm_native_layout02_4800_v1_attempt_001/result.json,,,"{""status"":""PACED_NATIVE_PREFIX_COMPLETE"",""mission_terminal"":""OBSERVED_ROUND_TRIP_CANDIDATE"",""navigation_success_claimed"":false,""simulation_s"":186.38,""wall_s"":237.906677348,""camera_frames"":1862,""disallowed_contact"":false,""observed_arrivals"":""[{\""phase\"":\""OUTBOUND\"",\""frame\"":1100,\""measured_ns\"":111500000000,\""target_initial_body_xy_m\"":[3.9000000000000004,1.3],\""observed_position_initial_body_xy_m\"":[3.89491247596817,1.3058796321189403],\""observed_distance_m\"":0.007775151100044698,\""quiet_intervals\"":10,\""native_verified\"":false},{\""phase\"":\""RETURN\"",\""frame\"":1860,\""measured_ns\"":187500000000,\""target_initial_body_xy_m\"":[0.0,0.0],\""observed_position_initial_body_xy_m\"":[-0.01083815637832687,-0.005565358165094049],\""observed_distance_m\"":0.012183548136189491,\""quiet_intervals\"":10,\""native_verified\"":false}]""}",docs/go2_development_artifact_retention_2026-09-14.md,/home/andrewknowles/RecoveryStorage/LeWMQuad-v3/.generated/navigation_development_artifacts_v1/go2_persistent_visual_baselines_reactive_feedback_noise_2mm_native_layout02_4800_v1_attempt_001/continuous_native_arrival_evaluation.json,1,1,True,0
go2_persistent_visual_baselines_reactive_feedback_noise_2mm_native_layout03_4800_v1_attempt_001,PACED_NATIVE_PREFIX_COMPLETE,OBSERVED_ROUND_TRIP_CANDIDATE,False,/home/andrewknowles/RecoveryStorage/LeWMQuad-v3/.generated/navigation_development_artifacts_v1/go2_persistent_visual_baselines_reactive_feedback_noise_2mm_native_layout03_4800_v1_attempt_001/result.json,,,"{""status"":""PACED_NATIVE_PREFIX_COMPLETE"",""mission_terminal"":""OBSERVED_ROUND_TRIP_CANDIDATE"",""navigation_success_claimed"":false,""simulation_s"":186.78,""wall_s"":243.190639191,""camera_frames"":1866,""disallowed_contact"":false,""observed_arrivals"":""[{\""phase\"":\""OUTBOUND\"",\""frame\"":1095,\""measured_ns\"":111000000000,\""target_initial_body_xy_m\"":[0.0,1.3],\""observed_position_initial_body_xy_m\"":[-0.0032642927380822223,1.3110051437946317],\""observed_distance_m\"":0.011479059065115777,\""quiet_intervals\"":10,\""native_verified\"":false},{\""phase\"":\""RETURN\"",\""frame\"":1864,\""measured_ns\"":187900000000,\""target_initial_body_xy_m\"":[0.0,0.0],\""observed_position_initial_body_xy_m\"":[0.015445459132469117,0.0022484690579027303],\""observed_distance_m\"":0.015608261303461051,\""quiet_intervals\"":10,\""native_verified\"":false}]""}",docs/go2_development_artifact_retention_2026-09-14.md,/home/andrewknowles/RecoveryStorage/LeWMQuad-v3/.generated/navigation_development_artifacts_v1/go2_persistent_visual_baselines_reactive_feedback_noise_2mm_native_layout03_4800_v1_attempt_001/continuous_native_arrival_evaluation.json,1,1,True,0
go2_persistent_visual_baselines_reserved_off_noise_2mm_native_layout00_4800_v1_attempt_001,PACED_NATIVE_PREFIX_COMPLETE,MISSION_TICK_BUDGET_EXHAUSTED,False,/home/andrewknowles/RecoveryStorage/LeWMQuad-v3/.generated/navigation_development_artifacts_v1/go2_persistent_visual_baselines_reserved_off_noise_2mm_native_layout00_4800_v1_attempt_001/result.json,,,"{""status"":""PACED_NATIVE_PREFIX_COMPLETE"",""mission_terminal"":""MISSION_TICK_BUDGET_EXHAUSTED"",""navigation_success_claimed"":false,""simulation_s"":480.92,""wall_s"":608.951796463,""camera_frames"":4805,""disallowed_contact"":false,""observed_arrivals"":""[]""}",docs/go2_development_artifact_retention_2026-09-14.md,/home/andrewknowles/RecoveryStorage/LeWMQuad-v3/.generated/navigation_development_artifacts_v1/go2_persistent_visual_baselines_reserved_off_noise_2mm_native_layout00_4800_v1_attempt_001/continuous_native_arrival_evaluation.json,0,0,False,0
go2_persistent_visual_baselines_reserved_off_noise_2mm_native_layout01_4800_v1_attempt_001,PACED_NATIVE_PREFIX_COMPLETE,MISSION_TICK_BUDGET_EXHAUSTED,False,/home/andrewknowles/RecoveryStorage/LeWMQuad-v3/.generated/navigation_development_artifacts_v1/go2_persistent_visual_baselines_reserved_off_noise_2mm_native_layout01_4800_v1_attempt_001/result.json,,,"{""status"":""PACED_NATIVE_PREFIX_COMPLETE"",""mission_terminal"":""MISSION_TICK_BUDGET_EXHAUSTED"",""navigation_success_claimed"":false,""simulation_s"":480.9,""wall_s"":620.090952965,""camera_frames"":4805,""disallowed_contact"":false,""observed_arrivals"":""[]""}",docs/go2_development_artifact_retention_2026-09-14.md,/home/andrewknowles/RecoveryStorage/LeWMQuad-v3/.generated/navigation_development_artifacts_v1/go2_persistent_visual_baselines_reserved_off_noise_2mm_native_layout01_4800_v1_attempt_001/continuous_native_arrival_evaluation.json,0,0,False,0
go2_persistent_visual_baselines_reserved_off_noise_2mm_native_layout02_4800_v1_attempt_001,PACED_NATIVE_PREFIX_COMPLETE,MISSION_TICK_BUDGET_EXHAUSTED,False,/home/andrewknowles/RecoveryStorage/LeWMQuad-v3/.generated/navigation_development_artifacts_v1/go2_persistent_visual_baselines_reserved_off_noise_2mm_native_layout02_4800_v1_attempt_001/result.json,,,"{""status"":""PACED_NATIVE_PREFIX_COMPLETE"",""mission_terminal"":""MISSION_TICK_BUDGET_EXHAUSTED"",""navigation_success_claimed"":false,""simulation_s"":480.94,""wall_s"":609.480002828,""camera_frames"":4805,""disallowed_contact"":false,""observed_arrivals"":""[]""}",docs/go2_development_artifact_retention_2026-09-14.md,/home/andrewknowles/RecoveryStorage/LeWMQuad-v3/.generated/navigation_development_artifacts_v1/go2_persistent_visual_baselines_reserved_off_noise_2mm_native_layout02_4800_v1_attempt_001/continuous_native_arrival_evaluation.json,0,0,False,0
go2_persistent_visual_baselines_reserved_off_noise_2mm_native_layout03_4800_v1_attempt_001,PACED_NATIVE_PREFIX_COMPLETE,MISSION_TICK_BUDGET_EXHAUSTED,False,/home/andrewknowles/RecoveryStorage/LeWMQuad-v3/.generated/navigation_development_artifacts_v1/go2_persistent_visual_baselines_reserved_off_noise_2mm_native_layout03_4800_v1_attempt_001/result.json,,,"{""status"":""PACED_NATIVE_PREFIX_COMPLETE"",""mission_terminal"":""MISSION_TICK_BUDGET_EXHAUSTED"",""navigation_success_claimed"":false,""simulation_s"":480.9,""wall_s"":620.849636404,""camera_frames"":4805,""disallowed_contact"":false,""observed_arrivals"":""[]""}",docs/go2_development_artifact_retention_2026-09-14.md,/home/andrewknowles/RecoveryStorage/LeWMQuad-v3/.generated/navigation_development_artifacts_v1/go2_persistent_visual_baselines_reserved_off_noise_2mm_native_layout03_4800_v1_attempt_001/continuous_native_arrival_evaluation.json,0,0,False,0
go2_persistent_visual_learning_comparison_direct_noise_2mm_native_layout00_4800_v1_attempt_001,PACED_NATIVE_PREFIX_COMPLETE,MISSION_TICK_BUDGET_EXHAUSTED,False,/home/andrewknowles/RecoveryStorage/LeWMQuad-v3/.generated/navigation_development_artifacts_v1/go2_persistent_visual_learning_comparison_direct_noise_2mm_native_layout00_4800_v1_attempt_001/result.json,,,"{""status"":""PACED_NATIVE_PREFIX_COMPLETE"",""mission_terminal"":""MISSION_TICK_BUDGET_EXHAUSTED"",""navigation_success_claimed"":false,""simulation_s"":480.8,""wall_s"":624.206641025,""camera_frames"":4806,""disallowed_contact"":false,""observed_arrivals"":""[{\""phase\"":\""OUTBOUND\"",\""frame\"":4225,\""measured_ns\"":424000000000,\""target_initial_body_xy_m\"":[2.6,2.6],\""observed_position_initial_body_xy_m\"":[2.581833662128455,2.5930916934554844],\""observed_distance_m\"":0.01943554812646465,\""quiet_intervals\"":10,\""native_verified\"":false}]""}",docs/go2_development_artifact_retention_2026-09-14.md,/home/andrewknowles/RecoveryStorage/LeWMQuad-v3/.generated/navigation_development_artifacts_v1/go2_persistent_visual_learning_comparison_direct_noise_2mm_native_layout00_4800_v1_attempt_001/continuous_native_arrival_evaluation.json,1,0,False,0
go2_persistent_visual_learning_comparison_direct_noise_2mm_native_layout01_4800_v1_attempt_001,PACED_NATIVE_PREFIX_COMPLETE,OBSERVED_ROUND_TRIP_CANDIDATE,False,/home/andrewknowles/RecoveryStorage/LeWMQuad-v3/.generated/navigation_development_artifacts_v1/go2_persistent_visual_learning_comparison_direct_noise_2mm_native_layout01_4800_v1_attempt_001/result.json,,,"{""status"":""PACED_NATIVE_PREFIX_COMPLETE"",""mission_terminal"":""OBSERVED_ROUND_TRIP_CANDIDATE"",""navigation_success_claimed"":false,""simulation_s"":219.6,""wall_s"":286.966115154,""camera_frames"":2194,""disallowed_contact"":false,""observed_arrivals"":""[{\""phase\"":\""OUTBOUND\"",\""frame\"":1165,\""measured_ns\"":118000000000,\""target_initial_body_xy_m\"":[0.0,2.6],\""observed_position_initial_body_xy_m\"":[0.004310290417330532,2.591216006905875],\""observed_distance_m\"":0.009784535663963093,\""quiet_intervals\"":10,\""native_verified\"":false},{\""phase\"":\""RETURN\"",\""frame\"":2192,\""measured_ns\"":220700000000,\""target_initial_body_xy_m\"":[0.0,0.0],\""observed_position_initial_body_xy_m\"":[0.01945560331134352,0.0004129579545913624],\""observed_distance_m\"":0.019459985469691934,\""quiet_intervals\"":10,\""native_verified\"":false}]""}",docs/go2_development_artifact_retention_2026-09-14.md,/home/andrewknowles/RecoveryStorage/LeWMQuad-v3/.generated/navigation_development_artifacts_v1/go2_persistent_visual_learning_comparison_direct_noise_2mm_native_layout01_4800_v1_attempt_001/continuous_native_arrival_evaluation.json,1,1,True,0
go2_persistent_visual_learning_comparison_direct_noise_2mm_native_layout02_4800_v1_attempt_001,PACED_NATIVE_PREFIX_COMPLETE,OBSERVED_ROUND_TRIP_CANDIDATE,False,/home/andrewknowles/RecoveryStorage/LeWMQuad-v3/.generated/navigation_development_artifacts_v1/go2_persistent_visual_learning_comparison_direct_noise_2mm_native_layout02_4800_v1_attempt_001/result.json,,,"{""status"":""PACED_NATIVE_PREFIX_COMPLETE"",""mission_terminal"":""OBSERVED_ROUND_TRIP_CANDIDATE"",""navigation_success_claimed"":false,""simulation_s"":186.78,""wall_s"":238.375489536,""camera_frames"":1866,""disallowed_contact"":false,""observed_arrivals"":""[{\""phase\"":\""OUTBOUND\"",\""frame\"":1135,\""measured_ns\"":115000000000,\""target_initial_body_xy_m\"":[3.9000000000000004,1.3],\""observed_position_initial_body_xy_m\"":[3.893396666742508,1.3165735973432167],\""observed_distance_m\"":0.01784063168737537,\""quiet_intervals\"":10,\""native_verified\"":false},{\""phase\"":\""RETURN\"",\""frame\"":1864,\""measured_ns\"":187900000000,\""target_initial_body_xy_m\"":[0.0,0.0],\""observed_position_initial_body_xy_m\"":[0.009290229280512432,0.0080025043056619],\""observed_distance_m\"":0.012261665272165432,\""quiet_intervals\"":10,\""native_verified\"":false}]""}",docs/go2_development_artifact_retention_2026-09-14.md,/home/andrewknowles/RecoveryStorage/LeWMQuad-v3/.generated/navigation_development_artifacts_v1/go2_persistent_visual_learning_comparison_direct_noise_2mm_native_layout02_4800_v1_attempt_001/continuous_native_arrival_evaluation.json,1,1,True,0
go2_persistent_visual_learning_comparison_direct_noise_2mm_native_layout03_4800_v1_attempt_001,PACED_NATIVE_PREFIX_COMPLETE,OBSERVED_ROUND_TRIP_CANDIDATE,False,/home/andrewknowles/RecoveryStorage/LeWMQuad-v3/.generated/navigation_development_artifacts_v1/go2_persistent_visual_learning_comparison_direct_noise_2mm_native_layout03_4800_v1_attempt_001/result.json,,,"{""status"":""PACED_NATIVE_PREFIX_COMPLETE"",""mission_terminal"":""OBSERVED_ROUND_TRIP_CANDIDATE"",""navigation_success_claimed"":false,""simulation_s"":228.4,""wall_s"":297.750170848,""camera_frames"":2282,""disallowed_contact"":false,""observed_arrivals"":""[{\""phase\"":\""OUTBOUND\"",\""frame\"":1241,\""measured_ns\"":125600000000,\""target_initial_body_xy_m\"":[0.0,1.3],\""observed_position_initial_body_xy_m\"":[-0.008567094430057735,1.2915359922702543],\""observed_distance_m\"":0.012043028432363774,\""quiet_intervals\"":10,\""native_verified\"":false},{\""phase\"":\""RETURN\"",\""frame\"":2280,\""measured_ns\"":229500000000,\""target_initial_body_xy_m\"":[0.0,0.0],\""observed_position_initial_body_xy_m\"":[0.017834987939750486,-0.008761270980282912],\""observed_distance_m\"":0.019870748954203835,\""quiet_intervals\"":10,\""native_verified\"":false}]""}",docs/go2_development_artifact_retention_2026-09-14.md,/home/andrewknowles/RecoveryStorage/LeWMQuad-v3/.generated/navigation_development_artifacts_v1/go2_persistent_visual_learning_comparison_direct_noise_2mm_native_layout03_4800_v1_attempt_001/continuous_native_arrival_evaluation.json,1,1,True,0
go2_persistent_visual_learning_comparison_jepa_noise_2mm_native_layout00_4800_v1_attempt_001,PACED_NATIVE_PREFIX_COMPLETE,OBSERVED_ROUND_TRIP_CANDIDATE,False,/home/andrewknowles/RecoveryStorage/LeWMQuad-v3/.generated/navigation_development_artifacts_v1/go2_persistent_visual_learning_comparison_jepa_noise_2mm_native_layout00_4800_v1_attempt_001/result.json,,,"{""status"":""PACED_NATIVE_PREFIX_COMPLETE"",""mission_terminal"":""OBSERVED_ROUND_TRIP_CANDIDATE"",""navigation_success_claimed"":false,""simulation_s"":157.98,""wall_s"":202.733543208,""camera_frames"":1578,""disallowed_contact"":false,""observed_arrivals"":""[{\""phase\"":\""OUTBOUND\"",\""frame\"":904,\""measured_ns\"":91900000000,\""target_initial_body_xy_m\"":[2.6,2.6],\""observed_position_initial_body_xy_m\"":[2.611814673728643,2.594085537614184],\""observed_distance_m\"":0.013212394961834772,\""quiet_intervals\"":10,\""native_verified\"":false},{\""phase\"":\""RETURN\"",\""frame\"":1576,\""measured_ns\"":159100000000,\""target_initial_body_xy_m\"":[0.0,0.0],\""observed_position_initial_body_xy_m\"":[0.010723395360226451,0.0028273802515991313],\""observed_distance_m\"":0.011089873179566074,\""quiet_intervals\"":10,\""native_verified\"":false}]""}",docs/go2_development_artifact_retention_2026-09-14.md,/home/andrewknowles/RecoveryStorage/LeWMQuad-v3/.generated/navigation_development_artifacts_v1/go2_persistent_visual_learning_comparison_jepa_noise_2mm_native_layout00_4800_v1_attempt_001/continuous_native_arrival_evaluation.json,1,1,True,0
go2_persistent_visual_learning_comparison_jepa_noise_2mm_native_layout01_4800_v1_attempt_001,PACED_NATIVE_PREFIX_COMPLETE,OBSERVED_ROUND_TRIP_CANDIDATE,False,/home/andrewknowles/RecoveryStorage/LeWMQuad-v3/.generated/navigation_development_artifacts_v1/go2_persistent_visual_learning_comparison_jepa_noise_2mm_native_layout01_4800_v1_attempt_001/result.json,,,"{""status"":""PACED_NATIVE_PREFIX_COMPLETE"",""mission_terminal"":""OBSERVED_ROUND_TRIP_CANDIDATE"",""navigation_success_claimed"":false,""simulation_s"":177.48,""wall_s"":231.382818316,""camera_frames"":1769,""disallowed_contact"":false,""observed_arrivals"":""[{\""phase\"":\""OUTBOUND\"",\""frame\"":1074,\""measured_ns\"":108900000000,\""target_initial_body_xy_m\"":[0.0,2.6],\""observed_position_initial_body_xy_m\"":[0.017075049565353485,2.595653806344393],\""observed_distance_m\"":0.017619498203732063,\""quiet_intervals\"":10,\""native_verified\"":false},{\""phase\"":\""RETURN\"",\""frame\"":1767,\""measured_ns\"":178200000000,\""target_initial_body_xy_m\"":[0.0,0.0],\""observed_position_initial_body_xy_m\"":[0.011345711806218082,0.0028663144771828163],\""observed_distance_m\"":0.01170217651002856,\""quiet_intervals\"":10,\""native_verified\"":false}]""}",docs/go2_development_artifact_retention_2026-09-14.md,/home/andrewknowles/RecoveryStorage/LeWMQuad-v3/.generated/navigation_development_artifacts_v1/go2_persistent_visual_learning_comparison_jepa_noise_2mm_native_layout01_4800_v1_attempt_001/continuous_native_arrival_evaluation.json,1,1,True,0
go2_persistent_visual_learning_comparison_jepa_noise_2mm_native_layout02_4800_v1_attempt_001,PACED_NATIVE_PREFIX_COMPLETE,OBSERVED_ROUND_TRIP_CANDIDATE,False,/home/andrewknowles/RecoveryStorage/LeWMQuad-v3/.generated/navigation_development_artifacts_v1/go2_persistent_visual_learning_comparison_jepa_noise_2mm_native_layout02_4800_v1_attempt_001/result.json,,,"{""status"":""PACED_NATIVE_PREFIX_COMPLETE"",""mission_terminal"":""OBSERVED_ROUND_TRIP_CANDIDATE"",""navigation_success_claimed"":false,""simulation_s"":159.98,""wall_s"":204.112697036,""camera_frames"":1598,""disallowed_contact"":false,""observed_arrivals"":""[{\""phase\"":\""OUTBOUND\"",\""frame\"":889,\""measured_ns\"":90400000000,\""target_initial_body_xy_m\"":[3.9000000000000004,1.3],\""observed_position_initial_body_xy_m\"":[3.9088134552479583,1.307650632866839],\""observed_distance_m\"":0.011670868719633205,\""quiet_intervals\"":10,\""native_verified\"":false},{\""phase\"":\""RETURN\"",\""frame\"":1596,\""measured_ns\"":161100000000,\""target_initial_body_xy_m\"":[0.0,0.0],\""observed_position_initial_body_xy_m\"":[0.013322802204438898,0.01315991105985581],\""observed_distance_m\"":0.01872646036179601,\""quiet_intervals\"":10,\""native_verified\"":false}]""}",docs/go2_development_artifact_retention_2026-09-14.md,/home/andrewknowles/RecoveryStorage/LeWMQuad-v3/.generated/navigation_development_artifacts_v1/go2_persistent_visual_learning_comparison_jepa_noise_2mm_native_layout02_4800_v1_attempt_001/continuous_native_arrival_evaluation.json,1,1,True,0
go2_persistent_visual_learning_comparison_layout00_v1_attempt_001,RESULT_RECORDED,,,/home/andrewknowles/RecoveryStorage/LeWMQuad-v3/.generated/navigation_development_artifacts_v1/go2_persistent_visual_learning_comparison_layout00_v1_attempt_001/result.json,,,{},docs/go2_persistent_visual_learning_comparison_2026-09-16.md;docs/go2_persistent_visual_learning_complete_result_2026-09-16.md,,,,,
go2_persistent_visual_learning_comparison_layout01_v1_attempt_001,RESULT_RECORDED,,,/home/andrewknowles/RecoveryStorage/LeWMQuad-v3/.generated/navigation_development_artifacts_v1/go2_persistent_visual_learning_comparison_layout01_v1_attempt_001/result.json,,,{},docs/go2_persistent_visual_learning_comparison_2026-09-16.md,,,,,
go2_persistent_visual_learning_comparison_layout02_v1_attempt_001,RESULT_RECORDED,,,/home/andrewknowles/RecoveryStorage/LeWMQuad-v3/.generated/navigation_development_artifacts_v1/go2_persistent_visual_learning_comparison_layout02_v1_attempt_001/result.json,,,{},docs/go2_persistent_visual_learning_comparison_2026-09-16.md,,,,,
go2_persistent_visual_learning_comparison_layout03_v1_attempt_001,RESULT_RECORDED,,,/home/andrewknowles/RecoveryStorage/LeWMQuad-v3/.generated/navigation_development_artifacts_v1/go2_persistent_visual_learning_comparison_layout03_v1_attempt_001/result.json,,,{},docs/go2_persistent_visual_learning_complete_result_2026-09-16.md,,,,,
go2_persistent_visual_learning_complete_v1_attempt_001,ALL_FIXED_ASSIGNMENTS_COMPLETE,,,/home/andrewknowles/RecoveryStorage/LeWMQuad-v3/.generated/navigation_development_artifacts_v1/go2_persistent_visual_learning_complete_v1_attempt_001/result.json,,,"{""status"":""ALL_FIXED_ASSIGNMENTS_COMPLETE""}",docs/go2_persistent_visual_learning_comparison_2026-09-16.md;docs/go2_persistent_visual_learning_complete_result_2026-09-16.md,,,,,
go2_persistent_visual_learning_jepa03_failure_cadenced_replay_v1_attempt_001,FAILED,,,/home/andrewknowles/RecoveryStorage/LeWMQuad-v3/.generated/navigation_development_artifacts_v1/go2_persistent_visual_learning_jepa03_failure_cadenced_replay_v1_attempt_001/result.json,,,"{""status"":""FAILED"",""wall_s"":108.46025430015288}",docs/go2_persistent_visual_learning_comparison_2026-09-16.md;docs/go2_persistent_visual_learning_complete_result_2026-09-16.md,,,,,
go2_persistent_visual_learning_jepa03_failure_view_probe_v1_attempt_001,FAILED,,,/home/andrewknowles/RecoveryStorage/LeWMQuad-v3/.generated/navigation_development_artifacts_v1/go2_persistent_visual_learning_jepa03_failure_view_probe_v1_attempt_001/result.json,,,"{""status"":""FAILED"",""wall_s"":110.97993719996884}",docs/go2_recent_local_view_bank_probe_2026-09-16.md,,,,,
go2_persistent_visual_learning_jepa03_recent_view_bank_replay_v1_attempt_001,FAILED,,,/home/andrewknowles/RecoveryStorage/LeWMQuad-v3/.generated/navigation_development_artifacts_v1/go2_persistent_visual_learning_jepa03_recent_view_bank_replay_v1_attempt_001/result.json,,,"{""status"":""FAILED"",""wall_s"":108.75375299993902}",docs/go2_recent_local_view_bank_probe_2026-09-16.md,,,,,
go2_persistent_visual_learning_jepa03_stored_view_fits_probe_v1_attempt_001,FAILED,,,/home/andrewknowles/RecoveryStorage/LeWMQuad-v3/.generated/navigation_development_artifacts_v1/go2_persistent_visual_learning_jepa03_stored_view_fits_probe_v1_attempt_001/result.json,,,"{""status"":""FAILED"",""wall_s"":108.45028956304304}",docs/go2_recent_local_view_bank_probe_2026-09-16.md,,,,,
go2_persistent_visual_transfer_comparison_layout00_v1_attempt_001,RESULT_RECORDED,,,/home/andrewknowles/RecoveryStorage/LeWMQuad-v3/.generated/navigation_development_artifacts_v1/go2_persistent_visual_transfer_comparison_layout00_v1_attempt_001/result.json,,,{},docs/go2_persistent_visual_transfer_2026-09-16.md;docs/go2_persistent_visual_transfer_complete_result_2026-09-16.md,,,,,
go2_persistent_visual_transfer_comparison_layout01_v1_attempt_001,RESULT_RECORDED,,,/home/andrewknowles/RecoveryStorage/LeWMQuad-v3/.generated/navigation_development_artifacts_v1/go2_persistent_visual_transfer_comparison_layout01_v1_attempt_001/result.json,,,{},docs/go2_persistent_visual_transfer_2026-09-16.md,,,,,
go2_persistent_visual_transfer_comparison_layout02_v1_attempt_001,RESULT_RECORDED,,,/home/andrewknowles/RecoveryStorage/LeWMQuad-v3/.generated/navigation_development_artifacts_v1/go2_persistent_visual_transfer_comparison_layout02_v1_attempt_001/result.json,,,{},docs/go2_persistent_visual_transfer_2026-09-16.md,,,,,
go2_persistent_visual_transfer_comparison_layout03_v1_attempt_001,RESULT_RECORDED,,,/home/andrewknowles/RecoveryStorage/LeWMQuad-v3/.generated/navigation_development_artifacts_v1/go2_persistent_visual_transfer_comparison_layout03_v1_attempt_001/result.json,,,{},docs/go2_persistent_visual_transfer_complete_result_2026-09-16.md,,,,,
go2_persistent_visual_transfer_complete_v1_attempt_001,COMPLETE_FIXED_EIGHT_MISSION_COMPARISON,,,/home/andrewknowles/RecoveryStorage/LeWMQuad-v3/.generated/navigation_development_artifacts_v1/go2_persistent_visual_transfer_complete_v1_attempt_001/result.json,,,"{""status"":""COMPLETE_FIXED_EIGHT_MISSION_COMPARISON""}",docs/go2_persistent_visual_transfer_2026-09-16.md;docs/go2_persistent_visual_transfer_complete_result_2026-09-16.md,,,,,
go2_persistent_visual_transfer_pose_command_noise_2mm_native_layout00_4800_v1_attempt_001,PACED_NATIVE_PREFIX_COMPLETE,OBSERVED_ROUND_TRIP_CANDIDATE,False,/home/andrewknowles/RecoveryStorage/LeWMQuad-v3/.generated/navigation_development_artifacts_v1/go2_persistent_visual_transfer_pose_command_noise_2mm_native_layout00_4800_v1_attempt_001/result.json,,,"{""status"":""PACED_NATIVE_PREFIX_COMPLETE"",""mission_terminal"":""OBSERVED_ROUND_TRIP_CANDIDATE"",""navigation_success_claimed"":false,""simulation_s"":445.28,""wall_s"":619.226635222,""camera_frames"":4449,""disallowed_contact"":false,""observed_arrivals"":""[{\""phase\"":\""OUTBOUND\"",\""frame\"":904,\""measured_ns\"":91900000000,\""target_initial_body_xy_m\"":[2.6,2.6],\""observed_position_initial_body_xy_m\"":[2.61298000445101,2.594419559609878],\""observed_distance_m\"":0.01412875898640597,\""quiet_intervals\"":10,\""native_verified\"":false},{\""phase\"":\""RETURN\"",\""frame\"":4447,\""measured_ns\"":446200000000,\""target_initial_body_xy_m\"":[0.0,0.0],\""observed_position_initial_body_xy_m\"":[0.0010197931028130415,-0.011638283217150706],\""observed_distance_m\"":0.011682876966533407,\""quiet_intervals\"":10,\""native_verified\"":false}]""}",docs/go2_development_artifact_retention_2026-09-14.md,/home/andrewknowles/RecoveryStorage/LeWMQuad-v3/.generated/navigation_development_artifacts_v1/go2_persistent_visual_transfer_pose_command_noise_2mm_native_layout00_4800_v1_attempt_001/continuous_native_arrival_evaluation.json,1,1,True,0
go2_persistent_visual_transfer_pose_command_noise_2mm_native_layout01_4800_v1_attempt_001,PACED_NATIVE_PREFIX_COMPLETE,OBSERVED_ROUND_TRIP_CANDIDATE,False,/home/andrewknowles/RecoveryStorage/LeWMQuad-v3/.generated/navigation_development_artifacts_v1/go2_persistent_visual_transfer_pose_command_noise_2mm_native_layout01_4800_v1_attempt_001/result.json,,,"{""status"":""PACED_NATIVE_PREFIX_COMPLETE"",""mission_terminal"":""OBSERVED_ROUND_TRIP_CANDIDATE"",""navigation_success_claimed"":false,""simulation_s"":199.28,""wall_s"":263.812868243,""camera_frames"":1991,""disallowed_contact"":false,""observed_arrivals"":""[{\""phase\"":\""OUTBOUND\"",\""frame\"":1136,\""measured_ns\"":115100000000,\""target_initial_body_xy_m\"":[0.0,2.6],\""observed_position_initial_body_xy_m\"":[0.001045858633110475,2.5916509109245927],\""observed_distance_m\"":0.008414339467215443,\""quiet_intervals\"":10,\""native_verified\"":false},{\""phase\"":\""RETURN\"",\""frame\"":1988,\""measured_ns\"":200300000000,\""target_initial_body_xy_m\"":[0.0,0.0],\""observed_position_initial_body_xy_m\"":[0.002557790985276228,-0.003786545481429009],\""observed_distance_m\"":0.0045694880902887565,\""quiet_intervals\"":10,\""native_verified\"":false}]""}",docs/go2_development_artifact_retention_2026-09-14.md,/home/andrewknowles/RecoveryStorage/LeWMQuad-v3/.generated/navigation_development_artifacts_v1/go2_persistent_visual_transfer_pose_command_noise_2mm_native_layout01_4800_v1_attempt_001/continuous_native_arrival_evaluation.json,1,1,True,0
go2_persistent_visual_transfer_pose_command_noise_2mm_native_layout02_4800_v1_attempt_001,PACED_NATIVE_PREFIX_COMPLETE,OBSERVED_ROUND_TRIP_CANDIDATE,False,/home/andrewknowles/RecoveryStorage/LeWMQuad-v3/.generated/navigation_development_artifacts_v1/go2_persistent_visual_transfer_pose_command_noise_2mm_native_layout02_4800_v1_attempt_001/result.json,,,"{""status"":""PACED_NATIVE_PREFIX_COMPLETE"",""mission_terminal"":""OBSERVED_ROUND_TRIP_CANDIDATE"",""navigation_success_claimed"":false,""simulation_s"":176.06,""wall_s"":224.829331213,""camera_frames"":1757,""disallowed_contact"":false,""observed_arrivals"":""[{\""phase\"":\""OUTBOUND\"",\""frame\"":1177,\""measured_ns\"":119200000000,\""target_initial_body_xy_m\"":[3.9000000000000004,1.3],\""observed_position_initial_body_xy_m\"":[3.8957524948632787,1.2994619297244472],\""observed_distance_m\"":0.004281450631259286,\""quiet_intervals\"":10,\""native_verified\"":false},{\""phase\"":\""RETURN\"",\""frame\"":1755,\""measured_ns\"":177000000000,\""target_initial_body_xy_m\"":[0.0,0.0],\""observed_position_initial_body_xy_m\"":[0.003970540638981242,-0.013073881021932616],\""observed_distance_m\"":0.013663511918297264,\""quiet_intervals\"":10,\""native_verified\"":false}]""}",docs/go2_development_artifact_retention_2026-09-14.md,/home/andrewknowles/RecoveryStorage/LeWMQuad-v3/.generated/navigation_development_artifacts_v1/go2_persistent_visual_transfer_pose_command_noise_2mm_native_layout02_4800_v1_attempt_001/continuous_native_arrival_evaluation.json,1,1,True,0
go2_persistent_visual_transfer_pose_command_noise_2mm_native_layout03_4800_v1_attempt_001,PACED_NATIVE_PREFIX_COMPLETE,OBSERVED_ROUND_TRIP_CANDIDATE,False,/home/andrewknowles/RecoveryStorage/LeWMQuad-v3/.generated/navigation_development_artifacts_v1/go2_persistent_visual_transfer_pose_command_noise_2mm_native_layout03_4800_v1_attempt_001/result.json,,,"{""status"":""PACED_NATIVE_PREFIX_COMPLETE"",""mission_terminal"":""OBSERVED_ROUND_TRIP_CANDIDATE"",""navigation_success_claimed"":false,""simulation_s"":237.22,""wall_s"":314.175724305,""camera_frames"":2370,""disallowed_contact"":false,""observed_arrivals"":""[{\""phase\"":\""OUTBOUND\"",\""frame\"":1604,\""measured_ns\"":161900000000,\""target_initial_body_xy_m\"":[0.0,1.3],\""observed_position_initial_body_xy_m\"":[-0.002134438951791846,1.3177511529254973],\""observed_distance_m\"":0.01787901730586206,\""quiet_intervals\"":10,\""native_verified\"":false},{\""phase\"":\""RETURN\"",\""frame\"":2368,\""measured_ns\"":238300000000,\""target_initial_body_xy_m\"":[0.0,0.0],\""observed_position_initial_body_xy_m\"":[0.0039600955507469405,-0.004129288744520584],\""observed_distance_m\"":0.005721309492298952,\""quiet_intervals\"":10,\""native_verified\"":false}]""}",docs/go2_development_artifact_retention_2026-09-14.md,/home/andrewknowles/RecoveryStorage/LeWMQuad-v3/.generated/navigation_development_artifacts_v1/go2_persistent_visual_transfer_pose_command_noise_2mm_native_layout03_4800_v1_attempt_001/continuous_native_arrival_evaluation.json,1,1,True,0
go2_persistent_visual_transfer_supervised_rollout_noise_2mm_native_layout00_4800_v1_attempt_001,PACED_NATIVE_PREFIX_COMPLETE,OBSERVED_ROUND_TRIP_CANDIDATE,False,/home/andrewknowles/RecoveryStorage/LeWMQuad-v3/.generated/navigation_development_artifacts_v1/go2_persistent_visual_transfer_supervised_rollout_noise_2mm_native_layout00_4800_v1_attempt_001/result.json,,,"{""status"":""PACED_NATIVE_PREFIX_COMPLETE"",""mission_terminal"":""OBSERVED_ROUND_TRIP_CANDIDATE"",""navigation_success_claimed"":false,""simulation_s"":160.92,""wall_s"":207.216014975,""camera_frames"":1605,""disallowed_contact"":false,""observed_arrivals"":""[{\""phase\"":\""OUTBOUND\"",\""frame\"":920,\""measured_ns\"":93500000000,\""target_initial_body_xy_m\"":[2.6,2.6],\""observed_position_initial_body_xy_m\"":[2.595939621348991,2.5888987047687495],\""observed_distance_m\"":0.011820551197002533,\""quiet_intervals\"":10,\""native_verified\"":false},{\""phase\"":\""RETURN\"",\""frame\"":1603,\""measured_ns\"":161800000000,\""target_initial_body_xy_m\"":[0.0,0.0],\""observed_position_initial_body_xy_m\"":[0.013700123257302245,0.005656995738885948],\""observed_distance_m\"":0.014822111120047901,\""quiet_intervals\"":10,\""native_verified\"":false}]""}",docs/go2_development_artifact_retention_2026-09-14.md,/home/andrewknowles/RecoveryStorage/LeWMQuad-v3/.generated/navigation_development_artifacts_v1/go2_persistent_visual_transfer_supervised_rollout_noise_2mm_native_layout00_4800_v1_attempt_001/continuous_native_arrival_evaluation.json,1,1,True,0
go2_persistent_visual_transfer_supervised_rollout_noise_2mm_native_layout01_4800_v1_attempt_001,PACED_NATIVE_PREFIX_COMPLETE,OBSERVED_ROUND_TRIP_CANDIDATE,False,/home/andrewknowles/RecoveryStorage/LeWMQuad-v3/.generated/navigation_development_artifacts_v1/go2_persistent_visual_transfer_supervised_rollout_noise_2mm_native_layout01_4800_v1_attempt_001/result.json,,,"{""status"":""PACED_NATIVE_PREFIX_COMPLETE"",""mission_terminal"":""OBSERVED_ROUND_TRIP_CANDIDATE"",""navigation_success_claimed"":false,""simulation_s"":204.88,""wall_s"":267.476718515,""camera_frames"":2047,""disallowed_contact"":false,""observed_arrivals"":""[{\""phase\"":\""OUTBOUND\"",\""frame\"":1072,\""measured_ns\"":108700000000,\""target_initial_body_xy_m\"":[0.0,2.6],\""observed_position_initial_body_xy_m\"":[0.004786022701679845,2.597923991587127],\""observed_distance_m\"":0.005216878782501599,\""quiet_intervals\"":10,\""native_verified\"":false},{\""phase\"":\""RETURN\"",\""frame\"":2044,\""measured_ns\"":205900000000,\""target_initial_body_xy_m\"":[0.0,0.0],\""observed_position_initial_body_xy_m\"":[0.007412413739545963,0.004844911037731578],\""observed_distance_m\"":0.008855339655244345,\""quiet_intervals\"":10,\""native_verified\"":false}]""}",docs/go2_development_artifact_retention_2026-09-14.md,/home/andrewknowles/RecoveryStorage/LeWMQuad-v3/.generated/navigation_development_artifacts_v1/go2_persistent_visual_transfer_supervised_rollout_noise_2mm_native_layout01_4800_v1_attempt_001/continuous_native_arrival_evaluation.json,1,1,True,0
go2_persistent_visual_transfer_supervised_rollout_noise_2mm_native_layout02_4800_v1_attempt_001,PACED_NATIVE_PREFIX_COMPLETE,OBSERVED_ROUND_TRIP_CANDIDATE,False,/home/andrewknowles/RecoveryStorage/LeWMQuad-v3/.generated/navigation_development_artifacts_v1/go2_persistent_visual_transfer_supervised_rollout_noise_2mm_native_layout02_4800_v1_attempt_001/result.json,,,"{""status"":""PACED_NATIVE_PREFIX_COMPLETE"",""mission_terminal"":""OBSERVED_ROUND_TRIP_CANDIDATE"",""navigation_success_claimed"":false,""simulation_s"":148.42,""wall_s"":190.412503236,""camera_frames"":1482,""disallowed_contact"":false,""observed_arrivals"":""[{\""phase\"":\""OUTBOUND\"",\""frame\"":865,\""measured_ns\"":88000000000,\""target_initial_body_xy_m\"":[3.9000000000000004,1.3],\""observed_position_initial_body_xy_m\"":[3.891039725754356,1.2976485112956286],\""observed_distance_m\"":0.009263693306880703,\""quiet_intervals\"":10,\""native_verified\"":false},{\""phase\"":\""RETURN\"",\""frame\"":1480,\""measured_ns\"":149500000000,\""target_initial_body_xy_m\"":[0.0,0.0],\""observed_position_initial_body_xy_m\"":[0.019004411516872134,-0.002595619953202715],\""observed_distance_m\"":0.019180847219142493,\""quiet_intervals\"":10,\""native_verified\"":false}]""}",docs/go2_development_artifact_retention_2026-09-14.md,/home/andrewknowles/RecoveryStorage/LeWMQuad-v3/.generated/navigation_development_artifacts_v1/go2_persistent_visual_transfer_supervised_rollout_noise_2mm_native_layout02_4800_v1_attempt_001/continuous_native_arrival_evaluation.json,1,1,True,0
go2_persistent_visual_transfer_supervised_rollout_noise_2mm_native_layout03_4800_v1_attempt_001,PACED_NATIVE_PREFIX_COMPLETE,OBSERVED_ROUND_TRIP_CANDIDATE,False,/home/andrewknowles/RecoveryStorage/LeWMQuad-v3/.generated/navigation_development_artifacts_v1/go2_persistent_visual_transfer_supervised_rollout_noise_2mm_native_layout03_4800_v1_attempt_001/result.json,,,"{""status"":""PACED_NATIVE_PREFIX_COMPLETE"",""mission_terminal"":""OBSERVED_ROUND_TRIP_CANDIDATE"",""navigation_success_claimed"":false,""simulation_s"":201.68,""wall_s"":263.839033801,""camera_frames"":2013,""disallowed_contact"":false,""observed_arrivals"":""[{\""phase\"":\""OUTBOUND\"",\""frame\"":1131,\""measured_ns\"":114600000000,\""target_initial_body_xy_m\"":[0.0,1.3],\""observed_position_initial_body_xy_m\"":[-0.012796604781072883,1.306932055466402],\""observed_distance_m\"":0.014553572994706462,\""quiet_intervals\"":10,\""native_verified\"":false},{\""phase\"":\""RETURN\"",\""frame\"":2011,\""measured_ns\"":202600000000,\""target_initial_body_xy_m\"":[0.0,0.0],\""observed_position_initial_body_xy_m\"":[0.01949112287340777,-0.0043481090691898],\""observed_distance_m\"":0.019970225921202046,\""quiet_intervals\"":10,\""native_verified\"":false}]""}",docs/go2_development_artifact_retention_2026-09-14.md,/home/andrewknowles/RecoveryStorage/LeWMQuad-v3/.generated/navigation_development_artifacts_v1/go2_persistent_visual_transfer_supervised_rollout_noise_2mm_native_layout03_4800_v1_attempt_001/continuous_native_arrival_evaluation.json,1,1,True,0
go2_pipeline_age_250ms_supervised_rollout_noise_2mm_native_layout01_4800_v1_attempt_001,FAILURE_RECORD_ONLY,,,,/home/andrewknowles/RecoveryStorage/LeWMQuad-v3/.generated/navigation_development_artifacts_v1/go2_pipeline_age_250ms_supervised_rollout_noise_2mm_native_layout01_4800_v1_attempt_001/failure.json,Full(),{},docs/go2_development_artifact_retention_2026-09-14.md;docs/go2_pipeline_age_navigation_2026-09-16.md,/home/andrewknowles/RecoveryStorage/LeWMQuad-v3/.generated/navigation_development_artifacts_v1/go2_pipeline_age_250ms_supervised_rollout_noise_2mm_native_layout01_4800_v1_attempt_001/continuous_native_arrival_evaluation.json,0,0,False,0
go2_pipeline_age_tracker_replay_v1_attempt_001,COMPLETE,,,/home/andrewknowles/RecoveryStorage/LeWMQuad-v3/.generated/navigation_development_artifacts_v1/go2_pipeline_age_tracker_replay_v1_attempt_001/result.json,,,"{""status"":""COMPLETE"",""wall_s"":223.15125337289646}",docs/go2_pipeline_age_navigation_2026-09-16.md,,,,,
go2_pipeline_repair_navigation_comparison_v1_attempt_001,RESULT_RECORDED,,,/home/andrewknowles/RecoveryStorage/LeWMQuad-v3/.generated/navigation_development_artifacts_v1/go2_pipeline_repair_navigation_comparison_v1_attempt_001/result.json,,,{},docs/go2_cadenced_view_navigation_2026-09-16.md,,,,,
go2_plane_consensus_controller_comparison_layout00_v1_attempt_001,RESULT_RECORDED,,,/home/andrewknowles/RecoveryStorage/LeWMQuad-v3/.generated/navigation_development_artifacts_v1/go2_plane_consensus_controller_comparison_layout00_v1_attempt_001/result.json,,,{},docs/go2_continuous_controller_comparison_2026-09-13.md,,,,,
go2_plane_consensus_learned_round_trip_native_layout00_v1_attempt_001,PACED_NATIVE_PREFIX_COMPLETE,MISSION_TICK_BUDGET_EXHAUSTED,False,/home/andrewknowles/RecoveryStorage/LeWMQuad-v3/.generated/navigation_development_artifacts_v1/go2_plane_consensus_learned_round_trip_native_layout00_v1_attempt_001/result.json,,,"{""status"":""PACED_NATIVE_PREFIX_COMPLETE"",""mission_terminal"":""MISSION_TICK_BUDGET_EXHAUSTED"",""navigation_success_claimed"":false,""simulation_s"":360.96,""wall_s"":361.582019639,""camera_frames"":3605,""disallowed_contact"":false,""observed_arrivals"":""[]""}",docs/go2_continuous_controller_comparison_2026-09-13.md,/home/andrewknowles/RecoveryStorage/LeWMQuad-v3/.generated/navigation_development_artifacts_v1/go2_plane_consensus_learned_round_trip_native_layout00_v1_attempt_001/continuous_native_arrival_evaluation.json,0,0,False,0
go2_plane_consensus_reactive_round_trip_native_layout00_v1_attempt_001,PACED_NATIVE_PREFIX_COMPLETE,MISSION_TICK_BUDGET_EXHAUSTED,False,/home/andrewknowles/RecoveryStorage/LeWMQuad-v3/.generated/navigation_development_artifacts_v1/go2_plane_consensus_reactive_round_trip_native_layout00_v1_attempt_001/result.json,,,"{""status"":""PACED_NATIVE_PREFIX_COMPLETE"",""mission_terminal"":""MISSION_TICK_BUDGET_EXHAUSTED"",""navigation_success_claimed"":false,""simulation_s"":360.98,""wall_s"":361.35093912,""camera_frames"":3605,""disallowed_contact"":false,""observed_arrivals"":""[]""}",docs/go2_continuous_controller_comparison_2026-09-13.md,/home/andrewknowles/RecoveryStorage/LeWMQuad-v3/.generated/navigation_development_artifacts_v1/go2_plane_consensus_reactive_round_trip_native_layout00_v1_attempt_001/continuous_native_arrival_evaluation.json,0,0,False,0
go2_planned_stopping_projection_layout03_summary_v1_attempt_001,RESULT_RECORDED,,,/home/andrewknowles/RecoveryStorage/LeWMQuad-v3/.generated/navigation_development_artifacts_v1/go2_planned_stopping_projection_layout03_summary_v1_attempt_001/result.json,,,{},docs/go2_planned_stopping_projection_2026-09-15.md,,,,,
go2_planned_stopping_projection_learned_noise_2mm_native_layout03_4800_v1_attempt_001,PACED_NATIVE_PREFIX_COMPLETE,OBSERVED_ROUND_TRIP_CANDIDATE,False,/home/andrewknowles/RecoveryStorage/LeWMQuad-v3/.generated/navigation_development_artifacts_v1/go2_planned_stopping_projection_learned_noise_2mm_native_layout03_4800_v1_attempt_001/result.json,,,"{""status"":""PACED_NATIVE_PREFIX_COMPLETE"",""mission_terminal"":""OBSERVED_ROUND_TRIP_CANDIDATE"",""navigation_success_claimed"":false,""simulation_s"":227.56,""wall_s"":228.695851601,""camera_frames"":2274,""disallowed_contact"":false,""observed_arrivals"":""[{\""phase\"":\""OUTBOUND\"",\""frame\"":1420,\""measured_ns\"":143500000000,\""target_initial_body_xy_m\"":[0.0,-1.3],\""observed_position_initial_body_xy_m\"":[-0.0015344106436290012,-1.3097746614123411],\""observed_distance_m\"":0.009894363130044876,\""quiet_intervals\"":10,\""native_verified\"":false},{\""phase\"":\""RETURN\"",\""frame\"":2272,\""measured_ns\"":228700000000,\""target_initial_body_xy_m\"":[0.0,0.0],\""observed_position_initial_body_xy_m\"":[0.008076531108676203,0.008570308376540731],\""observed_distance_m\"":0.011776270225263119,\""quiet_intervals\"":10,\""native_verified\"":false}]""}",docs/go2_development_artifact_retention_2026-09-14.md;docs/go2_planned_stopping_projection_2026-09-15.md,/home/andrewknowles/RecoveryStorage/LeWMQuad-v3/.generated/navigation_development_artifacts_v1/go2_planned_stopping_projection_learned_noise_2mm_native_layout03_4800_v1_attempt_001/continuous_native_arrival_evaluation.json,1,1,True,0
go2_planning_latency_plus20ms_jepa_noise_2mm_native_layout03_4800_v1_attempt_001,PACED_NATIVE_PREFIX_COMPLETE,MISSION_TICK_BUDGET_EXHAUSTED,False,/home/andrewknowles/RecoveryStorage/LeWMQuad-v3/.generated/navigation_development_artifacts_v1/go2_planning_latency_plus20ms_jepa_noise_2mm_native_layout03_4800_v1_attempt_001/result.json,,,"{""status"":""PACED_NATIVE_PREFIX_COMPLETE"",""mission_terminal"":""MISSION_TICK_BUDGET_EXHAUSTED"",""navigation_success_claimed"":false,""simulation_s"":480.92,""wall_s"":620.108796014,""camera_frames"":4805,""disallowed_contact"":false,""observed_arrivals"":""[]""}",docs/go2_development_artifact_retention_2026-09-14.md;docs/go2_planning_latency_stress_2026-09-16.md,/home/andrewknowles/RecoveryStorage/LeWMQuad-v3/.generated/navigation_development_artifacts_v1/go2_planning_latency_plus20ms_jepa_noise_2mm_native_layout03_4800_v1_attempt_001/continuous_native_arrival_evaluation.json,0,0,False,0
go2_planning_latency_plus20ms_supervised_rollout_noise_2mm_native_layout03_4800_v1_attempt_001,PACED_NATIVE_PREFIX_COMPLETE,MISSION_TICK_BUDGET_EXHAUSTED,False,/home/andrewknowles/RecoveryStorage/LeWMQuad-v3/.generated/navigation_development_artifacts_v1/go2_planning_latency_plus20ms_supervised_rollout_noise_2mm_native_layout03_4800_v1_attempt_001/result.json,,,"{""status"":""PACED_NATIVE_PREFIX_COMPLETE"",""mission_terminal"":""MISSION_TICK_BUDGET_EXHAUSTED"",""navigation_success_claimed"":false,""simulation_s"":480.88,""wall_s"":621.043449594,""camera_frames"":4805,""disallowed_contact"":false,""observed_arrivals"":""[]""}",docs/go2_development_artifact_retention_2026-09-14.md;docs/go2_planning_latency_stress_2026-09-16.md,/home/andrewknowles/RecoveryStorage/LeWMQuad-v3/.generated/navigation_development_artifacts_v1/go2_planning_latency_plus20ms_supervised_rollout_noise_2mm_native_layout03_4800_v1_attempt_001/continuous_native_arrival_evaluation.json,0,0,False,0
go2_planning_latency_stress_complete_v1_attempt_001,RESULT_RECORDED,,,/home/andrewknowles/RecoveryStorage/LeWMQuad-v3/.generated/navigation_development_artifacts_v1/go2_planning_latency_stress_complete_v1_attempt_001/result.json,,,{},docs/go2_planning_latency_stress_2026-09-16.md,,,,,
go2_planning_switch1ms_plus20ms_jepa_noise_2mm_native_layout03_4800_v1_attempt_001,PACED_NATIVE_PREFIX_COMPLETE,MISSION_TICK_BUDGET_EXHAUSTED,False,/home/andrewknowles/RecoveryStorage/LeWMQuad-v3/.generated/navigation_development_artifacts_v1/go2_planning_switch1ms_plus20ms_jepa_noise_2mm_native_layout03_4800_v1_attempt_001/result.json,,,"{""status"":""PACED_NATIVE_PREFIX_COMPLETE"",""mission_terminal"":""MISSION_TICK_BUDGET_EXHAUSTED"",""navigation_success_claimed"":false,""simulation_s"":480.92,""wall_s"":619.920458144,""camera_frames"":4805,""disallowed_contact"":false,""observed_arrivals"":""[]""}",docs/go2_development_artifact_retention_2026-09-14.md,/home/andrewknowles/RecoveryStorage/LeWMQuad-v3/.generated/navigation_development_artifacts_v1/go2_planning_switch1ms_plus20ms_jepa_noise_2mm_native_layout03_4800_v1_attempt_001/continuous_native_arrival_evaluation.json,0,0,False,0
go2_planning_switch1ms_plus20ms_supervised_rollout_noise_2mm_native_layout03_4800_v1_attempt_001,PACED_NATIVE_PREFIX_COMPLETE,MISSION_TICK_BUDGET_EXHAUSTED,False,/home/andrewknowles/RecoveryStorage/LeWMQuad-v3/.generated/navigation_development_artifacts_v1/go2_planning_switch1ms_plus20ms_supervised_rollout_noise_2mm_native_layout03_4800_v1_attempt_001/result.json,,,"{""status"":""PACED_NATIVE_PREFIX_COMPLETE"",""mission_terminal"":""MISSION_TICK_BUDGET_EXHAUSTED"",""navigation_success_claimed"":false,""simulation_s"":480.92,""wall_s"":619.434937197,""camera_frames"":4805,""disallowed_contact"":false,""observed_arrivals"":""[]""}",docs/go2_development_artifact_retention_2026-09-14.md,/home/andrewknowles/RecoveryStorage/LeWMQuad-v3/.generated/navigation_development_artifacts_v1/go2_planning_switch1ms_plus20ms_supervised_rollout_noise_2mm_native_layout03_4800_v1_attempt_001/continuous_native_arrival_evaluation.json,0,0,False,0
go2_planning_timing_interventions_v1_attempt_001,RESULT_RECORDED,,,/home/andrewknowles/RecoveryStorage/LeWMQuad-v3/.generated/navigation_development_artifacts_v1/go2_planning_timing_interventions_v1_attempt_001/result.json,,,{},docs/go2_planning_cost_profile_2026-09-16.md,,,,,
go2_polygon_floor_jepa_readout_noise_2mm_native_layout01_4800_v1_attempt_001,PACED_NATIVE_PREFIX_COMPLETE,OBSERVED_ROUND_TRIP_CANDIDATE,False,/mnt/steam_drive/LeWMQuad-v3/navigation_development_artifacts_v1/go2_polygon_floor_jepa_readout_noise_2mm_native_layout01_4800_v1_attempt_001/result.json,,,"{""status"":""PACED_NATIVE_PREFIX_COMPLETE"",""mission_terminal"":""OBSERVED_ROUND_TRIP_CANDIDATE"",""navigation_success_claimed"":false,""simulation_s"":289.04,""wall_s"":384.291448,""camera_frames"":2888,""disallowed_contact"":false,""observed_arrivals"":""[{\""phase\"":\""OUTBOUND\"",\""frame\"":2012,\""measured_ns\"":202700000000,\""target_initial_body_xy_m\"":[0.0,1.3],\""observed_position_initial_body_xy_m\"":[0.012480557561063881,1.311240277719479],\""observed_distance_m\"":0.01679607573947088,\""quiet_intervals\"":10,\""native_verified\"":false},{\""phase\"":\""RETURN\"",\""frame\"":2883,\""measured_ns\"":289800000000,\""target_initial_body_xy_m\"":[0.0,0.0],\""observed_position_initial_body_xy_m\"":[-0.0010985355832771391,-0.014619276943340231],\""observed_distance_m\"":0.014660492446497331,\""quiet_intervals\"":10,\""native_verified\"":false}]""}",docs/go2_development_artifact_retention_2026-09-14.md;docs/go2_polygon_floor_coverage_2026-09-17.md,/mnt/steam_drive/LeWMQuad-v3/navigation_development_artifacts_v1/go2_polygon_floor_jepa_readout_noise_2mm_native_layout01_4800_v1_attempt_001/continuous_native_arrival_evaluation.json,1,1,True,0
go2_polygon_floor_repeatability_02_supervised_rollout_noise_2mm_native_layout01_4800_v1_attempt_001,PACED_NATIVE_PREFIX_COMPLETE,OBSERVED_ROUND_TRIP_CANDIDATE,False,/mnt/steam_drive/LeWMQuad-v3/navigation_development_artifacts_v1/go2_polygon_floor_repeatability_02_supervised_rollout_noise_2mm_native_layout01_4800_v1_attempt_001/result.json,,,"{""status"":""PACED_NATIVE_PREFIX_COMPLETE"",""mission_terminal"":""OBSERVED_ROUND_TRIP_CANDIDATE"",""navigation_success_claimed"":false,""simulation_s"":349.66,""wall_s"":460.400466382,""camera_frames"":3494,""disallowed_contact"":false,""observed_arrivals"":""[{\""phase\"":\""OUTBOUND\"",\""frame\"":2437,\""measured_ns\"":245200000000,\""target_initial_body_xy_m\"":[0.0,1.3],\""observed_position_initial_body_xy_m\"":[-0.011836963378862963,1.3006574462059148],\""observed_distance_m\"":0.011855207191197235,\""quiet_intervals\"":10,\""native_verified\"":false},{\""phase\"":\""RETURN\"",\""frame\"":3492,\""measured_ns\"":350700000000,\""target_initial_body_xy_m\"":[0.0,0.0],\""observed_position_initial_body_xy_m\"":[0.011035027176467843,-0.005890236599007819],\""observed_distance_m\"":0.012508665475488383,\""quiet_intervals\"":10,\""native_verified\"":false}]""}",docs/go2_development_artifact_retention_2026-09-14.md,/mnt/steam_drive/LeWMQuad-v3/navigation_development_artifacts_v1/go2_polygon_floor_repeatability_02_supervised_rollout_noise_2mm_native_layout01_4800_v1_attempt_001/continuous_native_arrival_evaluation.json,1,1,True,0
go2_polygon_floor_repeatability_03_supervised_rollout_noise_2mm_native_layout01_4800_v1_attempt_001,PACED_NATIVE_PREFIX_COMPLETE,OBSERVED_ROUND_TRIP_CANDIDATE,False,/mnt/steam_drive/LeWMQuad-v3/navigation_development_artifacts_v1/go2_polygon_floor_repeatability_03_supervised_rollout_noise_2mm_native_layout01_4800_v1_attempt_001/result.json,,,"{""status"":""PACED_NATIVE_PREFIX_COMPLETE"",""mission_terminal"":""OBSERVED_ROUND_TRIP_CANDIDATE"",""navigation_success_claimed"":false,""simulation_s"":332.88,""wall_s"":437.929487283,""camera_frames"":3326,""disallowed_contact"":false,""observed_arrivals"":""[{\""phase\"":\""OUTBOUND\"",\""frame\"":2261,\""measured_ns\"":227600000000,\""target_initial_body_xy_m\"":[0.0,1.3],\""observed_position_initial_body_xy_m\"":[-0.003442986593726897,1.2847159709033782],\""observed_distance_m\"":0.015667025949776384,\""quiet_intervals\"":10,\""native_verified\"":false},{\""phase\"":\""RETURN\"",\""frame\"":3324,\""measured_ns\"":333900000000,\""target_initial_body_xy_m\"":[0.0,0.0],\""observed_position_initial_body_xy_m\"":[0.006007378513432094,-0.0016483938774076137],\""observed_distance_m\"":0.00622943006853119,\""quiet_intervals\"":10,\""native_verified\"":false}]""}",docs/go2_development_artifact_retention_2026-09-14.md,/mnt/steam_drive/LeWMQuad-v3/navigation_development_artifacts_v1/go2_polygon_floor_repeatability_03_supervised_rollout_noise_2mm_native_layout01_4800_v1_attempt_001/continuous_native_arrival_evaluation.json,1,1,True,0
go2_pose_action_xy_forecast_ablation_study_v1_attempt_001,COMPLETE,,,/home/andrewknowles/RecoveryStorage/LeWMQuad-v3/.generated/navigation_development_artifacts_v1/go2_pose_action_xy_forecast_ablation_study_v1_attempt_001/result.json,,,"{""status"":""COMPLETE""}",docs/go2_continuous_controller_comparison_2026-09-13.md,,,,,
go2_pose_command_motion_control_fit_v1_attempt_001,COMPLETE,,,/home/andrewknowles/RecoveryStorage/LeWMQuad-v3/.generated/navigation_development_artifacts_v1/go2_pose_command_motion_control_fit_v1_attempt_001/result.json,,,"{""status"":""COMPLETE""}",docs/go2_command_motion_prediction_controls_2026-09-15.md;docs/go2_development_artifact_retention_2026-09-14.md,,,,,
go2_pose_command_xy_ablation_supervised_rollout_comparison_layout00_v1_attempt_001,RESULT_RECORDED,,,/home/andrewknowles/RecoveryStorage/LeWMQuad-v3/.generated/navigation_development_artifacts_v1/go2_pose_command_xy_ablation_supervised_rollout_comparison_layout00_v1_attempt_001/result.json,,,{},docs/go2_command_motion_prediction_controls_2026-09-15.md,,,,,
go2_pose_command_xy_ablation_supervised_rollout_four_layout_summary_v1_attempt_001,RESULT_RECORDED,,,/home/andrewknowles/RecoveryStorage/LeWMQuad-v3/.generated/navigation_development_artifacts_v1/go2_pose_command_xy_ablation_supervised_rollout_four_layout_summary_v1_attempt_001/result.json,,,{},docs/go2_command_motion_prediction_controls_2026-09-15.md,,,,,
go2_pose_command_xy_ablation_supervised_rollout_learned_noise_2mm_native_layout01_4800_v1_attempt_001,PACED_NATIVE_PREFIX_COMPLETE,OBSERVED_ROUND_TRIP_CANDIDATE,False,/home/andrewknowles/RecoveryStorage/LeWMQuad-v3/.generated/navigation_development_artifacts_v1/go2_pose_command_xy_ablation_supervised_rollout_learned_noise_2mm_native_layout01_4800_v1_attempt_001/result.json,,,"{""status"":""PACED_NATIVE_PREFIX_COMPLETE"",""mission_terminal"":""OBSERVED_ROUND_TRIP_CANDIDATE"",""navigation_success_claimed"":false,""simulation_s"":341.54,""wall_s"":344.078074473,""camera_frames"":3414,""disallowed_contact"":false,""observed_arrivals"":""[{\""phase\"":\""OUTBOUND\"",\""frame\"":2103,\""measured_ns\"":211800000000,\""target_initial_body_xy_m\"":[0.0,2.6],\""observed_position_initial_body_xy_m\"":[0.005280224588060453,2.580823434857301],\""observed_distance_m\"":0.019890234346848275,\""quiet_intervals\"":10,\""native_verified\"":false},{\""phase\"":\""RETURN\"",\""frame\"":3412,\""measured_ns\"":342700000000,\""target_initial_body_xy_m\"":[0.0,0.0],\""observed_position_initial_body_xy_m\"":[0.017828924910476964,0.006885428963985769],\""observed_distance_m\"":0.019112291738081023,\""quiet_intervals\"":10,\""native_verified\"":false}]""}",docs/go2_development_artifact_retention_2026-09-14.md,/home/andrewknowles/RecoveryStorage/LeWMQuad-v3/.generated/navigation_development_artifacts_v1/go2_pose_command_xy_ablation_supervised_rollout_learned_noise_2mm_native_layout01_4800_v1_attempt_001/continuous_native_arrival_evaluation.json,1,1,True,0
go2_pose_command_xy_ablation_supervised_rollout_learned_noise_2mm_native_layout02_4800_v1_attempt_001,PACED_NATIVE_PREFIX_COMPLETE,OBSERVED_ROUND_TRIP_CANDIDATE,False,/home/andrewknowles/RecoveryStorage/LeWMQuad-v3/.generated/navigation_development_artifacts_v1/go2_pose_command_xy_ablation_supervised_rollout_learned_noise_2mm_native_layout02_4800_v1_attempt_001/result.json,,,"{""status"":""PACED_NATIVE_PREFIX_COMPLETE"",""mission_terminal"":""OBSERVED_ROUND_TRIP_CANDIDATE"",""navigation_success_claimed"":false,""simulation_s"":387.94,""wall_s"":389.301717244,""camera_frames"":3878,""disallowed_contact"":false,""observed_arrivals"":""[{\""phase\"":\""OUTBOUND\"",\""frame\"":2211,\""measured_ns\"":222600000000,\""target_initial_body_xy_m\"":[3.9000000000000004,-1.3],\""observed_position_initial_body_xy_m\"":[3.9022511296766305,-1.2852333404043144],\""observed_distance_m\"":0.01493726281605371,\""quiet_intervals\"":10,\""native_verified\"":false},{\""phase\"":\""RETURN\"",\""frame\"":3876,\""measured_ns\"":389100000000,\""target_initial_body_xy_m\"":[0.0,0.0],\""observed_position_initial_body_xy_m\"":[0.0081024665263382,-0.003757564266836278],\""observed_distance_m\"":0.008931363447415847,\""quiet_intervals\"":10,\""native_verified\"":false}]""}",docs/go2_development_artifact_retention_2026-09-14.md,/home/andrewknowles/RecoveryStorage/LeWMQuad-v3/.generated/navigation_development_artifacts_v1/go2_pose_command_xy_ablation_supervised_rollout_learned_noise_2mm_native_layout02_4800_v1_attempt_001/continuous_native_arrival_evaluation.json,1,1,True,0
go2_pose_command_xy_ablation_supervised_rollout_learned_noise_2mm_native_layout03_4800_v1_attempt_001,PACED_NATIVE_PREFIX_COMPLETE,OBSERVED_ROUND_TRIP_CANDIDATE,False,/home/andrewknowles/RecoveryStorage/LeWMQuad-v3/.generated/navigation_development_artifacts_v1/go2_pose_command_xy_ablation_supervised_rollout_learned_noise_2mm_native_layout03_4800_v1_attempt_001/result.json,,,"{""status"":""PACED_NATIVE_PREFIX_COMPLETE"",""mission_terminal"":""OBSERVED_ROUND_TRIP_CANDIDATE"",""navigation_success_claimed"":false,""simulation_s"":291.18,""wall_s"":293.586684017,""camera_frames"":2910,""disallowed_contact"":false,""observed_arrivals"":""[{\""phase\"":\""OUTBOUND\"",\""frame\"":1793,\""measured_ns\"":180800000000,\""target_initial_body_xy_m\"":[3.9000000000000004,1.3],\""observed_position_initial_body_xy_m\"":[3.903809017494169,1.2866878630346903],\""observed_distance_m\"":0.013846357096870272,\""quiet_intervals\"":10,\""native_verified\"":false},{\""phase\"":\""RETURN\"",\""frame\"":2908,\""measured_ns\"":292300000000,\""target_initial_body_xy_m\"":[0.0,0.0],\""observed_position_initial_body_xy_m\"":[-0.0012471350136552864,0.015494245023920347],\""observed_distance_m\"":0.015544355071972764,\""quiet_intervals\"":10,\""native_verified\"":false}]""}",docs/go2_development_artifact_retention_2026-09-14.md,/home/andrewknowles/RecoveryStorage/LeWMQuad-v3/.generated/navigation_development_artifacts_v1/go2_pose_command_xy_ablation_supervised_rollout_learned_noise_2mm_native_layout03_4800_v1_attempt_001/continuous_native_arrival_evaluation.json,1,1,True,0
go2_pose_command_xy_ablation_supervised_rollout_pose_command_noise_2mm_native_layout00_4800_v1_attempt_001,PACED_NATIVE_PREFIX_COMPLETE,OBSERVED_ROUND_TRIP_CANDIDATE,False,/home/andrewknowles/RecoveryStorage/LeWMQuad-v3/.generated/navigation_development_artifacts_v1/go2_pose_command_xy_ablation_supervised_rollout_pose_command_noise_2mm_native_layout00_4800_v1_attempt_001/result.json,,,"{""status"":""PACED_NATIVE_PREFIX_COMPLETE"",""mission_terminal"":""OBSERVED_ROUND_TRIP_CANDIDATE"",""navigation_success_claimed"":false,""simulation_s"":361.64,""wall_s"":362.808033414,""camera_frames"":3614,""disallowed_contact"":false,""observed_arrivals"":""[{\""phase\"":\""OUTBOUND\"",\""frame\"":2024,\""measured_ns\"":203900000000,\""target_initial_body_xy_m\"":[3.9000000000000004,2.6],\""observed_position_initial_body_xy_m\"":[3.8947998864799804,2.608021898049629],\""observed_distance_m\"":0.009559917831222767,\""quiet_intervals\"":10,\""native_verified\"":false},{\""phase\"":\""RETURN\"",\""frame\"":3612,\""measured_ns\"":362700000000,\""target_initial_body_xy_m\"":[0.0,0.0],\""observed_position_initial_body_xy_m\"":[0.016085562192545904,0.002976594755590165],\""observed_distance_m\"":0.016358649925628615,\""quiet_intervals\"":10,\""native_verified\"":false}]""}",docs/go2_development_artifact_retention_2026-09-14.md,/home/andrewknowles/RecoveryStorage/LeWMQuad-v3/.generated/navigation_development_artifacts_v1/go2_pose_command_xy_ablation_supervised_rollout_pose_command_noise_2mm_native_layout00_4800_v1_attempt_001/continuous_native_arrival_evaluation.json,1,1,True,0
go2_pose_command_xy_ablation_supervised_rollout_pose_command_noise_2mm_native_layout01_4800_v1_attempt_001,PACED_NATIVE_PREFIX_COMPLETE,OBSERVED_ROUND_TRIP_CANDIDATE,False,/home/andrewknowles/RecoveryStorage/LeWMQuad-v3/.generated/navigation_development_artifacts_v1/go2_pose_command_xy_ablation_supervised_rollout_pose_command_noise_2mm_native_layout01_4800_v1_attempt_001/result.json,,,"{""status"":""PACED_NATIVE_PREFIX_COMPLETE"",""mission_terminal"":""OBSERVED_ROUND_TRIP_CANDIDATE"",""navigation_success_claimed"":false,""simulation_s"":325.62,""wall_s"":328.827881106,""camera_frames"":3253,""disallowed_contact"":false,""observed_arrivals"":""[{\""phase\"":\""OUTBOUND\"",\""frame\"":2088,\""measured_ns\"":210300000000,\""target_initial_body_xy_m\"":[0.0,2.6],\""observed_position_initial_body_xy_m\"":[-0.005449326830632161,2.593807264046227],\""observed_distance_m\"":0.008248947902623732,\""quiet_intervals\"":10,\""native_verified\"":false},{\""phase\"":\""RETURN\"",\""frame\"":3251,\""measured_ns\"":326600000000,\""target_initial_body_xy_m\"":[0.0,0.0],\""observed_position_initial_body_xy_m\"":[0.009956026800297304,0.00400658237760688],\""observed_distance_m\"":0.010731969623363093,\""quiet_intervals\"":10,\""native_verified\"":false}]""}",docs/go2_development_artifact_retention_2026-09-14.md,/home/andrewknowles/RecoveryStorage/LeWMQuad-v3/.generated/navigation_development_artifacts_v1/go2_pose_command_xy_ablation_supervised_rollout_pose_command_noise_2mm_native_layout01_4800_v1_attempt_001/continuous_native_arrival_evaluation.json,1,1,True,0
go2_pose_command_xy_ablation_supervised_rollout_pose_command_noise_2mm_native_layout02_4800_v1_attempt_001,PACED_NATIVE_PREFIX_COMPLETE,OBSERVED_ROUND_TRIP_CANDIDATE,False,/home/andrewknowles/RecoveryStorage/LeWMQuad-v3/.generated/navigation_development_artifacts_v1/go2_pose_command_xy_ablation_supervised_rollout_pose_command_noise_2mm_native_layout02_4800_v1_attempt_001/result.json,,,"{""status"":""PACED_NATIVE_PREFIX_COMPLETE"",""mission_terminal"":""OBSERVED_ROUND_TRIP_CANDIDATE"",""navigation_success_claimed"":false,""simulation_s"":366.44,""wall_s"":367.532155994,""camera_frames"":3661,""disallowed_contact"":false,""observed_arrivals"":""[{\""phase\"":\""OUTBOUND\"",\""frame\"":2076,\""measured_ns\"":209100000000,\""target_initial_body_xy_m\"":[3.9000000000000004,-1.3],\""observed_position_initial_body_xy_m\"":[3.8920970794929066,-1.2971865267396967],\""observed_distance_m\"":0.008388789205116829,\""quiet_intervals\"":10,\""native_verified\"":false},{\""phase\"":\""RETURN\"",\""frame\"":3659,\""measured_ns\"":367400000000,\""target_initial_body_xy_m\"":[0.0,0.0],\""observed_position_initial_body_xy_m\"":[0.012139041749312613,0.01436515190733453],\""observed_distance_m\"":0.01880728379943131,\""quiet_intervals\"":10,\""native_verified\"":false}]""}",docs/go2_development_artifact_retention_2026-09-14.md,/home/andrewknowles/RecoveryStorage/LeWMQuad-v3/.generated/navigation_development_artifacts_v1/go2_pose_command_xy_ablation_supervised_rollout_pose_command_noise_2mm_native_layout02_4800_v1_attempt_001/continuous_native_arrival_evaluation.json,1,1,True,0
go2_pose_command_xy_ablation_supervised_rollout_pose_command_noise_2mm_native_layout03_4800_v1_attempt_001,PACED_NATIVE_PREFIX_COMPLETE,OBSERVED_ROUND_TRIP_CANDIDATE,False,/home/andrewknowles/RecoveryStorage/LeWMQuad-v3/.generated/navigation_development_artifacts_v1/go2_pose_command_xy_ablation_supervised_rollout_pose_command_noise_2mm_native_layout03_4800_v1_attempt_001/result.json,,,"{""status"":""PACED_NATIVE_PREFIX_COMPLETE"",""mission_terminal"":""OBSERVED_ROUND_TRIP_CANDIDATE"",""navigation_success_claimed"":false,""simulation_s"":311.14,""wall_s"":313.425818705,""camera_frames"":3110,""disallowed_contact"":false,""observed_arrivals"":""[{\""phase\"":\""OUTBOUND\"",\""frame\"":1796,\""measured_ns\"":181100000000,\""target_initial_body_xy_m\"":[3.9000000000000004,1.3],\""observed_position_initial_body_xy_m\"":[3.9010720858147736,1.3122442700970656],\""observed_distance_m\"":0.012291115417411513,\""quiet_intervals\"":10,\""native_verified\"":false},{\""phase\"":\""RETURN\"",\""frame\"":3108,\""measured_ns\"":312300000000,\""target_initial_body_xy_m\"":[0.0,0.0],\""observed_position_initial_body_xy_m\"":[0.016307164637097527,-0.006849946686791679],\""observed_distance_m\"":0.01768743588294506,\""quiet_intervals\"":10,\""native_verified\"":false}]""}",docs/go2_development_artifact_retention_2026-09-14.md,/home/andrewknowles/RecoveryStorage/LeWMQuad-v3/.generated/navigation_development_artifacts_v1/go2_pose_command_xy_ablation_supervised_rollout_pose_command_noise_2mm_native_layout03_4800_v1_attempt_001/continuous_native_arrival_evaluation.json,1,1,True,0
go2_post_repeatability_transfer_learned_native_layout00_4800_v1_attempt_001,PACED_NATIVE_PREFIX_COMPLETE,OBSERVED_ROUND_TRIP_CANDIDATE,False,/home/andrewknowles/RecoveryStorage/LeWMQuad-v3/.generated/navigation_development_artifacts_v1/go2_post_repeatability_transfer_learned_native_layout00_4800_v1_attempt_001/result.json,,,"{""status"":""PACED_NATIVE_PREFIX_COMPLETE"",""mission_terminal"":""OBSERVED_ROUND_TRIP_CANDIDATE"",""navigation_success_claimed"":false,""simulation_s"":298.06,""wall_s"":298.675203247,""camera_frames"":2978,""disallowed_contact"":false,""observed_arrivals"":""[{\""phase\"":\""OUTBOUND\"",\""frame\"":1896,\""measured_ns\"":191100000000,\""target_initial_body_xy_m\"":[0.0,-1.3],\""observed_position_initial_body_xy_m\"":[-0.00579851099778773,-1.2874373687000833],\""observed_distance_m\"":0.013836272437658679,\""quiet_intervals\"":10,\""native_verified\"":false},{\""phase\"":\""RETURN\"",\""frame\"":2976,\""measured_ns\"":299100000000,\""target_initial_body_xy_m\"":[0.0,0.0],\""observed_position_initial_body_xy_m\"":[-0.006118817677222983,0.008647877801725377],\""observed_distance_m\"":0.010593664155554064,\""quiet_intervals\"":10,\""native_verified\"":false}]""}",docs/go2_current_pair_routing_memory_preparation_2026-09-14.md,/home/andrewknowles/RecoveryStorage/LeWMQuad-v3/.generated/navigation_development_artifacts_v1/go2_post_repeatability_transfer_learned_native_layout00_4800_v1_attempt_001/continuous_native_arrival_evaluation.json,1,1,True,0
go2_post_repeatability_transfer_learned_native_layout02_4800_v1_attempt_001,PACED_NATIVE_PREFIX_COMPLETE,OBSERVED_ROUND_TRIP_CANDIDATE,False,/home/andrewknowles/RecoveryStorage/LeWMQuad-v3/.generated/navigation_development_artifacts_v1/go2_post_repeatability_transfer_learned_native_layout02_4800_v1_attempt_001/result.json,,,"{""status"":""PACED_NATIVE_PREFIX_COMPLETE"",""mission_terminal"":""OBSERVED_ROUND_TRIP_CANDIDATE"",""navigation_success_claimed"":false,""simulation_s"":304.44,""wall_s"":305.096433992,""camera_frames"":3042,""disallowed_contact"":false,""observed_arrivals"":""[{\""phase\"":\""OUTBOUND\"",\""frame\"":1971,\""measured_ns\"":198600000000,\""target_initial_body_xy_m\"":[1.3,2.6],\""observed_position_initial_body_xy_m\"":[1.2826420060553747,2.5929721945894526],\""observed_distance_m\"":0.018726718951011422,\""quiet_intervals\"":10,\""native_verified\"":false},{\""phase\"":\""RETURN\"",\""frame\"":3040,\""measured_ns\"":305500000000,\""target_initial_body_xy_m\"":[0.0,0.0],\""observed_position_initial_body_xy_m\"":[0.012928326957525545,-0.003928059015762948],\""observed_distance_m\"":0.013511894225163188,\""quiet_intervals\"":10,\""native_verified\"":false}]""}",docs/go2_development_artifact_retention_2026-09-14.md,/home/andrewknowles/RecoveryStorage/LeWMQuad-v3/.generated/navigation_development_artifacts_v1/go2_post_repeatability_transfer_learned_native_layout02_4800_v1_attempt_001/continuous_native_arrival_evaluation.json,1,1,True,0
go2_post_repeatability_transfer_summary_v1_attempt_001,RESULT_RECORDED,,,/home/andrewknowles/RecoveryStorage/LeWMQuad-v3/.generated/navigation_development_artifacts_v1/go2_post_repeatability_transfer_summary_v1_attempt_001/result.json,,,{},docs/go2_post_repeatability_transfer_preparation_2026-09-14.md,,,,,
go2_post_training_transfer_direct_noise_2mm_native_layout00_4800_v1_attempt_001,PACED_NATIVE_PREFIX_COMPLETE,OBSERVED_ROUND_TRIP_CANDIDATE,False,/home/andrewknowles/RecoveryStorage/LeWMQuad-v3/.generated/navigation_development_artifacts_v1/go2_post_training_transfer_direct_noise_2mm_native_layout00_4800_v1_attempt_001/result.json,,,"{""status"":""PACED_NATIVE_PREFIX_COMPLETE"",""mission_terminal"":""OBSERVED_ROUND_TRIP_CANDIDATE"",""navigation_success_claimed"":false,""simulation_s"":388.44,""wall_s"":389.439346779,""camera_frames"":3883,""disallowed_contact"":false,""observed_arrivals"":""[{\""phase\"":\""OUTBOUND\"",\""frame\"":2177,\""measured_ns\"":219200000000,\""target_initial_body_xy_m\"":[3.9000000000000004,2.6],\""observed_position_initial_body_xy_m\"":[3.887729261295324,2.587525802022691],\""observed_distance_m\"":0.017497903975492453,\""quiet_intervals\"":10,\""native_verified\"":false},{\""phase\"":\""RETURN\"",\""frame\"":3880,\""measured_ns\"":389500000000,\""target_initial_body_xy_m\"":[0.0,0.0],\""observed_position_initial_body_xy_m\"":[0.011654060143869004,-0.014302457618105852],\""observed_distance_m\"":0.01844932008922362,\""quiet_intervals\"":10,\""native_verified\"":false}]""}",docs/go2_development_artifact_retention_2026-09-14.md,/home/andrewknowles/RecoveryStorage/LeWMQuad-v3/.generated/navigation_development_artifacts_v1/go2_post_training_transfer_direct_noise_2mm_native_layout00_4800_v1_attempt_001/continuous_native_arrival_evaluation.json,1,1,True,0
go2_post_training_transfer_direct_noise_2mm_native_layout01_4800_v1_attempt_001,PACED_NATIVE_PREFIX_COMPLETE,OBSERVED_ROUND_TRIP_CANDIDATE,False,/home/andrewknowles/RecoveryStorage/LeWMQuad-v3/.generated/navigation_development_artifacts_v1/go2_post_training_transfer_direct_noise_2mm_native_layout01_4800_v1_attempt_001/result.json,,,"{""status"":""PACED_NATIVE_PREFIX_COMPLETE"",""mission_terminal"":""OBSERVED_ROUND_TRIP_CANDIDATE"",""navigation_success_claimed"":false,""simulation_s"":368.32,""wall_s"":369.992620922,""camera_frames"":3682,""disallowed_contact"":false,""observed_arrivals"":""[{\""phase\"":\""OUTBOUND\"",\""frame\"":2143,\""measured_ns\"":215800000000,\""target_initial_body_xy_m\"":[0.0,2.6],\""observed_position_initial_body_xy_m\"":[-0.0004652959200659662,2.5851274651655665],\""observed_distance_m\"":0.014879811581289317,\""quiet_intervals\"":10,\""native_verified\"":false},{\""phase\"":\""RETURN\"",\""frame\"":3680,\""measured_ns\"":369500000000,\""target_initial_body_xy_m\"":[0.0,0.0],\""observed_position_initial_body_xy_m\"":[0.016733312065223487,-0.01012997209414157],\""observed_distance_m\"":0.01956067655527898,\""quiet_intervals\"":10,\""native_verified\"":false}]""}",docs/go2_development_artifact_retention_2026-09-14.md,/home/andrewknowles/RecoveryStorage/LeWMQuad-v3/.generated/navigation_development_artifacts_v1/go2_post_training_transfer_direct_noise_2mm_native_layout01_4800_v1_attempt_001/continuous_native_arrival_evaluation.json,1,1,True,0
go2_post_training_transfer_direct_noise_2mm_native_layout03_4800_v1_attempt_001,PACED_NATIVE_PREFIX_COMPLETE,OBSERVED_ROUND_TRIP_CANDIDATE,False,/home/andrewknowles/RecoveryStorage/LeWMQuad-v3/.generated/navigation_development_artifacts_v1/go2_post_training_transfer_direct_noise_2mm_native_layout03_4800_v1_attempt_001/result.json,,,"{""status"":""PACED_NATIVE_PREFIX_COMPLETE"",""mission_terminal"":""OBSERVED_ROUND_TRIP_CANDIDATE"",""navigation_success_claimed"":false,""simulation_s"":315.16,""wall_s"":317.275210415,""camera_frames"":3150,""disallowed_contact"":false,""observed_arrivals"":""[{\""phase\"":\""OUTBOUND\"",\""frame\"":1783,\""measured_ns\"":179800000000,\""target_initial_body_xy_m\"":[3.9000000000000004,1.3],\""observed_position_initial_body_xy_m\"":[3.8850632501499773,1.3105425055864486],\""observed_distance_m\"":0.018282530462779528,\""quiet_intervals\"":10,\""native_verified\"":false},{\""phase\"":\""RETURN\"",\""frame\"":3148,\""measured_ns\"":316300000000,\""target_initial_body_xy_m\"":[0.0,0.0],\""observed_position_initial_body_xy_m\"":[0.009733911620938727,-0.0012795850486480096],\""observed_distance_m\"":0.009817656204052448,\""quiet_intervals\"":10,\""native_verified\"":false}]""}",docs/go2_development_artifact_retention_2026-09-14.md,/home/andrewknowles/RecoveryStorage/LeWMQuad-v3/.generated/navigation_development_artifacts_v1/go2_post_training_transfer_direct_noise_2mm_native_layout03_4800_v1_attempt_001/continuous_native_arrival_evaluation.json,1,1,True,0
go2_post_training_transfer_four_layout_summary_v1_attempt_001,RESULT_RECORDED,,,/home/andrewknowles/RecoveryStorage/LeWMQuad-v3/.generated/navigation_development_artifacts_v1/go2_post_training_transfer_four_layout_summary_v1_attempt_001/result.json,,,{},docs/go2_post_training_comparison_transfer_preparation_2026-09-15.md,,,,,
go2_post_training_transfer_jepa_noise_2mm_native_layout00_4800_v1_attempt_001,PACED_NATIVE_PREFIX_COMPLETE,OBSERVED_ROUND_TRIP_CANDIDATE,False,/home/andrewknowles/RecoveryStorage/LeWMQuad-v3/.generated/navigation_development_artifacts_v1/go2_post_training_transfer_jepa_noise_2mm_native_layout00_4800_v1_attempt_001/result.json,,,"{""status"":""PACED_NATIVE_PREFIX_COMPLETE"",""mission_terminal"":""OBSERVED_ROUND_TRIP_CANDIDATE"",""navigation_success_claimed"":false,""simulation_s"":263.16,""wall_s"":263.787151121,""camera_frames"":2630,""disallowed_contact"":false,""observed_arrivals"":""[{\""phase\"":\""OUTBOUND\"",\""frame\"":1575,\""measured_ns\"":159000000000,\""target_initial_body_xy_m\"":[3.9000000000000004,2.6],\""observed_position_initial_body_xy_m\"":[3.8935931336778324,2.582027540885021],\""observed_distance_m\"":0.01908028361187878,\""quiet_intervals\"":10,\""native_verified\"":false},{\""phase\"":\""RETURN\"",\""frame\"":2628,\""measured_ns\"":264300000000,\""target_initial_body_xy_m\"":[0.0,0.0],\""observed_position_initial_body_xy_m\"":[0.006772879610910856,0.001266027017937829],\""observed_distance_m\"":0.006890190319145077,\""quiet_intervals\"":10,\""native_verified\"":false}]""}",docs/go2_development_artifact_retention_2026-09-14.md,/home/andrewknowles/RecoveryStorage/LeWMQuad-v3/.generated/navigation_development_artifacts_v1/go2_post_training_transfer_jepa_noise_2mm_native_layout00_4800_v1_attempt_001/continuous_native_arrival_evaluation.json,1,1,True,0
go2_post_training_transfer_jepa_noise_2mm_native_layout01_4800_v1_attempt_001,PACED_NATIVE_PREFIX_COMPLETE,OBSERVED_ROUND_TRIP_CANDIDATE,False,/home/andrewknowles/RecoveryStorage/LeWMQuad-v3/.generated/navigation_development_artifacts_v1/go2_post_training_transfer_jepa_noise_2mm_native_layout01_4800_v1_attempt_001/result.json,,,"{""status"":""PACED_NATIVE_PREFIX_COMPLETE"",""mission_terminal"":""OBSERVED_ROUND_TRIP_CANDIDATE"",""navigation_success_claimed"":false,""simulation_s"":275.14,""wall_s"":276.486420953,""camera_frames"":2750,""disallowed_contact"":false,""observed_arrivals"":""[{\""phase\"":\""OUTBOUND\"",\""frame\"":1644,\""measured_ns\"":165900000000,\""target_initial_body_xy_m\"":[0.0,2.6],\""observed_position_initial_body_xy_m\"":[0.003414724889240539,2.6080996957472666],\""observed_distance_m\"":0.008790074929571793,\""quiet_intervals\"":10,\""native_verified\"":false},{\""phase\"":\""RETURN\"",\""frame\"":2748,\""measured_ns\"":276300000000,\""target_initial_body_xy_m\"":[0.0,0.0],\""observed_position_initial_body_xy_m\"":[0.018414271654444172,-0.005549553207795993],\""observed_distance_m\"":0.019232341026765954,\""quiet_intervals\"":10,\""native_verified\"":false}]""}",docs/go2_development_artifact_retention_2026-09-14.md,/home/andrewknowles/RecoveryStorage/LeWMQuad-v3/.generated/navigation_development_artifacts_v1/go2_post_training_transfer_jepa_noise_2mm_native_layout01_4800_v1_attempt_001/continuous_native_arrival_evaluation.json,1,1,True,0
go2_post_training_transfer_reactive_noise_2mm_native_layout02_4800_v1_attempt_001,PACED_NATIVE_PREFIX_COMPLETE,OBSERVED_ROUND_TRIP_CANDIDATE,False,/home/andrewknowles/RecoveryStorage/LeWMQuad-v3/.generated/navigation_development_artifacts_v1/go2_post_training_transfer_reactive_noise_2mm_native_layout02_4800_v1_attempt_001/result.json,,,"{""status"":""PACED_NATIVE_PREFIX_COMPLETE"",""mission_terminal"":""OBSERVED_ROUND_TRIP_CANDIDATE"",""navigation_success_claimed"":false,""simulation_s"":244.44,""wall_s"":244.69588694,""camera_frames"":2441,""disallowed_contact"":false,""observed_arrivals"":""[{\""phase\"":\""OUTBOUND\"",\""frame\"":1679,\""measured_ns\"":169400000000,\""target_initial_body_xy_m\"":[3.9000000000000004,-1.3],\""observed_position_initial_body_xy_m\"":[3.8899964164539402,-1.2897833615835028],\""observed_distance_m\"":0.014298649736826614,\""quiet_intervals\"":10,\""native_verified\"":false},{\""phase\"":\""RETURN\"",\""frame\"":2439,\""measured_ns\"":245400000000,\""target_initial_body_xy_m\"":[0.0,0.0],\""observed_position_initial_body_xy_m\"":[-0.013886912921591568,-0.008702204337048663],\""observed_distance_m\"":0.016388249168706688,\""quiet_intervals\"":10,\""native_verified\"":false}]""}",docs/go2_development_artifact_retention_2026-09-14.md,/home/andrewknowles/RecoveryStorage/LeWMQuad-v3/.generated/navigation_development_artifacts_v1/go2_post_training_transfer_reactive_noise_2mm_native_layout02_4800_v1_attempt_001/continuous_native_arrival_evaluation.json,1,1,True,0
go2_post_training_transfer_reactive_noise_2mm_native_layout03_4800_v1_attempt_001,PACED_NATIVE_PREFIX_COMPLETE,OBSERVED_ROUND_TRIP_CANDIDATE,False,/home/andrewknowles/RecoveryStorage/LeWMQuad-v3/.generated/navigation_development_artifacts_v1/go2_post_training_transfer_reactive_noise_2mm_native_layout03_4800_v1_attempt_001/result.json,,,"{""status"":""PACED_NATIVE_PREFIX_COMPLETE"",""mission_terminal"":""OBSERVED_ROUND_TRIP_CANDIDATE"",""navigation_success_claimed"":false,""simulation_s"":197.38,""wall_s"":197.624854972,""camera_frames"":1971,""disallowed_contact"":false,""observed_arrivals"":""[{\""phase\"":\""OUTBOUND\"",\""frame\"":1319,\""measured_ns\"":133400000000,\""target_initial_body_xy_m\"":[3.9000000000000004,1.3],\""observed_position_initial_body_xy_m\"":[3.8824550551281383,1.3004543475111152],\""observed_distance_m\"":0.017550826824327577,\""quiet_intervals\"":10,\""native_verified\"":false},{\""phase\"":\""RETURN\"",\""frame\"":1969,\""measured_ns\"":198400000000,\""target_initial_body_xy_m\"":[0.0,0.0],\""observed_position_initial_body_xy_m\"":[-0.00855154931233222,0.005200759121756433],\""observed_distance_m\"":0.010008840646337737,\""quiet_intervals\"":10,\""native_verified\"":false}]""}",docs/go2_development_artifact_retention_2026-09-14.md,/home/andrewknowles/RecoveryStorage/LeWMQuad-v3/.generated/navigation_development_artifacts_v1/go2_post_training_transfer_reactive_noise_2mm_native_layout03_4800_v1_attempt_001/continuous_native_arrival_evaluation.json,1,1,True,0
go2_post_training_transfer_supervised_rollout_noise_2mm_native_layout00_4800_v1_attempt_001,PACED_NATIVE_PREFIX_COMPLETE,OBSERVED_ROUND_TRIP_CANDIDATE,False,/home/andrewknowles/RecoveryStorage/LeWMQuad-v3/.generated/navigation_development_artifacts_v1/go2_post_training_transfer_supervised_rollout_noise_2mm_native_layout00_4800_v1_attempt_001/result.json,,,"{""status"":""PACED_NATIVE_PREFIX_COMPLETE"",""mission_terminal"":""OBSERVED_ROUND_TRIP_CANDIDATE"",""navigation_success_claimed"":false,""simulation_s"":366.58,""wall_s"":367.48704612,""camera_frames"":3664,""disallowed_contact"":false,""observed_arrivals"":""[{\""phase\"":\""OUTBOUND\"",\""frame\"":1889,\""measured_ns\"":190400000000,\""target_initial_body_xy_m\"":[3.9000000000000004,2.6],\""observed_position_initial_body_xy_m\"":[3.9116544607993373,2.598110104725239],\""observed_distance_m\"":0.011806699821408471,\""quiet_intervals\"":10,\""native_verified\"":false},{\""phase\"":\""RETURN\"",\""frame\"":3662,\""measured_ns\"":367700000000,\""target_initial_body_xy_m\"":[0.0,0.0],\""observed_position_initial_body_xy_m\"":[0.012178453883512385,0.01260279485718192],\""observed_distance_m\"":0.01752555782864126,\""quiet_intervals\"":10,\""native_verified\"":false}]""}",docs/go2_development_artifact_retention_2026-09-14.md,/home/andrewknowles/RecoveryStorage/LeWMQuad-v3/.generated/navigation_development_artifacts_v1/go2_post_training_transfer_supervised_rollout_noise_2mm_native_layout00_4800_v1_attempt_001/continuous_native_arrival_evaluation.json,1,1,True,0
go2_post_training_transfer_supervised_rollout_noise_2mm_native_layout01_4800_v1_attempt_001,PACED_NATIVE_PREFIX_COMPLETE,OBSERVED_ROUND_TRIP_CANDIDATE,False,/home/andrewknowles/RecoveryStorage/LeWMQuad-v3/.generated/navigation_development_artifacts_v1/go2_post_training_transfer_supervised_rollout_noise_2mm_native_layout01_4800_v1_attempt_001/result.json,,,"{""status"":""PACED_NATIVE_PREFIX_COMPLETE"",""mission_terminal"":""OBSERVED_ROUND_TRIP_CANDIDATE"",""navigation_success_claimed"":false,""simulation_s"":335.96,""wall_s"":337.418478205,""camera_frames"":3358,""disallowed_contact"":false,""observed_arrivals"":""[{\""phase\"":\""OUTBOUND\"",\""frame\"":2068,\""measured_ns\"":208300000000,\""target_initial_body_xy_m\"":[0.0,2.6],\""observed_position_initial_body_xy_m\"":[-0.0007513268664537924,2.580306183569963],\""observed_distance_m\"":0.019708142927233253,\""quiet_intervals\"":10,\""native_verified\"":false},{\""phase\"":\""RETURN\"",\""frame\"":3356,\""measured_ns\"":337100000000,\""target_initial_body_xy_m\"":[0.0,0.0],\""observed_position_initial_body_xy_m\"":[0.013819347985609094,-0.013741157964563978],\""observed_distance_m\"":0.01948829907802264,\""quiet_intervals\"":10,\""native_verified\"":false}]""}",docs/go2_development_artifact_retention_2026-09-14.md,/home/andrewknowles/RecoveryStorage/LeWMQuad-v3/.generated/navigation_development_artifacts_v1/go2_post_training_transfer_supervised_rollout_noise_2mm_native_layout01_4800_v1_attempt_001/continuous_native_arrival_evaluation.json,1,1,True,0
go2_post_training_transfer_supervised_rollout_noise_2mm_native_layout02_4800_v1_attempt_001,PACED_NATIVE_PREFIX_COMPLETE,OBSERVED_ROUND_TRIP_CANDIDATE,False,/home/andrewknowles/RecoveryStorage/LeWMQuad-v3/.generated/navigation_development_artifacts_v1/go2_post_training_transfer_supervised_rollout_noise_2mm_native_layout02_4800_v1_attempt_001/result.json,,,"{""status"":""PACED_NATIVE_PREFIX_COMPLETE"",""mission_terminal"":""OBSERVED_ROUND_TRIP_CANDIDATE"",""navigation_success_claimed"":false,""simulation_s"":413.22,""wall_s"":414.20623043,""camera_frames"":4130,""disallowed_contact"":false,""observed_arrivals"":""[{\""phase\"":\""OUTBOUND\"",\""frame\"":2544,\""measured_ns\"":255900000000,\""target_initial_body_xy_m\"":[3.9000000000000004,-1.3],\""observed_position_initial_body_xy_m\"":[3.899938845979805,-1.281603499367001],\""observed_distance_m\"":0.018396602277434917,\""quiet_intervals\"":10,\""native_verified\"":false},{\""phase\"":\""RETURN\"",\""frame\"":4128,\""measured_ns\"":414300000000,\""target_initial_body_xy_m\"":[0.0,0.0],\""observed_position_initial_body_xy_m\"":[-0.01908816674249649,0.004882683827327531],\""observed_distance_m\"":0.019702758967895712,\""quiet_intervals\"":10,\""native_verified\"":false}]""}",docs/go2_development_artifact_retention_2026-09-14.md,/home/andrewknowles/RecoveryStorage/LeWMQuad-v3/.generated/navigation_development_artifacts_v1/go2_post_training_transfer_supervised_rollout_noise_2mm_native_layout02_4800_v1_attempt_001/continuous_native_arrival_evaluation.json,1,1,True,0
go2_post_training_transfer_supervised_rollout_noise_2mm_native_layout03_4800_v1_attempt_001,PACED_NATIVE_PREFIX_COMPLETE,OBSERVED_ROUND_TRIP_CANDIDATE,False,/home/andrewknowles/RecoveryStorage/LeWMQuad-v3/.generated/navigation_development_artifacts_v1/go2_post_training_transfer_supervised_rollout_noise_2mm_native_layout03_4800_v1_attempt_001/result.json,,,"{""status"":""PACED_NATIVE_PREFIX_COMPLETE"",""mission_terminal"":""OBSERVED_ROUND_TRIP_CANDIDATE"",""navigation_success_claimed"":false,""simulation_s"":310.34,""wall_s"":312.181938802,""camera_frames"":3102,""disallowed_contact"":false,""observed_arrivals"":""[{\""phase\"":\""OUTBOUND\"",\""frame\"":1775,\""measured_ns\"":179000000000,\""target_initial_body_xy_m\"":[3.9000000000000004,1.3],\""observed_position_initial_body_xy_m\"":[3.8938924872034435,1.2960474287685617],\""observed_distance_m\"":0.007274924872443678,\""quiet_intervals\"":10,\""native_verified\"":false},{\""phase\"":\""RETURN\"",\""frame\"":3100,\""measured_ns\"":311500000000,\""target_initial_body_xy_m\"":[0.0,0.0],\""observed_position_initial_body_xy_m\"":[0.019314096765329487,0.004918531111759022],\""observed_distance_m\"":0.019930536424237366,\""quiet_intervals\"":10,\""native_verified\"":false}]""}",docs/go2_development_artifact_retention_2026-09-14.md,/home/andrewknowles/RecoveryStorage/LeWMQuad-v3/.generated/navigation_development_artifacts_v1/go2_post_training_transfer_supervised_rollout_noise_2mm_native_layout03_4800_v1_attempt_001/continuous_native_arrival_evaluation.json,1,1,True,0
go2_pre_switch_matched_fits_v1_attempt_001,COMPLETE,,,/home/andrewknowles/RecoveryStorage/LeWMQuad-v3/.generated/navigation_development_artifacts_v1/go2_pre_switch_matched_fits_v1_attempt_001/result.json,,,"{""status"":""COMPLETE"",""wall_s"":301.2106615600642}",docs/go2_pre_switch_learning_result_2026-09-16.md,,,,,
go2_pre_switch_training_targets_v1_attempt_001,COMPLETE,,,/home/andrewknowles/RecoveryStorage/LeWMQuad-v3/.generated/navigation_development_artifacts_v1/go2_pre_switch_training_targets_v1_attempt_001/result.json,,,"{""status"":""COMPLETE""}",docs/go2_training_execution_coverage_2026-09-16.md,,,,,
go2_pre_switch_transfer_comparison_v1_attempt_001,COMPLETE,,,/home/andrewknowles/RecoveryStorage/LeWMQuad-v3/.generated/navigation_development_artifacts_v1/go2_pre_switch_transfer_comparison_v1_attempt_001/result.json,,,"{""status"":""COMPLETE"",""wall_s"":17.037976938998327}",docs/go2_pre_switch_learning_result_2026-09-16.md,,,,,
go2_pre_switch_transfer_targets_v1_attempt_001,COMPLETE,,,/home/andrewknowles/RecoveryStorage/LeWMQuad-v3/.generated/navigation_development_artifacts_v1/go2_pre_switch_transfer_targets_v1_attempt_001/result.json,,,"{""status"":""COMPLETE""}",docs/go2_pre_switch_learning_result_2026-09-16.md,,,,,
go2_prefix_aware_terminal_supervised_rollout_noise_2mm_native_layout00_4800_v1_attempt_001,FAILURE_RECORD_ONLY,,,,/home/andrewknowles/RecoveryStorage/LeWMQuad-v3/.generated/navigation_development_artifacts_v1/go2_prefix_aware_terminal_supervised_rollout_noise_2mm_native_layout00_4800_v1_attempt_001/failure.json,"RuntimeError('[{\'stage\': \'tracking\', \'reason\': ""ValueError(\'measured visual pose unavailable\')""}]')",{},docs/go2_development_artifact_retention_2026-09-14.md;docs/go2_prefix_aware_terminal_2026-09-16.md,/home/andrewknowles/RecoveryStorage/LeWMQuad-v3/.generated/navigation_development_artifacts_v1/go2_prefix_aware_terminal_supervised_rollout_noise_2mm_native_layout00_4800_v1_attempt_001/continuous_native_arrival_evaluation.json,0,0,False,0
go2_prepared_native_queue_v1_attempt_001,PREPARED_NATIVE_QUEUE_V1_COMPLETE,,,/home/andrewknowles/RecoveryStorage/LeWMQuad-v3/.generated/navigation_development_artifacts_v1/go2_prepared_native_queue_v1_attempt_001/result.json,,,"{""status"":""PREPARED_NATIVE_QUEUE_V1_COMPLETE"",""completed"":""[{\""cases\"":[[\""full_supervised_rollout_novel_maze_01\"",1],[\""full_supervised_rollout_novel_maze_02\"",2],[\""full_supervised_rollout_novel_maze_03\"",3]],\""measured_round_trip_successes\"":0,\""scientific_success_required\"":false,\""all_raw_audits_pass\"":true,\""all_physical_prefixes_pass\"":true,\""output_root\"":\""/home/andrewknowles/RecoveryStorage/LeWMQuad-v3/.generated/navigation_development_artifacts_v1/go2_supervised_rollout_mazes_v1_attempt_001\"",\""result_sha256\"":\""16e9fccb6aead934d3f4835e7d75a0532d6b99a1c5f5cbc790f12c621d933033\"",\""launch_sha256\"":\""49a182da3d795f1b31910fb2b6123732db66349dfc011d768bb72fc9732a09e3\"",\""source_count\"":1672,\""output_count\"":54371,\""original_verifier_reexecuted\"":true},{\""cases\"":[[\""full_jepa_direct_flow_maze_03\"",3]],\""measured_round_trip_successes\"":0,\""scientific_success_required\"":false,\""all_raw_audits_pass\"":true,\""all_physical_prefixes_pass\"":true,\""output_root\"":\""/home/andrewknowles/RecoveryStorage/LeWMQuad-v3/.generated/navigation_development_artifacts_v1/go2_direct_flow_maze03_pilot_v1_attempt_001\"",\""result_sha256\"":\""6be6aa6e60be4b1a9e3d9b79aa3b55e4becc3265fe208ce900c8e1962c3db3ea\"",\""launch_sha256\"":\""48493379a21f2691a82195873b62ed101e927d3667d36493e4e6aa90d5aa3f28\"",\""source_count\"":1685,\""output_count\"":7341,\""original_verifier_reexecuted\"":true},{\""cases\"":[[\""full_jepa_residual_anchored_continuation_maze_02\"",2]],\""measured_round_trip_successes\"":0,\""scientific_success_required\"":false,\""all_raw_audits_pass\"":true,\""all_physical_prefixes_pass\"":true,\""output_root\"":\""/home/andrewknowles/RecoveryStorage/Le""}",docs/go2_prepared_native_queue_preparation_2026-09-09.md;docs/go2_prepared_native_queue_v1_2026-09-09.md,,,,,
go2_progress_rejoining_learned_round_trip_native_layout03_4800_v1_attempt_001,PACED_NATIVE_PREFIX_COMPLETE,OBSERVED_ROUND_TRIP_CANDIDATE,False,/home/andrewknowles/RecoveryStorage/LeWMQuad-v3/.generated/navigation_development_artifacts_v1/go2_progress_rejoining_learned_round_trip_native_layout03_4800_v1_attempt_001/result.json,,,"{""status"":""PACED_NATIVE_PREFIX_COMPLETE"",""mission_terminal"":""OBSERVED_ROUND_TRIP_CANDIDATE"",""navigation_success_claimed"":false,""simulation_s"":475.42,""wall_s"":476.491028162,""camera_frames"":4752,""disallowed_contact"":false,""observed_arrivals"":""[{\""phase\"":\""OUTBOUND\"",\""frame\"":3170,\""measured_ns\"":318500000000,\""target_initial_body_xy_m\"":[0.0,1.3],\""observed_position_initial_body_xy_m\"":[0.0024670383094724923,1.2901027795737219],\""observed_distance_m\"":0.010200061283479752,\""quiet_intervals\"":10,\""native_verified\"":false},{\""phase\"":\""RETURN\"",\""frame\"":4750,\""measured_ns\"":476500000000,\""target_initial_body_xy_m\"":[0.0,0.0],\""observed_position_initial_body_xy_m\"":[-0.014937071857657948,0.008317727735063972],\""observed_distance_m\"":0.01709680409771047,\""quiet_intervals\"":10,\""native_verified\"":false}]""}",docs/go2_continuous_controller_comparison_2026-09-13.md;docs/go2_development_artifact_retention_2026-09-14.md,/home/andrewknowles/RecoveryStorage/LeWMQuad-v3/.generated/navigation_development_artifacts_v1/go2_progress_rejoining_learned_round_trip_native_layout03_4800_v1_attempt_001/continuous_native_arrival_evaluation.json,1,1,True,0
go2_progress_rejoining_learned_round_trip_native_layout04_4800_v1_attempt_001,PACED_NATIVE_PREFIX_COMPLETE,MISSION_TICK_BUDGET_EXHAUSTED,False,/home/andrewknowles/RecoveryStorage/LeWMQuad-v3/.generated/navigation_development_artifacts_v1/go2_progress_rejoining_learned_round_trip_native_layout04_4800_v1_attempt_001/result.json,,,"{""status"":""PACED_NATIVE_PREFIX_COMPLETE"",""mission_terminal"":""MISSION_TICK_BUDGET_EXHAUSTED"",""navigation_success_claimed"":false,""simulation_s"":481.04,""wall_s"":481.912410473,""camera_frames"":4805,""disallowed_contact"":false,""observed_arrivals"":""[]""}",docs/go2_continuous_controller_comparison_2026-09-13.md;docs/go2_development_artifact_retention_2026-09-14.md,/home/andrewknowles/RecoveryStorage/LeWMQuad-v3/.generated/navigation_development_artifacts_v1/go2_progress_rejoining_learned_round_trip_native_layout04_4800_v1_attempt_001/continuous_native_arrival_evaluation.json,0,0,False,0
go2_progress_rejoining_learned_round_trip_native_layout07_4800_v1_attempt_001,PACED_NATIVE_PREFIX_COMPLETE,MISSION_TICK_BUDGET_EXHAUSTED,False,/home/andrewknowles/RecoveryStorage/LeWMQuad-v3/.generated/navigation_development_artifacts_v1/go2_progress_rejoining_learned_round_trip_native_layout07_4800_v1_attempt_001/result.json,,,"{""status"":""PACED_NATIVE_PREFIX_COMPLETE"",""mission_terminal"":""MISSION_TICK_BUDGET_EXHAUSTED"",""navigation_success_claimed"":false,""simulation_s"":480.9,""wall_s"":481.922073892,""camera_frames"":4806,""disallowed_contact"":false,""observed_arrivals"":""[{\""phase\"":\""OUTBOUND\"",\""frame\"":3840,\""measured_ns\"":385500000000,\""target_initial_body_xy_m\"":[0.0,1.3],\""observed_position_initial_body_xy_m\"":[-0.01477064180182712,1.2877795372792795],\""observed_distance_m\"":0.019170591236224374,\""quiet_intervals\"":10,\""native_verified\"":false}]""}",docs/go2_development_artifact_retention_2026-09-14.md,/home/andrewknowles/RecoveryStorage/LeWMQuad-v3/.generated/navigation_development_artifacts_v1/go2_progress_rejoining_learned_round_trip_native_layout07_4800_v1_attempt_001/continuous_native_arrival_evaluation.json,1,0,False,0
go2_progressive_batched_floor_late_history_v1_attempt_001,PROGRESSIVE_BATCHED_FLOOR_LATE_HISTORY_V1_COMPLETE,,,/home/andrewknowles/RecoveryStorage/LeWMQuad-v3/.generated/navigation_development_artifacts_v1/go2_progressive_batched_floor_late_history_v1_attempt_001/result.json,,,"{""status"":""PROGRESSIVE_BATCHED_FLOOR_LATE_HISTORY_V1_COMPLETE"",""wall_s"":2204.4970276809763}",docs/go2_density_routed_perception_verified_progressive_replay_running_2026-09-11.md;docs/go2_tiled_density_progressive_floor_controller_prepared_2026-09-11.md,,,,,
go2_pruned_clearance_lookahead_native_layout00_v1_attempt_001,PACED_NATIVE_PREFIX_COMPLETE,MISSION_TICK_BUDGET_EXHAUSTED,False,/home/andrewknowles/RecoveryStorage/LeWMQuad-v3/.generated/navigation_development_artifacts_v1/go2_pruned_clearance_lookahead_native_layout00_v1_attempt_001/result.json,,,"{""status"":""PACED_NATIVE_PREFIX_COMPLETE"",""mission_terminal"":""MISSION_TICK_BUDGET_EXHAUSTED"",""navigation_success_claimed"":false,""simulation_s"":180.92,""wall_s"":181.071340988,""camera_frames"":1806,""disallowed_contact"":false,""observed_arrivals"":""[]""}",docs/go2_feature150_memory_clearance_experiment_2026-09-13.md,,,,,
go2_publication_repaired_replication_instantaneous_noise_2mm_native_layout01_4800_v1_attempt_001,PACED_NATIVE_PREFIX_COMPLETE,OBSERVED_ROUND_TRIP_CANDIDATE,False,/home/andrewknowles/RecoveryStorage/LeWMQuad-v3/.generated/navigation_development_artifacts_v1/go2_publication_repaired_replication_instantaneous_noise_2mm_native_layout01_4800_v1_attempt_001/result.json,,,"{""status"":""PACED_NATIVE_PREFIX_COMPLETE"",""mission_terminal"":""OBSERVED_ROUND_TRIP_CANDIDATE"",""navigation_success_claimed"":false,""simulation_s"":366.58,""wall_s"":501.769643316,""camera_frames"":3663,""disallowed_contact"":false,""observed_arrivals"":""[{\""phase\"":\""OUTBOUND\"",\""frame\"":2497,\""measured_ns\"":251200000000,\""target_initial_body_xy_m\"":[0.0,1.3],\""observed_position_initial_body_xy_m\"":[0.00554206487375439,1.2926358376949092],\""observed_distance_m\"":0.009216581227365342,\""quiet_intervals\"":10,\""native_verified\"":false},{\""phase\"":\""RETURN\"",\""frame\"":3661,\""measured_ns\"":367600000000,\""target_initial_body_xy_m\"":[0.0,0.0],\""observed_position_initial_body_xy_m\"":[-0.002190726046503058,0.0053947674574944355],\""observed_distance_m\"":0.005822610800256865,\""quiet_intervals\"":10,\""native_verified\"":false}]""}",docs/go2_development_artifact_retention_2026-09-14.md,/home/andrewknowles/RecoveryStorage/LeWMQuad-v3/.generated/navigation_development_artifacts_v1/go2_publication_repaired_replication_instantaneous_noise_2mm_native_layout01_4800_v1_attempt_001/continuous_native_arrival_evaluation.json,1,1,True,0
go2_publication_repaired_replication_instantaneous_noise_2mm_native_layout02_4800_v1_attempt_001,PACED_NATIVE_PREFIX_COMPLETE,OBSERVED_ROUND_TRIP_CANDIDATE,False,/home/andrewknowles/RecoveryStorage/LeWMQuad-v3/.generated/navigation_development_artifacts_v1/go2_publication_repaired_replication_instantaneous_noise_2mm_native_layout02_4800_v1_attempt_001/result.json,,,"{""status"":""PACED_NATIVE_PREFIX_COMPLETE"",""mission_terminal"":""OBSERVED_ROUND_TRIP_CANDIDATE"",""navigation_success_claimed"":false,""simulation_s"":191.7,""wall_s"":242.685100376,""camera_frames"":1915,""disallowed_contact"":false,""observed_arrivals"":""[{\""phase\"":\""OUTBOUND\"",\""frame\"":924,\""measured_ns\"":93900000000,\""target_initial_body_xy_m\"":[0.0,2.6],\""observed_position_initial_body_xy_m\"":[-0.0018681468692349288,2.5880453594251045],\""observed_distance_m\"":0.012099727434945478,\""quiet_intervals\"":10,\""native_verified\"":false},{\""phase\"":\""RETURN\"",\""frame\"":1913,\""measured_ns\"":192800000000,\""target_initial_body_xy_m\"":[0.0,0.0],\""observed_position_initial_body_xy_m\"":[0.01304997359639361,-0.013194012174909866],\""observed_distance_m\"":0.018557579802825585,\""quiet_intervals\"":10,\""native_verified\"":false}]""}",docs/go2_development_artifact_retention_2026-09-14.md;docs/go2_publication_repaired_navigation_replication_2026-09-16.md,/home/andrewknowles/RecoveryStorage/LeWMQuad-v3/.generated/navigation_development_artifacts_v1/go2_publication_repaired_replication_instantaneous_noise_2mm_native_layout02_4800_v1_attempt_001/continuous_native_arrival_evaluation.json,1,1,True,0
go2_publication_repaired_replication_instantaneous_noise_2mm_native_layout03_4800_v1_attempt_001,FAILURE_RECORD_ONLY,,,,/home/andrewknowles/RecoveryStorage/LeWMQuad-v3/.generated/navigation_development_artifacts_v1/go2_publication_repaired_replication_instantaneous_noise_2mm_native_layout03_4800_v1_attempt_001/failure.json,"RuntimeError('[{\'stage\': \'tracking\', \'reason\': ""ValueError(\'measured visual pose unavailable\')""}]')",{},docs/go2_publication_repaired_navigation_replication_2026-09-16.md,/home/andrewknowles/RecoveryStorage/LeWMQuad-v3/.generated/navigation_development_artifacts_v1/go2_publication_repaired_replication_instantaneous_noise_2mm_native_layout03_4800_v1_attempt_001/continuous_native_arrival_evaluation.json,0,0,False,0
go2_publication_repaired_replication_jepa_noise_2mm_native_layout01_4800_v1_attempt_001,PACED_NATIVE_PREFIX_COMPLETE,MISSION_TICK_BUDGET_EXHAUSTED,False,/home/andrewknowles/RecoveryStorage/LeWMQuad-v3/.generated/navigation_development_artifacts_v1/go2_publication_repaired_replication_jepa_noise_2mm_native_layout01_4800_v1_attempt_001/result.json,,,"{""status"":""PACED_NATIVE_PREFIX_COMPLETE"",""mission_terminal"":""MISSION_TICK_BUDGET_EXHAUSTED"",""navigation_success_claimed"":false,""simulation_s"":480.94,""wall_s"":619.415532324,""camera_frames"":4805,""disallowed_contact"":false,""observed_arrivals"":""[]""}",docs/go2_publication_repaired_navigation_replication_2026-09-16.md,/home/andrewknowles/RecoveryStorage/LeWMQuad-v3/.generated/navigation_development_artifacts_v1/go2_publication_repaired_replication_jepa_noise_2mm_native_layout01_4800_v1_attempt_001/continuous_native_arrival_evaluation.json,0,0,False,0
go2_publication_repaired_replication_jepa_noise_2mm_native_layout02_4800_v1_attempt_001,PACED_NATIVE_PREFIX_COMPLETE,OBSERVED_ROUND_TRIP_CANDIDATE,False,/home/andrewknowles/RecoveryStorage/LeWMQuad-v3/.generated/navigation_development_artifacts_v1/go2_publication_repaired_replication_jepa_noise_2mm_native_layout02_4800_v1_attempt_001/result.json,,,"{""status"":""PACED_NATIVE_PREFIX_COMPLETE"",""mission_terminal"":""OBSERVED_ROUND_TRIP_CANDIDATE"",""navigation_success_claimed"":false,""simulation_s"":184.48,""wall_s"":232.134664121,""camera_frames"":1841,""disallowed_contact"":false,""observed_arrivals"":""[{\""phase\"":\""OUTBOUND\"",\""frame\"":1339,\""measured_ns\"":135400000000,\""target_initial_body_xy_m\"":[0.0,2.6],\""observed_position_initial_body_xy_m\"":[0.010599921183345363,2.584216109344682],\""observed_distance_m\"":0.019012878091235346,\""quiet_intervals\"":10,\""native_verified\"":false},{\""phase\"":\""RETURN\"",\""frame\"":1839,\""measured_ns\"":185400000000,\""target_initial_body_xy_m\"":[0.0,0.0],\""observed_position_initial_body_xy_m\"":[0.015616075404109787,-0.00430450231441274],\""observed_distance_m\"":0.016198473730621266,\""quiet_intervals\"":10,\""native_verified\"":false}]""}",docs/go2_development_artifact_retention_2026-09-14.md;docs/go2_publication_repaired_navigation_replication_2026-09-16.md,/home/andrewknowles/RecoveryStorage/LeWMQuad-v3/.generated/navigation_development_artifacts_v1/go2_publication_repaired_replication_jepa_noise_2mm_native_layout02_4800_v1_attempt_001/continuous_native_arrival_evaluation.json,1,1,True,0
go2_publication_repaired_replication_jepa_noise_2mm_native_layout03_4800_v1_attempt_001,PACED_NATIVE_PREFIX_COMPLETE,OBSERVED_ROUND_TRIP_CANDIDATE,False,/home/andrewknowles/RecoveryStorage/LeWMQuad-v3/.generated/navigation_development_artifacts_v1/go2_publication_repaired_replication_jepa_noise_2mm_native_layout03_4800_v1_attempt_001/result.json,,,"{""status"":""PACED_NATIVE_PREFIX_COMPLETE"",""mission_terminal"":""OBSERVED_ROUND_TRIP_CANDIDATE"",""navigation_success_claimed"":false,""simulation_s"":134.84,""wall_s"":173.747420551,""camera_frames"":1347,""disallowed_contact"":false,""observed_arrivals"":""[{\""phase\"":\""OUTBOUND\"",\""frame\"":860,\""measured_ns\"":87500000000,\""target_initial_body_xy_m\"":[2.6,2.6],\""observed_position_initial_body_xy_m\"":[2.609440808982666,2.587397384504441],\""observed_distance_m\"":0.015746580313709162,\""quiet_intervals\"":10,\""native_verified\"":false},{\""phase\"":\""RETURN\"",\""frame\"":1345,\""measured_ns\"":136000000000,\""target_initial_body_xy_m\"":[0.0,0.0],\""observed_position_initial_body_xy_m\"":[0.0014300897576194748,0.005728472577891762],\""observed_distance_m\"":0.005904282749877925,\""quiet_intervals\"":10,\""native_verified\"":false}]""}",docs/go2_development_artifact_retention_2026-09-14.md;docs/go2_publication_repaired_navigation_replication_2026-09-16.md,/home/andrewknowles/RecoveryStorage/LeWMQuad-v3/.generated/navigation_development_artifacts_v1/go2_publication_repaired_replication_jepa_noise_2mm_native_layout03_4800_v1_attempt_001/continuous_native_arrival_evaluation.json,1,1,True,0
go2_publication_repaired_replication_pose_command_noise_2mm_native_layout02_4800_v1_attempt_001,PACED_NATIVE_PREFIX_COMPLETE,OBSERVED_ROUND_TRIP_CANDIDATE,False,/home/andrewknowles/RecoveryStorage/LeWMQuad-v3/.generated/navigation_development_artifacts_v1/go2_publication_repaired_replication_pose_command_noise_2mm_native_layout02_4800_v1_attempt_001/result.json,,,"{""status"":""PACED_NATIVE_PREFIX_COMPLETE"",""mission_terminal"":""OBSERVED_ROUND_TRIP_CANDIDATE"",""navigation_success_claimed"":false,""simulation_s"":160.88,""wall_s"":204.772515462,""camera_frames"":1607,""disallowed_contact"":false,""observed_arrivals"":""[{\""phase\"":\""OUTBOUND\"",\""frame\"":1121,\""measured_ns\"":113600000000,\""target_initial_body_xy_m\"":[0.0,2.6],\""observed_position_initial_body_xy_m\"":[-0.0008859879507924961,2.582618523171664],\""observed_distance_m\"":0.01740404296084502,\""quiet_intervals\"":10,\""native_verified\"":false},{\""phase\"":\""RETURN\"",\""frame\"":1605,\""measured_ns\"":162000000000,\""target_initial_body_xy_m\"":[0.0,0.0],\""observed_position_initial_body_xy_m\"":[-0.0004710191559117423,-0.011819841099307999],\""observed_distance_m\"":0.011829222402936143,\""quiet_intervals\"":10,\""native_verified\"":false}]""}",docs/go2_development_artifact_retention_2026-09-14.md;docs/go2_publication_repaired_navigation_replication_2026-09-16.md,/home/andrewknowles/RecoveryStorage/LeWMQuad-v3/.generated/navigation_development_artifacts_v1/go2_publication_repaired_replication_pose_command_noise_2mm_native_layout02_4800_v1_attempt_001/continuous_native_arrival_evaluation.json,1,1,True,0
go2_publication_repaired_replication_pose_command_noise_2mm_native_layout03_4800_v1_attempt_001,PACED_NATIVE_PREFIX_COMPLETE,OBSERVED_ROUND_TRIP_CANDIDATE,False,/home/andrewknowles/RecoveryStorage/LeWMQuad-v3/.generated/navigation_development_artifacts_v1/go2_publication_repaired_replication_pose_command_noise_2mm_native_layout03_4800_v1_attempt_001/result.json,,,"{""status"":""PACED_NATIVE_PREFIX_COMPLETE"",""mission_terminal"":""OBSERVED_ROUND_TRIP_CANDIDATE"",""navigation_success_claimed"":false,""simulation_s"":135.26,""wall_s"":174.144637448,""camera_frames"":1351,""disallowed_contact"":false,""observed_arrivals"":""[{\""phase\"":\""OUTBOUND\"",\""frame\"":896,\""measured_ns\"":91100000000,\""target_initial_body_xy_m\"":[2.6,2.6],\""observed_position_initial_body_xy_m\"":[2.6030543410048157,2.5889479283588597],\""observed_distance_m\"":0.011466354544256784,\""quiet_intervals\"":10,\""native_verified\"":false},{\""phase\"":\""RETURN\"",\""frame\"":1349,\""measured_ns\"":136400000000,\""target_initial_body_xy_m\"":[0.0,0.0],\""observed_position_initial_body_xy_m\"":[0.010180837325417602,-0.00025129320214300994],\""observed_distance_m\"":0.01018393818324029,\""quiet_intervals\"":10,\""native_verified\"":false}]""}",docs/go2_development_artifact_retention_2026-09-14.md;docs/go2_publication_repaired_navigation_replication_2026-09-16.md,/home/andrewknowles/RecoveryStorage/LeWMQuad-v3/.generated/navigation_development_artifacts_v1/go2_publication_repaired_replication_pose_command_noise_2mm_native_layout03_4800_v1_attempt_001/continuous_native_arrival_evaluation.json,1,1,True,0
go2_publication_repaired_replication_reactive_feedback_noise_2mm_native_layout02_4800_v1_attempt_001,PACED_NATIVE_PREFIX_COMPLETE,OBSERVED_ROUND_TRIP_CANDIDATE,False,/home/andrewknowles/RecoveryStorage/LeWMQuad-v3/.generated/navigation_development_artifacts_v1/go2_publication_repaired_replication_reactive_feedback_noise_2mm_native_layout02_4800_v1_attempt_001/result.json,,,"{""status"":""PACED_NATIVE_PREFIX_COMPLETE"",""mission_terminal"":""OBSERVED_ROUND_TRIP_CANDIDATE"",""navigation_success_claimed"":false,""simulation_s"":177.76,""wall_s"":224.006186169,""camera_frames"":1775,""disallowed_contact"":false,""observed_arrivals"":""[{\""phase\"":\""OUTBOUND\"",\""frame\"":1293,\""measured_ns\"":130800000000,\""target_initial_body_xy_m\"":[0.0,2.6],\""observed_position_initial_body_xy_m\"":[-0.0014950628715719293,2.602271509865776],\""observed_distance_m\"":0.0027193694232798523,\""quiet_intervals\"":10,\""native_verified\"":false},{\""phase\"":\""RETURN\"",\""frame\"":1773,\""measured_ns\"":178800000000,\""target_initial_body_xy_m\"":[0.0,0.0],\""observed_position_initial_body_xy_m\"":[-0.0006443665515132968,0.003113555127957197],\""observed_distance_m\"":0.003179533580187147,\""quiet_intervals\"":10,\""native_verified\"":false}]""}",docs/go2_development_artifact_retention_2026-09-14.md;docs/go2_publication_repaired_navigation_replication_2026-09-16.md,/home/andrewknowles/RecoveryStorage/LeWMQuad-v3/.generated/navigation_development_artifacts_v1/go2_publication_repaired_replication_reactive_feedback_noise_2mm_native_layout02_4800_v1_attempt_001/continuous_native_arrival_evaluation.json,1,1,True,0
go2_publication_repaired_replication_reactive_feedback_noise_2mm_native_layout03_4800_v1_attempt_001,PACED_NATIVE_PREFIX_COMPLETE,OBSERVED_ROUND_TRIP_CANDIDATE,False,/home/andrewknowles/RecoveryStorage/LeWMQuad-v3/.generated/navigation_development_artifacts_v1/go2_publication_repaired_replication_reactive_feedback_noise_2mm_native_layout03_4800_v1_attempt_001/result.json,,,"{""status"":""PACED_NATIVE_PREFIX_COMPLETE"",""mission_terminal"":""OBSERVED_ROUND_TRIP_CANDIDATE"",""navigation_success_claimed"":false,""simulation_s"":184.78,""wall_s"":238.693766165,""camera_frames"":1846,""disallowed_contact"":false,""observed_arrivals"":""[{\""phase\"":\""OUTBOUND\"",\""frame\"":1364,\""measured_ns\"":137900000000,\""target_initial_body_xy_m\"":[2.6,2.6],\""observed_position_initial_body_xy_m\"":[2.595634125198349,2.5916695592085164],\""observed_distance_m\"":0.009405163824416215,\""quiet_intervals\"":10,\""native_verified\"":false},{\""phase\"":\""RETURN\"",\""frame\"":1844,\""measured_ns\"":185900000000,\""target_initial_body_xy_m\"":[0.0,0.0],\""observed_position_initial_body_xy_m\"":[0.01760023579907084,0.005552979782102107],\""observed_distance_m\"":0.01845545677146273,\""quiet_intervals\"":10,\""native_verified\"":false}]""}",docs/go2_development_artifact_retention_2026-09-14.md;docs/go2_publication_repaired_navigation_replication_2026-09-16.md,/home/andrewknowles/RecoveryStorage/LeWMQuad-v3/.generated/navigation_development_artifacts_v1/go2_publication_repaired_replication_reactive_feedback_noise_2mm_native_layout03_4800_v1_attempt_001/continuous_native_arrival_evaluation.json,1,1,True,0
go2_publication_repaired_replication_readout_v1_attempt_001,COMPLETE,,,/home/andrewknowles/RecoveryStorage/LeWMQuad-v3/.generated/navigation_development_artifacts_v1/go2_publication_repaired_replication_readout_v1_attempt_001/result.json,,,"{""status"":""COMPLETE""}",docs/go2_publication_repaired_navigation_replication_2026-09-16.md;docs/go2_publication_repaired_navigation_replication_complete_result_2026-09-17.md,,,,,
go2_publication_repaired_replication_supervised_rollout_noise_2mm_native_layout02_4800_v1_attempt_001,PACED_NATIVE_PREFIX_COMPLETE,OBSERVED_ROUND_TRIP_CANDIDATE,False,/home/andrewknowles/RecoveryStorage/LeWMQuad-v3/.generated/navigation_development_artifacts_v1/go2_publication_repaired_replication_supervised_rollout_noise_2mm_native_layout02_4800_v1_attempt_001/result.json,,,"{""status"":""PACED_NATIVE_PREFIX_COMPLETE"",""mission_terminal"":""OBSERVED_ROUND_TRIP_CANDIDATE"",""navigation_success_claimed"":false,""simulation_s"":146.02,""wall_s"":184.133942548,""camera_frames"":1458,""disallowed_contact"":false,""observed_arrivals"":""[{\""phase\"":\""OUTBOUND\"",\""frame\"":849,\""measured_ns\"":86400000000,\""target_initial_body_xy_m\"":[0.0,2.6],\""observed_position_initial_body_xy_m\"":[-0.003538941964260984,2.588064079295656],\""observed_distance_m\"":0.012449510564146617,\""quiet_intervals\"":10,\""native_verified\"":false},{\""phase\"":\""RETURN\"",\""frame\"":1456,\""measured_ns\"":147100000000,\""target_initial_body_xy_m\"":[0.0,0.0],\""observed_position_initial_body_xy_m\"":[0.015556297926227767,-0.002349333540242314],\""observed_distance_m\"":0.015732697583468187,\""quiet_intervals\"":10,\""native_verified\"":false}]""}",docs/go2_development_artifact_retention_2026-09-14.md;docs/go2_publication_repaired_navigation_replication_2026-09-16.md,/home/andrewknowles/RecoveryStorage/LeWMQuad-v3/.generated/navigation_development_artifacts_v1/go2_publication_repaired_replication_supervised_rollout_noise_2mm_native_layout02_4800_v1_attempt_001/continuous_native_arrival_evaluation.json,1,1,True,0
go2_publication_repaired_replication_supervised_rollout_noise_2mm_native_layout03_4800_v1_attempt_001,PACED_NATIVE_PREFIX_COMPLETE,OBSERVED_ROUND_TRIP_CANDIDATE,False,/home/andrewknowles/RecoveryStorage/LeWMQuad-v3/.generated/navigation_development_artifacts_v1/go2_publication_repaired_replication_supervised_rollout_noise_2mm_native_layout03_4800_v1_attempt_001/result.json,,,"{""status"":""PACED_NATIVE_PREFIX_COMPLETE"",""mission_terminal"":""OBSERVED_ROUND_TRIP_CANDIDATE"",""navigation_success_claimed"":false,""simulation_s"":164.24,""wall_s"":211.387431796,""camera_frames"":1638,""disallowed_contact"":false,""observed_arrivals"":""[{\""phase\"":\""OUTBOUND\"",\""frame\"":928,\""measured_ns\"":94300000000,\""target_initial_body_xy_m\"":[2.6,2.6],\""observed_position_initial_body_xy_m\"":[2.5841368643571205,2.6071381798642363],\""observed_distance_m\"":0.01739519141023127,\""quiet_intervals\"":10,\""native_verified\"":false},{\""phase\"":\""RETURN\"",\""frame\"":1635,\""measured_ns\"":165000000000,\""target_initial_body_xy_m\"":[0.0,0.0],\""observed_position_initial_body_xy_m\"":[-0.011968517939365026,-0.008983893140398906],\""observed_distance_m\"":0.014965151440029231,\""quiet_intervals\"":10,\""native_verified\"":false}]""}",docs/go2_development_artifact_retention_2026-09-14.md;docs/go2_publication_repaired_navigation_replication_2026-09-16.md,/home/andrewknowles/RecoveryStorage/LeWMQuad-v3/.generated/navigation_development_artifacts_v1/go2_publication_repaired_replication_supervised_rollout_noise_2mm_native_layout03_4800_v1_attempt_001/continuous_native_arrival_evaluation.json,1,1,True,0
go2_radeonsi_mesh_quantization_diagnosis_v1_attempt_001,RADEONSI_MESH_QUANTIZATION_DIAGNOSIS_COMPLETE,,,/home/andrewknowles/RecoveryStorage/LeWMQuad-v3/.generated/navigation_development_artifacts_v1/go2_radeonsi_mesh_quantization_diagnosis_v1_attempt_001/result.json,,,"{""status"":""RADEONSI_MESH_QUANTIZATION_DIAGNOSIS_COMPLETE""}",docs/go2_radeonsi_mesh_quantization_diagnosis_v1_2026-09-09.md;docs/go2_radeonsi_mesh_quantization_result_2026-09-09.md,,,,,
go2_raw_depth_terminal_pulse_fine_goal_learned_round_trip_native_layout06_4800_v1_attempt_001,PACED_NATIVE_PREFIX_COMPLETE,MISSION_TICK_BUDGET_EXHAUSTED,False,/home/andrewknowles/RecoveryStorage/LeWMQuad-v3/.generated/navigation_development_artifacts_v1/go2_raw_depth_terminal_pulse_fine_goal_learned_round_trip_native_layout06_4800_v1_attempt_001/result.json,,,"{""status"":""PACED_NATIVE_PREFIX_COMPLETE"",""mission_terminal"":""MISSION_TICK_BUDGET_EXHAUSTED"",""navigation_success_claimed"":false,""simulation_s"":481.02,""wall_s"":481.874202617,""camera_frames"":4805,""disallowed_contact"":false,""observed_arrivals"":""[{\""phase\"":\""OUTBOUND\"",\""frame\"":1499,\""measured_ns\"":151400000000,\""target_initial_body_xy_m\"":[0.0,1.3],\""observed_position_initial_body_xy_m\"":[-0.0062111599987079566,1.3184542761798166],\""observed_distance_m\"":0.019471487304530542,\""quiet_intervals\"":10,\""native_verified\"":false}]""}",docs/go2_development_artifact_retention_2026-09-14.md;docs/go2_raw_depth_archive_and_full_pulse_trial_2026-09-14.md,/home/andrewknowles/RecoveryStorage/LeWMQuad-v3/.generated/navigation_development_artifacts_v1/go2_raw_depth_terminal_pulse_fine_goal_learned_round_trip_native_layout06_4800_v1_attempt_001/continuous_native_arrival_evaluation.json,1,0,False,0
go2_reached_frontier_maze03_native_wait_v1_attempt_001,REACHED_FRONTIER_MAZE03_NATIVE_WAIT_COMPLETE,,,/home/andrewknowles/RecoveryStorage/LeWMQuad-v3/.generated/navigation_development_artifacts_v1/go2_reached_frontier_maze03_native_wait_v1_attempt_001/result.json,,,"{""status"":""REACHED_FRONTIER_MAZE03_NATIVE_WAIT_COMPLETE""}",docs/go2_adapter_native_and_frontier_replay_execution_2026-09-10.md;docs/go2_reached_frontier_maze03_native_wait_v1_2026-09-10.md;docs/go2_reached_frontier_maze03_prefix_result_2026-09-10.md,,,,,
go2_reached_frontier_maze03_pilot_v1_attempt_001,REACHED_FRONTIER_MAZE03_PILOT_V1_COMPLETE,,,/home/andrewknowles/RecoveryStorage/LeWMQuad-v3/.generated/navigation_development_artifacts_v1/go2_reached_frontier_maze03_pilot_v1_attempt_001/result.json,,,"{""status"":""REACHED_FRONTIER_MAZE03_PILOT_V1_COMPLETE"",""wall_s"":1348.4396058041602}",docs/go2_reached_frontier_maze03_native_wait_v1_2026-09-10.md;docs/go2_reached_frontier_maze03_pilot_v1_2026-09-10.md,,,,,
go2_reached_frontier_maze03_prefix_v1_attempt_001,REACHED_FRONTIER_MAZE03_PREFIX_V1_COMPLETE,,,/home/andrewknowles/RecoveryStorage/LeWMQuad-v3/.generated/navigation_development_artifacts_v1/go2_reached_frontier_maze03_prefix_v1_attempt_001/result.json,,,"{""status"":""REACHED_FRONTIER_MAZE03_PREFIX_V1_COMPLETE"",""wall_s"":1064.8581588999368}",docs/go2_adapter_native_and_frontier_replay_execution_2026-09-10.md;docs/go2_reached_frontier_maze03_prefix_result_2026-09-10.md;docs/go2_reached_frontier_maze03_prefix_v1_2026-09-10.md,,,,,
go2_reactive_connector_maze_pilot_v1_attempt_001,REACTIVE_CONNECTOR_MAZE_PILOT_COMPLETE,,,/home/andrewknowles/RecoveryStorage/LeWMQuad-v3/.generated/navigation_development_artifacts_v1/go2_reactive_connector_maze_pilot_v1_attempt_001/result.json,,,"{""status"":""REACTIVE_CONNECTOR_MAZE_PILOT_COMPLETE"",""wall_s"":418.62993654678576}",docs/go2_novel_maze_round_trip_pilot_status_2026-09-08.md;docs/go2_reactive_connector_maze_pilot_result_2026-09-08.md;docs/go2_reactive_connector_maze_pilot_v1_2026-09-08.md,,,,,
go2_reactive_connector_maze_readout_v1_attempt_001,REACTIVE_CONNECTOR_MAZE_READOUT_COMPLETE,,,/home/andrewknowles/RecoveryStorage/LeWMQuad-v3/.generated/navigation_development_artifacts_v1/go2_reactive_connector_maze_readout_v1_attempt_001/result.json,,,"{""status"":""REACTIVE_CONNECTOR_MAZE_READOUT_COMPLETE""}",docs/go2_reactive_connector_maze_pilot_result_2026-09-08.md;docs/go2_reactive_connector_maze_readout_v1_2026-09-08.md,,,,,
go2_reactive_connector_route_prefix_v1_attempt_001,REACTIVE_CONNECTOR_ROUTE_PREFIX_COMPLETE,,,/home/andrewknowles/RecoveryStorage/LeWMQuad-v3/.generated/navigation_development_artifacts_v1/go2_reactive_connector_route_prefix_v1_attempt_001/result.json,,,"{""status"":""REACTIVE_CONNECTOR_ROUTE_PREFIX_COMPLETE"",""wall_s"":55.3294493178837}",docs/go2_novel_maze_round_trip_pilot_status_2026-09-08.md;docs/go2_reactive_connector_route_prefix_result_2026-09-08.md;docs/go2_reactive_connector_route_prefix_v1_2026-09-08.md,,,,,
go2_reactive_floor_transport_maze_pilot_v1_attempt_001,REACTIVE_FLOOR_TRANSPORT_MAZE_PILOT_V1_COMPLETE,,,/home/andrewknowles/RecoveryStorage/LeWMQuad-v3/.generated/navigation_development_artifacts_v1/go2_reactive_floor_transport_maze_pilot_v1_attempt_001/result.json,,,"{""status"":""REACTIVE_FLOOR_TRANSPORT_MAZE_PILOT_V1_COMPLETE"",""wall_s"":911.3410807489417}",docs/go2_reactive_floor_transport_maze_pilot_result_2026-09-09.md;docs/go2_reactive_floor_transport_maze_pilot_v1_2026-09-09.md,,,,,
go2_reactive_floor_transport_maze_readout_v1_attempt_001,REACTIVE_FLOOR_TRANSPORT_MAZE_READOUT_V1_COMPLETE,,,/home/andrewknowles/RecoveryStorage/LeWMQuad-v3/.generated/navigation_development_artifacts_v1/go2_reactive_floor_transport_maze_readout_v1_attempt_001/result.json,,,"{""status"":""REACTIVE_FLOOR_TRANSPORT_MAZE_READOUT_V1_COMPLETE""}",docs/go2_reactive_floor_transport_maze_readout_v1_2026-09-09.md;docs/go2_reactive_floor_transport_readout_result_2026-09-09.md,,,,,
go2_reactive_floor_transport_prefix_v1_attempt_001,REACTIVE_FLOOR_TRANSPORT_PREFIX_V1_COMPLETE,,,/home/andrewknowles/RecoveryStorage/LeWMQuad-v3/.generated/navigation_development_artifacts_v1/go2_reactive_floor_transport_prefix_v1_attempt_001/result.json,,,"{""status"":""REACTIVE_FLOOR_TRANSPORT_PREFIX_V1_COMPLETE"",""wall_s"":17.50951999402605}",docs/go2_reactive_floor_transport_prefix_result_2026-09-09.md;docs/go2_reactive_floor_transport_prefix_v1_2026-09-09.md,,,,,
go2_reactive_measured_plane_maze02_v1_attempt_001,REACTIVE_MEASURED_PLANE_MAZE02_V1_COMPLETE,,,/home/andrewknowles/RecoveryStorage/LeWMQuad-v3/.generated/navigation_development_artifacts_v1/go2_reactive_measured_plane_maze02_v1_attempt_001/result.json,,,"{""status"":""REACTIVE_MEASURED_PLANE_MAZE02_V1_COMPLETE"",""wall_s"":798.8977293609641}",docs/go2_measured_plane_three_arm_native_comparison_2026-09-12.md;docs/go2_nominal_measured_plane_completed_native_result_2026-09-12.md;docs/go2_reactive_measured_plane_maze02_v1_2026-09-11.md,,,,,
go2_reactive_measured_plane_native_wait_v1_attempt_001,REACTIVE_MEASURED_PLANE_NATIVE_WAIT_V1_COMPLETE,,,/home/andrewknowles/RecoveryStorage/LeWMQuad-v3/.generated/navigation_development_artifacts_v1/go2_reactive_measured_plane_native_wait_v1_attempt_001/result.json,,,"{""status"":""REACTIVE_MEASURED_PLANE_NATIVE_WAIT_V1_COMPLETE""}",docs/go2_measured_plane_reactive_comparison_progress_2026-09-11.md;docs/go2_measured_plane_three_arm_native_comparison_2026-09-12.md;docs/go2_reactive_measured_plane_native_wait_v1_2026-09-11.md,,,,,
go2_reactive_nominal_maze_pilot_v1_attempt_001,REACTIVE_NOMINAL_MAZE_PILOT_COMPLETE,,,/home/andrewknowles/RecoveryStorage/LeWMQuad-v3/.generated/navigation_development_artifacts_v1/go2_reactive_nominal_maze_pilot_v1_attempt_001/result.json,,,"{""status"":""REACTIVE_NOMINAL_MAZE_PILOT_COMPLETE"",""wall_s"":244.11510136094876}",docs/go2_novel_maze_round_trip_pilot_status_2026-09-08.md;docs/go2_reactive_nominal_maze_pilot_result_2026-09-08.md;docs/go2_reactive_nominal_maze_pilot_v1_2026-09-08.md,,,,,
go2_reactive_nominal_maze_readout_v1_attempt_001,REACTIVE_NOMINAL_MAZE_READOUT_COMPLETE,,,/home/andrewknowles/RecoveryStorage/LeWMQuad-v3/.generated/navigation_development_artifacts_v1/go2_reactive_nominal_maze_readout_v1_attempt_001/result.json,,,"{""status"":""REACTIVE_NOMINAL_MAZE_READOUT_COMPLETE""}",docs/go2_reactive_nominal_maze_pilot_result_2026-09-08.md;docs/go2_reactive_nominal_maze_readout_v1_2026-09-08.md,,,,,
go2_reactive_nominal_route_prefix_v1_attempt_001,REACTIVE_NOMINAL_ROUTE_PREFIX_COMPLETE,,,/home/andrewknowles/RecoveryStorage/LeWMQuad-v3/.generated/navigation_development_artifacts_v1/go2_reactive_nominal_route_prefix_v1_attempt_001/result.json,,,"{""status"":""REACTIVE_NOMINAL_ROUTE_PREFIX_COMPLETE"",""wall_s"":15.987856182036921}",docs/go2_reactive_nominal_route_prefix_result_2026-09-08.md;docs/go2_reactive_nominal_route_prefix_v1_2026-09-08.md,,,,,
go2_reactive_observed_route_prefix_v1_attempt_001,REACTIVE_OBSERVED_ROUTE_PREFIX_COMPLETE,,,/home/andrewknowles/RecoveryStorage/LeWMQuad-v3/.generated/navigation_development_artifacts_v1/go2_reactive_observed_route_prefix_v1_attempt_001/result.json,,,"{""status"":""REACTIVE_OBSERVED_ROUTE_PREFIX_COMPLETE"",""wall_s"":13.9632920359727}",docs/go2_reactive_observed_route_prefix_result_2026-09-08.md;docs/go2_reactive_observed_route_prefix_v1_2026-09-08.md,,,,,
go2_receipt_copied_anchored_prefix_v1_attempt_001,RECEIPT_COPIED_ANCHORED_PREFIX_V1_COMPLETE,,,/home/andrewknowles/RecoveryStorage/LeWMQuad-v3/.generated/navigation_development_artifacts_v1/go2_receipt_copied_anchored_prefix_v1_attempt_001/result.json,,,"{""status"":""RECEIPT_COPIED_ANCHORED_PREFIX_V1_COMPLETE"",""wall_s"":1720.9438680550084}",docs/go2_receipt_copied_anchored_execution_2026-09-10.md;docs/go2_receipt_copied_anchored_prefix_result_2026-09-10.md;docs/go2_receipt_copied_anchored_v1_2026-09-10.md,,,,,
go2_receipt_copied_controller_benchmark_v1_attempt_001,RECEIPT_COPIED_CONTROLLER_BENCHMARK_V1_COMPLETE,,,/home/andrewknowles/RecoveryStorage/LeWMQuad-v3/.generated/navigation_development_artifacts_v1/go2_receipt_copied_controller_benchmark_v1_attempt_001/result.json,,,"{""status"":""RECEIPT_COPIED_CONTROLLER_BENCHMARK_V1_COMPLETE"",""wall_s"":983.4213553068694}",docs/go2_receipt_copied_controller_benchmark_result_2026-09-09.md;docs/go2_receipt_copied_controller_benchmark_v1_2026-09-09.md,,,,,
go2_receipt_copied_footprint_late_history_v1_attempt_001,RECEIPT_COPIED_FOOTPRINT_LATE_HISTORY_V1_COMPLETE,,,/home/andrewknowles/RecoveryStorage/LeWMQuad-v3/.generated/navigation_development_artifacts_v1/go2_receipt_copied_footprint_late_history_v1_attempt_001/result.json,,,"{""status"":""RECEIPT_COPIED_FOOTPRINT_LATE_HISTORY_V1_COMPLETE"",""wall_s"":2278.554932588944}",docs/go2_receipt_copied_footprint_execution_result_2026-09-11.md;docs/go2_receipt_copied_footprint_late_history_v1_2026-09-11.md,,,,,
go2_receipt_copy_benchmark_v1_attempt_001,RECEIPT_COPY_BENCHMARK_COMPLETE,,,/home/andrewknowles/RecoveryStorage/LeWMQuad-v3/.generated/navigation_development_artifacts_v1/go2_receipt_copy_benchmark_v1_attempt_001/result.json,,,"{""status"":""RECEIPT_COPY_BENCHMARK_COMPLETE""}",docs/go2_frame_cache_and_copy_progress_2026-09-09.md;docs/go2_receipt_copy_benchmark_v1_2026-09-09.md,,,,,
go2_recent_qualified_anchor_maze01_pilot_v1_attempt_001,RECENT_QUALIFIED_ANCHOR_MAZE01_PILOT_V1_COMPLETE,,,/home/andrewknowles/RecoveryStorage/LeWMQuad-v3/.generated/navigation_development_artifacts_v1/go2_recent_qualified_anchor_maze01_pilot_v1_attempt_001/result.json,,,"{""status"":""RECENT_QUALIFIED_ANCHOR_MAZE01_PILOT_V1_COMPLETE"",""wall_s"":4627.418683279073}",docs/go2_recent_qualified_anchor_maze01_pilot_v1_2026-09-09.md;docs/go2_recent_qualified_anchor_maze01_result_2026-09-10.md,,,,,
go2_recent_qualified_anchor_prefix_v1_attempt_001,RECENT_QUALIFIED_ANCHOR_PREFIX_V1_COMPLETE,,,/home/andrewknowles/RecoveryStorage/LeWMQuad-v3/.generated/navigation_development_artifacts_v1/go2_recent_qualified_anchor_prefix_v1_attempt_001/result.json,,,"{""status"":""RECENT_QUALIFIED_ANCHOR_PREFIX_V1_COMPLETE"",""wall_s"":944.7785881080199}",docs/go2_novel_maze_round_trip_pilot_status_2026-09-08.md;docs/go2_recent_qualified_anchor_maze01_pilot_v1_2026-09-09.md;docs/go2_recent_qualified_anchor_prefix_result_2026-09-09.md;docs/go2_recent_qualified_anchor_prefix_v1_2026-09-09.md,,,,,
go2_recent_qualified_direct_flow_maze03_pilot_v1_attempt_001,RECENT_QUALIFIED_DIRECT_FLOW_MAZE03_PILOT_V1_COMPLETE,,,/home/andrewknowles/RecoveryStorage/LeWMQuad-v3/.generated/navigation_development_artifacts_v1/go2_recent_qualified_direct_flow_maze03_pilot_v1_attempt_001/result.json,,,"{""status"":""RECENT_QUALIFIED_DIRECT_FLOW_MAZE03_PILOT_V1_COMPLETE"",""wall_s"":8882.640957244905}",docs/go2_independent_round_trip_population_readout_result_2026-09-10.md;docs/go2_recent_qualified_direct_flow_maze03_pilot_v1_2026-09-10.md,,,,,
go2_recent_qualified_direct_flow_maze03_prefix_v1_attempt_001,RECENT_QUALIFIED_DIRECT_FLOW_MAZE03_PREFIX_V1_COMPLETE,,,/home/andrewknowles/RecoveryStorage/LeWMQuad-v3/.generated/navigation_development_artifacts_v1/go2_recent_qualified_direct_flow_maze03_prefix_v1_attempt_001/result.json,,,"{""status"":""RECENT_QUALIFIED_DIRECT_FLOW_MAZE03_PREFIX_V1_COMPLETE"",""wall_s"":1346.1751280180179}",docs/go2_recent_qualified_direct_flow_maze03_pilot_v1_2026-09-10.md;docs/go2_recent_qualified_direct_flow_maze03_prefix_result_2026-09-10.md;docs/go2_recent_qualified_direct_flow_maze03_prefix_v1_2026-09-10.md,,,,,
go2_recent_qualified_maze03_frontier_stagnation_v1_attempt_001,RECENT_QUALIFIED_MAZE03_FRONTIER_STAGNATION_COMPLETE,,,/home/andrewknowles/RecoveryStorage/LeWMQuad-v3/.generated/navigation_development_artifacts_v1/go2_recent_qualified_maze03_frontier_stagnation_v1_attempt_001/result.json,,,"{""status"":""RECENT_QUALIFIED_MAZE03_FRONTIER_STAGNATION_COMPLETE"",""observed_arrivals"":""[]""}",docs/go2_recent_qualified_maze03_frontier_stagnation_result_2026-09-10.md,,,,,
go2_recent_reference_refresh_comparison_layout00_v1_attempt_001,RESULT_RECORDED,,,/home/andrewknowles/RecoveryStorage/LeWMQuad-v3/.generated/navigation_development_artifacts_v1/go2_recent_reference_refresh_comparison_layout00_v1_attempt_001/result.json,,,{},docs/go2_recent_anchored_reference_refresh_hypothesis_2026-09-14.md,,,,,
go2_recent_reference_refresh_four_layout_summary_v1_attempt_001,RESULT_RECORDED,,,/home/andrewknowles/RecoveryStorage/LeWMQuad-v3/.generated/navigation_development_artifacts_v1/go2_recent_reference_refresh_four_layout_summary_v1_attempt_001/result.json,,,{},docs/go2_recent_anchored_reference_refresh_hypothesis_2026-09-14.md,,,,,
go2_recent_reference_refresh_reactive_native_layout00_4800_v1_attempt_001,PACED_NATIVE_PREFIX_COMPLETE,OBSERVED_ROUND_TRIP_CANDIDATE,False,/home/andrewknowles/RecoveryStorage/LeWMQuad-v3/.generated/navigation_development_artifacts_v1/go2_recent_reference_refresh_reactive_native_layout00_4800_v1_attempt_001/result.json,,,"{""status"":""PACED_NATIVE_PREFIX_COMPLETE"",""mission_terminal"":""OBSERVED_ROUND_TRIP_CANDIDATE"",""navigation_success_claimed"":false,""simulation_s"":272.06,""wall_s"":272.411583485,""camera_frames"":2718,""disallowed_contact"":false,""observed_arrivals"":""[{\""phase\"":\""OUTBOUND\"",\""frame\"":1864,\""measured_ns\"":187900000000,\""target_initial_body_xy_m\"":[0.0,-1.3],\""observed_position_initial_body_xy_m\"":[-0.0011137066134354278,-1.2930628500149286],\""observed_distance_m\"":0.007025979813249292,\""quiet_intervals\"":10,\""native_verified\"":false},{\""phase\"":\""RETURN\"",\""frame\"":2716,\""measured_ns\"":273100000000,\""target_initial_body_xy_m\"":[0.0,0.0],\""observed_position_initial_body_xy_m\"":[-0.0008988923983449758,0.00284196683446374],\""observed_distance_m\"":0.00298073531733266,\""quiet_intervals\"":10,\""native_verified\"":false}]""}",docs/go2_development_artifact_retention_2026-09-14.md,/home/andrewknowles/RecoveryStorage/LeWMQuad-v3/.generated/navigation_development_artifacts_v1/go2_recent_reference_refresh_reactive_native_layout00_4800_v1_attempt_001/continuous_native_arrival_evaluation.json,1,1,True,0
go2_recent_reference_refresh_reactive_native_layout03_4800_v1_attempt_001,PACED_NATIVE_PREFIX_COMPLETE,OBSERVED_ROUND_TRIP_CANDIDATE,False,/home/andrewknowles/RecoveryStorage/LeWMQuad-v3/.generated/navigation_development_artifacts_v1/go2_recent_reference_refresh_reactive_native_layout03_4800_v1_attempt_001/result.json,,,"{""status"":""PACED_NATIVE_PREFIX_COMPLETE"",""mission_terminal"":""OBSERVED_ROUND_TRIP_CANDIDATE"",""navigation_success_claimed"":false,""simulation_s"":205.76,""wall_s"":205.862026247,""camera_frames"":2053,""disallowed_contact"":false,""observed_arrivals"":""[{\""phase\"":\""OUTBOUND\"",\""frame\"":1445,\""measured_ns\"":146000000000,\""target_initial_body_xy_m\"":[0.0,1.3],\""observed_position_initial_body_xy_m\"":[0.007997792104479425,1.2952975311802255],\""observed_distance_m\"":0.009277817175792223,\""quiet_intervals\"":10,\""native_verified\"":false},{\""phase\"":\""RETURN\"",\""frame\"":2051,\""measured_ns\"":206600000000,\""target_initial_body_xy_m\"":[0.0,0.0],\""observed_position_initial_body_xy_m\"":[-0.00210320979584539,0.006624804001858951],\""observed_distance_m\"":0.006950648855206712,\""quiet_intervals\"":10,\""native_verified\"":false}]""}",docs/go2_development_artifact_retention_2026-09-14.md,/home/andrewknowles/RecoveryStorage/LeWMQuad-v3/.generated/navigation_development_artifacts_v1/go2_recent_reference_refresh_reactive_native_layout03_4800_v1_attempt_001/continuous_native_arrival_evaluation.json,1,1,True,0
go2_recovery_repaired_replication_jepa_noise_2mm_native_layout00_4800_v1_attempt_001,PACED_NATIVE_PREFIX_COMPLETE,OBSERVED_ROUND_TRIP_CANDIDATE,False,/home/andrewknowles/RecoveryStorage/LeWMQuad-v3/.generated/navigation_development_artifacts_v1/go2_recovery_repaired_replication_jepa_noise_2mm_native_layout00_4800_v1_attempt_001/result.json,,,"{""status"":""PACED_NATIVE_PREFIX_COMPLETE"",""mission_terminal"":""OBSERVED_ROUND_TRIP_CANDIDATE"",""navigation_success_claimed"":false,""simulation_s"":175.66,""wall_s"":222.851499638,""camera_frames"":1755,""disallowed_contact"":false,""observed_arrivals"":""[{\""phase\"":\""OUTBOUND\"",\""frame\"":1163,\""measured_ns\"":117800000000,\""target_initial_body_xy_m\"":[0.0,1.3],\""observed_position_initial_body_xy_m\"":[-0.0024746664130562966,1.2823399878232067],\""observed_distance_m\"":0.0178325546106103,\""quiet_intervals\"":10,\""native_verified\"":false},{\""phase\"":\""RETURN\"",\""frame\"":1753,\""measured_ns\"":176800000000,\""target_initial_body_xy_m\"":[0.0,0.0],\""observed_position_initial_body_xy_m\"":[0.01850711062272652,-0.0014220881689251382],\""observed_distance_m\"":0.018561666906881873,\""quiet_intervals\"":10,\""native_verified\"":false}]""}",docs/go2_development_artifact_retention_2026-09-14.md,/home/andrewknowles/RecoveryStorage/LeWMQuad-v3/.generated/navigation_development_artifacts_v1/go2_recovery_repaired_replication_jepa_noise_2mm_native_layout00_4800_v1_attempt_001/continuous_native_arrival_evaluation.json,1,1,True,0
go2_recovery_repaired_replication_readout_v1_attempt_001,INTERRUPTED_FOR_SHARED_RUNTIME_DEFECT,,,/home/andrewknowles/RecoveryStorage/LeWMQuad-v3/.generated/navigation_development_artifacts_v1/go2_recovery_repaired_replication_readout_v1_attempt_001/result.json,,,"{""status"":""INTERRUPTED_FOR_SHARED_RUNTIME_DEFECT""}",docs/go2_recovery_repaired_navigation_replication_2026-09-16.md,,,,,
go2_recovery_repaired_replication_supervised_rollout_noise_2mm_native_layout00_4800_v1_attempt_001,PACED_NATIVE_PREFIX_COMPLETE,OBSERVED_ROUND_TRIP_CANDIDATE,False,/home/andrewknowles/RecoveryStorage/LeWMQuad-v3/.generated/navigation_development_artifacts_v1/go2_recovery_repaired_replication_supervised_rollout_noise_2mm_native_layout00_4800_v1_attempt_001/result.json,,,"{""status"":""PACED_NATIVE_PREFIX_COMPLETE"",""mission_terminal"":""OBSERVED_ROUND_TRIP_CANDIDATE"",""navigation_success_claimed"":false,""simulation_s"":223.58,""wall_s"":281.585909077,""camera_frames"":2234,""disallowed_contact"":false,""observed_arrivals"":""[{\""phase\"":\""OUTBOUND\"",\""frame\"":1700,\""measured_ns\"":171500000000,\""target_initial_body_xy_m\"":[0.0,1.3],\""observed_position_initial_body_xy_m\"":[0.003964098602999475,1.3192023650314315],\""observed_distance_m\"":0.019607266523782564,\""quiet_intervals\"":10,\""native_verified\"":false},{\""phase\"":\""RETURN\"",\""frame\"":2232,\""measured_ns\"":224700000000,\""target_initial_body_xy_m\"":[0.0,0.0],\""observed_position_initial_body_xy_m\"":[0.014070045310271707,-0.007434768779415714],\""observed_distance_m\"":0.015913577908078166,\""quiet_intervals\"":10,\""native_verified\"":false}]""}",docs/go2_development_artifact_retention_2026-09-14.md,/home/andrewknowles/RecoveryStorage/LeWMQuad-v3/.generated/navigation_development_artifacts_v1/go2_recovery_repaired_replication_supervised_rollout_noise_2mm_native_layout00_4800_v1_attempt_001/continuous_native_arrival_evaluation.json,1,1,True,0
go2_recovery_survey_transfer_comparison_v1_attempt_001,RESULT_RECORDED,,,/home/andrewknowles/RecoveryStorage/LeWMQuad-v3/.generated/navigation_development_artifacts_v1/go2_recovery_survey_transfer_comparison_v1_attempt_001/result.json,,,"{""round_trips"":3}",docs/go2_recovery_survey_transfer_2026-09-16.md,,,,,
go2_recovery_survey_transfer_limited_survey_jepa_noise_2mm_native_layout00_4800_v1_attempt_001,PACED_NATIVE_PREFIX_COMPLETE,OBSERVED_ROUND_TRIP_CANDIDATE,False,/home/andrewknowles/RecoveryStorage/LeWMQuad-v3/.generated/navigation_development_artifacts_v1/go2_recovery_survey_transfer_limited_survey_jepa_noise_2mm_native_layout00_4800_v1_attempt_001/result.json,,,"{""status"":""PACED_NATIVE_PREFIX_COMPLETE"",""mission_terminal"":""OBSERVED_ROUND_TRIP_CANDIDATE"",""navigation_success_claimed"":false,""simulation_s"":237.26,""wall_s"":298.765122003,""camera_frames"":2371,""disallowed_contact"":false,""observed_arrivals"":""[{\""phase\"":\""OUTBOUND\"",\""frame\"":1722,\""measured_ns\"":173700000000,\""target_initial_body_xy_m\"":[1.3,1.3],\""observed_position_initial_body_xy_m\"":[1.2820953980477716,1.2921028452873162],\""observed_distance_m\"":0.019568848295794167,\""quiet_intervals\"":10,\""native_verified\"":false},{\""phase\"":\""RETURN\"",\""frame\"":2369,\""measured_ns\"":238400000000,\""target_initial_body_xy_m\"":[0.0,0.0],\""observed_position_initial_body_xy_m\"":[0.0032959611726117713,0.005477827208048058],\""observed_distance_m\"":0.006392961048887749,\""quiet_intervals\"":10,\""native_verified\"":false}]""}",docs/go2_development_artifact_retention_2026-09-14.md,/home/andrewknowles/RecoveryStorage/LeWMQuad-v3/.generated/navigation_development_artifacts_v1/go2_recovery_survey_transfer_limited_survey_jepa_noise_2mm_native_layout00_4800_v1_attempt_001/continuous_native_arrival_evaluation.json,1,1,True,0
go2_recovery_survey_transfer_limited_survey_jepa_noise_2mm_native_layout01_4800_v1_attempt_001,PACED_NATIVE_PREFIX_COMPLETE,OBSERVED_ROUND_TRIP_CANDIDATE,False,/home/andrewknowles/RecoveryStorage/LeWMQuad-v3/.generated/navigation_development_artifacts_v1/go2_recovery_survey_transfer_limited_survey_jepa_noise_2mm_native_layout01_4800_v1_attempt_001/result.json,,,"{""status"":""PACED_NATIVE_PREFIX_COMPLETE"",""mission_terminal"":""OBSERVED_ROUND_TRIP_CANDIDATE"",""navigation_success_claimed"":false,""simulation_s"":429.96,""wall_s"":565.439464149,""camera_frames"":4298,""disallowed_contact"":false,""observed_arrivals"":""[{\""phase\"":\""OUTBOUND\"",\""frame\"":3667,\""measured_ns\"":368200000000,\""target_initial_body_xy_m\"":[3.9000000000000004,-1.3],\""observed_position_initial_body_xy_m\"":[3.898230106019925,-1.2845160474528998],\""observed_distance_m\"":0.015584778188397739,\""quiet_intervals\"":10,\""native_verified\"":false},{\""phase\"":\""RETURN\"",\""frame\"":4296,\""measured_ns\"":431100000000,\""target_initial_body_xy_m\"":[0.0,0.0],\""observed_position_initial_body_xy_m\"":[0.001465089061855587,0.01402168889259317],\""observed_distance_m\"":0.014098022746464824,\""quiet_intervals\"":10,\""native_verified\"":false}]""}",docs/go2_development_artifact_retention_2026-09-14.md,/home/andrewknowles/RecoveryStorage/LeWMQuad-v3/.generated/navigation_development_artifacts_v1/go2_recovery_survey_transfer_limited_survey_jepa_noise_2mm_native_layout01_4800_v1_attempt_001/continuous_native_arrival_evaluation.json,1,1,True,0
go2_recovery_survey_transfer_original_jepa_noise_2mm_native_layout00_4800_v1_attempt_001,PACED_NATIVE_PREFIX_COMPLETE,OBSERVED_ROUND_TRIP_CANDIDATE,False,/home/andrewknowles/RecoveryStorage/LeWMQuad-v3/.generated/navigation_development_artifacts_v1/go2_recovery_survey_transfer_original_jepa_noise_2mm_native_layout00_4800_v1_attempt_001/result.json,,,"{""status"":""PACED_NATIVE_PREFIX_COMPLETE"",""mission_terminal"":""OBSERVED_ROUND_TRIP_CANDIDATE"",""navigation_success_claimed"":false,""simulation_s"":406.8,""wall_s"":544.929158102,""camera_frames"":4066,""disallowed_contact"":false,""observed_arrivals"":""[{\""phase\"":\""OUTBOUND\"",\""frame\"":2153,\""measured_ns\"":216800000000,\""target_initial_body_xy_m\"":[1.3,1.3],\""observed_position_initial_body_xy_m\"":[1.291385161693368,1.29630446327631],\""observed_distance_m\"":0.009374029588472358,\""quiet_intervals\"":10,\""native_verified\"":false},{\""phase\"":\""RETURN\"",\""frame\"":4064,\""measured_ns\"":407900000000,\""target_initial_body_xy_m\"":[0.0,0.0],\""observed_position_initial_body_xy_m\"":[0.013319196956866798,0.0025951128926823973],\""observed_distance_m\"":0.013569658009750142,\""quiet_intervals\"":10,\""native_verified\"":false}]""}",docs/go2_development_artifact_retention_2026-09-14.md,/home/andrewknowles/RecoveryStorage/LeWMQuad-v3/.generated/navigation_development_artifacts_v1/go2_recovery_survey_transfer_original_jepa_noise_2mm_native_layout00_4800_v1_attempt_001/continuous_native_arrival_evaluation.json,1,1,True,0
go2_refitted_dynamics_readout_v1_attempt_001,COMPLETE,,,/mnt/steam_drive/LeWMQuad-v3/navigation_development_artifacts_v1/go2_refitted_dynamics_readout_v1_attempt_001/result.json,,,"{""status"":""COMPLETE"",""wall_s"":49.8998763570562}",docs/go2_refitted_dynamics_readout_2026-09-17.md,,,,,
go2_registration_conditioning_replay_v1_attempt_001,WHOLE_STREAM_REGISTRATION_WITNESS_COMPLETE,,,/home/andrewknowles/RecoveryStorage/LeWMQuad-v3/.generated/navigation_development_artifacts_v1/go2_registration_conditioning_replay_v1_attempt_001/result.json,,,"{""status"":""WHOLE_STREAM_REGISTRATION_WITNESS_COMPLETE""}",docs/go2_registration_conditioning_replay_progress_2026-09-07.md;docs/go2_registration_conditioning_replay_result_2026-09-07.md;docs/go2_registration_conditioning_replay_v1_2026-09-07.md,,,,,
go2_remaining_neural_channels_saved_ranking_readout_v1_attempt_001,RESULT_RECORDED,,,/home/andrewknowles/RecoveryStorage/LeWMQuad-v3/.generated/navigation_development_artifacts_v1/go2_remaining_neural_channels_saved_ranking_readout_v1_attempt_001/result.json,,,{},docs/go2_contact_score_ablation_pilot_2026-09-15.md,,,,,
go2_renderer_forward_pass_gil_fixed_pose_v1_attempt_001,PASS,,,/home/andrewknowles/RecoveryStorage/LeWMQuad-v3/.generated/navigation_development_artifacts_v1/go2_renderer_forward_pass_gil_fixed_pose_v1_attempt_001/result.json,,,"{""status"":""PASS""}",docs/go2_planning_cost_profile_2026-09-16.md,,,,,
go2_renderer_readback_gil_fixed_pose_v1_attempt_001,PASS,,,/home/andrewknowles/RecoveryStorage/LeWMQuad-v3/.generated/navigation_development_artifacts_v1/go2_renderer_readback_gil_fixed_pose_v1_attempt_001/result.json,,,"{""status"":""PASS""}",docs/go2_planning_cost_profile_2026-09-16.md,,,,,
go2_reserve_recovery_lookahead_native_layout00_v1_attempt_001,PACED_NATIVE_PREFIX_COMPLETE,MISSION_TICK_BUDGET_EXHAUSTED,False,/home/andrewknowles/RecoveryStorage/LeWMQuad-v3/.generated/navigation_development_artifacts_v1/go2_reserve_recovery_lookahead_native_layout00_v1_attempt_001/result.json,,,"{""status"":""PACED_NATIVE_PREFIX_COMPLETE"",""mission_terminal"":""MISSION_TICK_BUDGET_EXHAUSTED"",""navigation_success_claimed"":false,""simulation_s"":181.0,""wall_s"":181.023327987,""camera_frames"":1805,""disallowed_contact"":false,""observed_arrivals"":""[]""}",docs/go2_development_artifact_retention_2026-09-14.md;docs/go2_feature150_memory_clearance_experiment_2026-09-13.md,,,,,
go2_residual_anchored_continuation_maze_pilot_v1_attempt_001,RESIDUAL_ANCHORED_CONTINUATION_PILOT_V1_COMPLETE,,,/home/andrewknowles/RecoveryStorage/LeWMQuad-v3/.generated/navigation_development_artifacts_v1/go2_residual_anchored_continuation_maze_pilot_v1_attempt_001/result.json,,,"{""status"":""RESIDUAL_ANCHORED_CONTINUATION_PILOT_V1_COMPLETE"",""wall_s"":1234.685548790032}",docs/go2_residual_anchored_continuation_maze_pilot_v1_2026-09-09.md,,,,,
go2_residual_anchored_continuation_prefix_v1_attempt_001,RESIDUAL_ANCHORED_CONTINUATION_PREFIX_V1_COMPLETE,,,/home/andrewknowles/RecoveryStorage/LeWMQuad-v3/.generated/navigation_development_artifacts_v1/go2_residual_anchored_continuation_prefix_v1_attempt_001/result.json,,,"{""status"":""RESIDUAL_ANCHORED_CONTINUATION_PREFIX_V1_COMPLETE"",""wall_s"":312.1800812850706}",docs/go2_novel_maze_round_trip_pilot_status_2026-09-08.md;docs/go2_residual_anchored_continuation_prefix_result_2026-09-09.md;docs/go2_residual_anchored_continuation_prefix_v1_2026-09-09.md;docs/go2_residual_anchored_continuation_preparation_2026-09-09.md,,,,,
go2_residual_current_observation_planning_prefix_v1_attempt_001,RESIDUAL_CURRENT_OBSERVATION_PLANNING_PREFIX_V1_COMPLETE,,,/home/andrewknowles/RecoveryStorage/LeWMQuad-v3/.generated/navigation_development_artifacts_v1/go2_residual_current_observation_planning_prefix_v1_attempt_001/result.json,,,"{""status"":""RESIDUAL_CURRENT_OBSERVATION_PLANNING_PREFIX_V1_COMPLETE"",""wall_s"":275.4552524499595}",docs/go2_residual_current_observation_planning_prefix_result_2026-09-10.md;docs/go2_residual_current_observation_planning_progress_2026-09-10.md,,,,,
go2_residual_first_interval_maze_pilot_v1_attempt_001,RESIDUAL_FIRST_INTERVAL_MAZE_PILOT_V1_COMPLETE,,,/home/andrewknowles/RecoveryStorage/LeWMQuad-v3/.generated/navigation_development_artifacts_v1/go2_residual_first_interval_maze_pilot_v1_attempt_001/result.json,,,"{""status"":""RESIDUAL_FIRST_INTERVAL_MAZE_PILOT_V1_COMPLETE"",""wall_s"":8254.263244479895}",docs/go2_residual_first_interval_maze_pilot_result_2026-09-09.md;docs/go2_residual_first_interval_maze_pilot_v1_2026-09-09.md;docs/go2_residual_first_interval_native_preparation_2026-09-09.md;docs/go2_residual_hold_prefix_v1_2026-09-09.md,,,,,
go2_residual_first_interval_maze_readout_v1_attempt_001,RESIDUAL_FIRST_INTERVAL_MAZE_READOUT_V1_COMPLETE,,,/home/andrewknowles/RecoveryStorage/LeWMQuad-v3/.generated/navigation_development_artifacts_v1/go2_residual_first_interval_maze_readout_v1_attempt_001/result.json,,,"{""status"":""RESIDUAL_FIRST_INTERVAL_MAZE_READOUT_V1_COMPLETE""}",docs/go2_residual_first_interval_maze_readout_result_2026-09-09.md;docs/go2_residual_first_interval_maze_readout_v1_2026-09-09.md,,,,,
go2_residual_first_interval_prefix_v1_attempt_001,RESIDUAL_FIRST_INTERVAL_PREFIX_V1_COMPLETE,,,/home/andrewknowles/RecoveryStorage/LeWMQuad-v3/.generated/navigation_development_artifacts_v1/go2_residual_first_interval_prefix_v1_attempt_001/result.json,,,"{""status"":""RESIDUAL_FIRST_INTERVAL_PREFIX_V1_COMPLETE"",""wall_s"":573.5599385609385}",docs/go2_residual_first_interval_prefix_result_2026-09-09.md;docs/go2_residual_first_interval_prefix_v1_2026-09-09.md,,,,,
go2_residual_hold_prefix_v1_attempt_001,FAILURE_RECORD_ONLY,,,,/home/andrewknowles/RecoveryStorage/LeWMQuad-v3/.generated/navigation_development_artifacts_v1/go2_residual_hold_prefix_v1_attempt_001/failure.json,ValueError('compressed replay output headroom exceeded'),{},docs/go2_residual_hold_prefix_preparation_2026-09-09.md;docs/go2_residual_hold_prefix_v1_2026-09-09.md,,,,,
go2_residual_hold_prefix_v2_attempt_001,RESIDUAL_HOLD_PREFIX_V2_COMPLETE,,,/home/andrewknowles/RecoveryStorage/LeWMQuad-v3/.generated/navigation_development_artifacts_v1/go2_residual_hold_prefix_v2_attempt_001/result.json,,,"{""status"":""RESIDUAL_HOLD_PREFIX_V2_COMPLETE"",""wall_s"":5332.981658294098}",docs/go2_residual_hold_negative_and_veto_result_2026-09-09.md;docs/go2_residual_hold_prefix_v2_2026-09-09.md,,,,,
go2_residual_hold_veto_readout_v1_attempt_001,RESIDUAL_HOLD_VETO_READOUT_V1_COMPLETE,,,/home/andrewknowles/RecoveryStorage/LeWMQuad-v3/.generated/navigation_development_artifacts_v1/go2_residual_hold_veto_readout_v1_attempt_001/result.json,,,"{""status"":""RESIDUAL_HOLD_VETO_READOUT_V1_COMPLETE"",""wall_s"":188.01977779204026}",docs/go2_residual_hold_negative_and_veto_result_2026-09-09.md;docs/go2_residual_hold_veto_readout_preparation_2026-09-09.md;docs/go2_residual_hold_veto_readout_v1_2026-09-09.md,,,,,
go2_residual_maze02_stagnation_v1_attempt_001,RESIDUAL_MAZE02_STAGNATION_DIAGNOSIS_V1_COMPLETE,,,/home/andrewknowles/RecoveryStorage/LeWMQuad-v3/.generated/navigation_development_artifacts_v1/go2_residual_maze02_stagnation_v1_attempt_001/result.json,,,"{""status"":""RESIDUAL_MAZE02_STAGNATION_DIAGNOSIS_V1_COMPLETE""}",docs/go2_residual_maze02_stagnation_result_2026-09-09.md;docs/go2_residual_maze02_stagnation_v1_2026-09-09.md,,,,,
go2_retained_depth_cache_noise_2mm_native_layout00_4800_v1_attempt_001,PACED_NATIVE_PREFIX_COMPLETE,MISSION_TICK_BUDGET_EXHAUSTED,False,/home/andrewknowles/RecoveryStorage/LeWMQuad-v3/.generated/navigation_development_artifacts_v1/go2_retained_depth_cache_noise_2mm_native_layout00_4800_v1_attempt_001/result.json,,,"{""status"":""PACED_NATIVE_PREFIX_COMPLETE"",""mission_terminal"":""MISSION_TICK_BUDGET_EXHAUSTED"",""navigation_success_claimed"":false,""simulation_s"":480.96,""wall_s"":481.800304056,""camera_frames"":4805,""disallowed_contact"":false,""observed_arrivals"":""[]""}",docs/go2_robust_height_floor_candidates_2026-09-15.md,/home/andrewknowles/RecoveryStorage/LeWMQuad-v3/.generated/navigation_development_artifacts_v1/go2_retained_depth_cache_noise_2mm_native_layout00_4800_v1_attempt_001/continuous_native_arrival_evaluation.json,0,0,False,0
go2_retained_floor_patch_v1_attempt_001,RETAINED_FLOOR_PATCH_DIAGNOSTIC_COMPLETE,,,/home/andrewknowles/RecoveryStorage/LeWMQuad-v3/.generated/navigation_development_artifacts_v1/go2_retained_floor_patch_v1_attempt_001/result.json,,,"{""status"":""RETAINED_FLOOR_PATCH_DIAGNOSTIC_COMPLETE"",""wall_s"":87.72208590502851}",docs/go2_retained_floor_patch_result_2026-09-08.md,,,,,
go2_retained_floor_resolution_diagnosis_v1_attempt_001,RETAINED_FLOOR_RESOLUTION_DIAGNOSIS_COMPLETE,,,/home/andrewknowles/RecoveryStorage/LeWMQuad-v3/.generated/navigation_development_artifacts_v1/go2_retained_floor_resolution_diagnosis_v1_attempt_001/result.json,,,"{""status"":""RETAINED_FLOOR_RESOLUTION_DIAGNOSIS_COMPLETE""}",docs/go2_retained_floor_resolution_diagnosis_result_2026-09-09.md;docs/go2_retained_floor_resolution_diagnosis_v1_2026-09-09.md,,,,,
go2_retained_patch_contact_goal_probe_v1_attempt_001,RETAINED_PATCH_CONTACT_GOAL_PROBE_COMPLETE,,,/home/andrewknowles/RecoveryStorage/LeWMQuad-v3/.generated/navigation_development_artifacts_v1/go2_retained_patch_contact_goal_probe_v1_attempt_001/result.json,,,"{""status"":""RETAINED_PATCH_CONTACT_GOAL_PROBE_COMPLETE"",""wall_s"":161.32865152298473}",docs/go2_retained_patch_contact_goal_probe_result_2026-09-08.md,,,,,
go2_retained_patch_contact_goal_readout_v1_attempt_001,RETAINED_PATCH_CONTACT_GOAL_READOUT_COMPLETE,,,/home/andrewknowles/RecoveryStorage/LeWMQuad-v3/.generated/navigation_development_artifacts_v1/go2_retained_patch_contact_goal_readout_v1_attempt_001/result.json,,,"{""status"":""RETAINED_PATCH_CONTACT_GOAL_READOUT_COMPLETE""}",docs/go2_retained_patch_contact_goal_probe_result_2026-09-08.md,,,,,
go2_return_subpixel_pair_comparison_v1_attempt_001,RETURN_SUBPIXEL_PAIR_COMPARISON_COMPLETE,,,/home/andrewknowles/RecoveryStorage/LeWMQuad-v3/.generated/navigation_development_artifacts_v1/go2_return_subpixel_pair_comparison_v1_attempt_001/result.json,,,"{""status"":""RETURN_SUBPIXEL_PAIR_COMPARISON_COMPLETE""}",docs/go2_ninth_maze_transition_diagnosis_result_2026-09-09.md;docs/go2_return_subpixel_pair_comparison_v1_2026-09-09.md,,,,,
go2_return_transition_match_diagnosis_v1_attempt_001,RETURN_TRANSITION_MATCH_DIAGNOSIS_COMPLETE,,,/home/andrewknowles/RecoveryStorage/LeWMQuad-v3/.generated/navigation_development_artifacts_v1/go2_return_transition_match_diagnosis_v1_attempt_001/result.json,,,"{""status"":""RETURN_TRANSITION_MATCH_DIAGNOSIS_COMPLETE""}",docs/go2_ninth_maze_transition_diagnosis_result_2026-09-09.md;docs/go2_return_transition_match_diagnosis_v1_2026-09-09.md,,,,,
go2_reused_floor_mesh_prefix_v1_attempt_001,REUSED_FLOOR_MESH_PREFIX_V1_COMPLETE,,,/home/andrewknowles/RecoveryStorage/LeWMQuad-v3/.generated/navigation_development_artifacts_v1/go2_reused_floor_mesh_prefix_v1_attempt_001/result.json,,,"{""status"":""REUSED_FLOOR_MESH_PREFIX_V1_COMPLETE"",""wall_s"":1688.9305194180924}",docs/go2_reused_floor_mesh_prefix_result_2026-09-10.md;docs/go2_reused_floor_mesh_v1_2026-09-10.md;docs/go2_reused_floor_mesh_verification_v1_2026-09-10.md,,,,,
go2_reused_flow_gyro_fine_goal_learned_round_trip_native_layout06_4800_v1_attempt_001,FAILURE_RECORD_ONLY,,,,/home/andrewknowles/RecoveryStorage/LeWMQuad-v3/.generated/navigation_development_artifacts_v1/go2_reused_flow_gyro_fine_goal_learned_round_trip_native_layout06_4800_v1_attempt_001/failure.json,RuntimeError('runtime stopped'),{},docs/go2_development_artifact_retention_2026-09-14.md;docs/go2_gyro_pose_and_fine_goal_navigation_2026-09-14.md,/home/andrewknowles/RecoveryStorage/LeWMQuad-v3/.generated/navigation_development_artifacts_v1/go2_reused_flow_gyro_fine_goal_learned_round_trip_native_layout06_4800_v1_attempt_001/continuous_native_arrival_evaluation.json,0,0,False,0
go2_reviewed_geometry_cache_retirement_v1_attempt_001,APPROVED_GEOMETRY_CACHE_RETIREMENT_COMPLETE,,,/home/andrewknowles/RecoveryStorage/LeWMQuad-v3/.generated/navigation_development_artifacts_v1/go2_reviewed_geometry_cache_retirement_v1_attempt_001/result.json,,,"{""status"":""APPROVED_GEOMETRY_CACHE_RETIREMENT_COMPLETE""}",docs/go2_gsd_cache_retirement_privileged_inspection_2026-09-08.md;docs/go2_gsd_cache_retirement_result_2026-09-08.md,,,,,
go2_rollout_selection_off_complete_comparison_v1_attempt_001,RESULT_RECORDED,,,/home/andrewknowles/RecoveryStorage/LeWMQuad-v3/.generated/navigation_development_artifacts_v1/go2_rollout_selection_off_complete_comparison_v1_attempt_001/result.json,,,{},docs/go2_rollout_selection_off_2026-09-15.md,,,,,
go2_rollout_selection_off_seed_2026091001_full_supervised_rollout_noise_2mm_native_layout00_4800_v1_attempt_001,PACED_NATIVE_PREFIX_COMPLETE,MISSION_TICK_BUDGET_EXHAUSTED,False,/home/andrewknowles/RecoveryStorage/LeWMQuad-v3/.generated/navigation_development_artifacts_v1/go2_rollout_selection_off_seed_2026091001_full_supervised_rollout_noise_2mm_native_layout00_4800_v1_attempt_001/result.json,,,"{""status"":""PACED_NATIVE_PREFIX_COMPLETE"",""mission_terminal"":""MISSION_TICK_BUDGET_EXHAUSTED"",""navigation_success_claimed"":false,""simulation_s"":480.84,""wall_s"":483.04833963,""camera_frames"":4805,""disallowed_contact"":false,""observed_arrivals"":""[]""}",docs/go2_development_artifact_retention_2026-09-14.md,/home/andrewknowles/RecoveryStorage/LeWMQuad-v3/.generated/navigation_development_artifacts_v1/go2_rollout_selection_off_seed_2026091001_full_supervised_rollout_noise_2mm_native_layout00_4800_v1_attempt_001/continuous_native_arrival_evaluation.json,0,0,False,0
go2_rollout_selection_off_seed_2026091001_full_supervised_rollout_noise_2mm_native_layout01_4800_v1_attempt_001,PACED_NATIVE_PREFIX_COMPLETE,OBSERVED_ROUND_TRIP_CANDIDATE,False,/home/andrewknowles/RecoveryStorage/LeWMQuad-v3/.generated/navigation_development_artifacts_v1/go2_rollout_selection_off_seed_2026091001_full_supervised_rollout_noise_2mm_native_layout01_4800_v1_attempt_001/result.json,,,"{""status"":""PACED_NATIVE_PREFIX_COMPLETE"",""mission_terminal"":""OBSERVED_ROUND_TRIP_CANDIDATE"",""navigation_success_claimed"":false,""simulation_s"":350.8,""wall_s"":352.434623541,""camera_frames"":3506,""disallowed_contact"":false,""observed_arrivals"":""[{\""phase\"":\""OUTBOUND\"",\""frame\"":1228,\""measured_ns\"":124300000000,\""target_initial_body_xy_m\"":[3.9000000000000004,0.0],\""observed_position_initial_body_xy_m\"":[3.8950719464468926,-0.017152903901182626],\""observed_distance_m\"":0.01784678749986967,\""quiet_intervals\"":10,\""native_verified\"":false},{\""phase\"":\""RETURN\"",\""frame\"":3504,\""measured_ns\"":351900000000,\""target_initial_body_xy_m\"":[0.0,0.0],\""observed_position_initial_body_xy_m\"":[-0.002731550531240181,-0.005313697545327726],\""observed_distance_m\"":0.005974675715713817,\""quiet_intervals\"":10,\""native_verified\"":false}]""}",docs/go2_development_artifact_retention_2026-09-14.md,/home/andrewknowles/RecoveryStorage/LeWMQuad-v3/.generated/navigation_development_artifacts_v1/go2_rollout_selection_off_seed_2026091001_full_supervised_rollout_noise_2mm_native_layout01_4800_v1_attempt_001/continuous_native_arrival_evaluation.json,1,1,True,0
go2_round_trip_controller_compatibility_v1_attempt_001,ROUND_TRIP_CONTROLLER_COMPATIBILITY_COMPLETE,,,/home/andrewknowles/RecoveryStorage/LeWMQuad-v3/.generated/navigation_development_artifacts_v1/go2_round_trip_controller_compatibility_v1_attempt_001/result.json,,,"{""status"":""ROUND_TRIP_CONTROLLER_COMPATIBILITY_COMPLETE"",""wall_s"":188.2412474870216}",docs/go2_round_trip_controller_compatibility_result_2026-09-08.md;docs/go2_round_trip_controller_compatibility_v1_2026-09-08.md,,,,,
go2_route_turn_memory_transfer_02_supervised_rollout_noise_2mm_native_layout01_4800_v1_attempt_001,PACED_NATIVE_PREFIX_COMPLETE,OBSERVED_ROUND_TRIP_CANDIDATE,False,/mnt/steam_drive/LeWMQuad-v3/navigation_development_artifacts_v1/go2_route_turn_memory_transfer_02_supervised_rollout_noise_2mm_native_layout01_4800_v1_attempt_001/result.json,,,"{""status"":""PACED_NATIVE_PREFIX_COMPLETE"",""mission_terminal"":""OBSERVED_ROUND_TRIP_CANDIDATE"",""navigation_success_claimed"":false,""simulation_s"":298.08,""wall_s"":388.174209749,""camera_frames"":2978,""disallowed_contact"":false,""observed_arrivals"":""[{\""phase\"":\""OUTBOUND\"",\""frame\"":2460,\""measured_ns\"":247500000000,\""target_initial_body_xy_m\"":[0.0,1.3],\""observed_position_initial_body_xy_m\"":[0.007155506068642184,1.290294776976096],\""observed_distance_m\"":0.012057886259294914,\""quiet_intervals\"":10,\""native_verified\"":false},{\""phase\"":\""RETURN\"",\""frame\"":2976,\""measured_ns\"":299100000000,\""target_initial_body_xy_m\"":[0.0,0.0],\""observed_position_initial_body_xy_m\"":[0.009382302337232938,-0.007211350501396272],\""observed_distance_m\"":0.01183347680106041,\""quiet_intervals\"":10,\""native_verified\"":false}]""}",docs/go2_development_artifact_retention_2026-09-14.md,/mnt/steam_drive/LeWMQuad-v3/navigation_development_artifacts_v1/go2_route_turn_memory_transfer_02_supervised_rollout_noise_2mm_native_layout01_4800_v1_attempt_001/continuous_native_arrival_evaluation.json,1,1,True,0
go2_routing_memory_comparison_layout00_v1_attempt_001,RESULT_RECORDED,,,/home/andrewknowles/RecoveryStorage/LeWMQuad-v3/.generated/navigation_development_artifacts_v1/go2_routing_memory_comparison_layout00_v1_attempt_001/result.json,,,{},docs/go2_current_pair_routing_memory_preparation_2026-09-14.md,,,,,
go2_routing_memory_comparison_layout01_v1_attempt_001,RESULT_RECORDED,,,/home/andrewknowles/RecoveryStorage/LeWMQuad-v3/.generated/navigation_development_artifacts_v1/go2_routing_memory_comparison_layout01_v1_attempt_001/result.json,,,{},docs/go2_current_pair_routing_memory_preparation_2026-09-14.md,,,,,
go2_routing_memory_four_layout_summary_v1_attempt_001,RESULT_RECORDED,,,/home/andrewknowles/RecoveryStorage/LeWMQuad-v3/.generated/navigation_development_artifacts_v1/go2_routing_memory_four_layout_summary_v1_attempt_001/result.json,,,{},docs/go2_command_motion_prediction_controls_2026-09-15.md;docs/go2_current_pair_routing_memory_preparation_2026-09-14.md;docs/go2_return_routing_memory_2026-09-17.md,,,,,
go2_routing_memory_persistent_native_layout00_4800_v1_attempt_001,PACED_NATIVE_PREFIX_COMPLETE,OBSERVED_ROUND_TRIP_CANDIDATE,False,/home/andrewknowles/RecoveryStorage/LeWMQuad-v3/.generated/navigation_development_artifacts_v1/go2_routing_memory_persistent_native_layout00_4800_v1_attempt_001/result.json,,,"{""status"":""PACED_NATIVE_PREFIX_COMPLETE"",""mission_terminal"":""OBSERVED_ROUND_TRIP_CANDIDATE"",""navigation_success_claimed"":false,""simulation_s"":310.84,""wall_s"":311.515338462,""camera_frames"":3106,""disallowed_contact"":false,""observed_arrivals"":""[{\""phase\"":\""OUTBOUND\"",\""frame\"":2048,\""measured_ns\"":206300000000,\""target_initial_body_xy_m\"":[0.0,-1.3],\""observed_position_initial_body_xy_m\"":[0.004402373843087573,-1.2938592919835592],\""observed_distance_m\"":0.007555738904798291,\""quiet_intervals\"":10,\""native_verified\"":false},{\""phase\"":\""RETURN\"",\""frame\"":3104,\""measured_ns\"":311900000000,\""target_initial_body_xy_m\"":[0.0,0.0],\""observed_position_initial_body_xy_m\"":[0.01224284158439747,0.00783155761100811],\""observed_distance_m\"":0.014533425772170545,\""quiet_intervals\"":10,\""native_verified\"":false}]""}",docs/go2_development_artifact_retention_2026-09-14.md,/home/andrewknowles/RecoveryStorage/LeWMQuad-v3/.generated/navigation_development_artifacts_v1/go2_routing_memory_persistent_native_layout00_4800_v1_attempt_001/continuous_native_arrival_evaluation.json,1,1,True,0
go2_routing_memory_persistent_native_layout01_4800_v1_attempt_001,PACED_NATIVE_PREFIX_COMPLETE,OBSERVED_ROUND_TRIP_CANDIDATE,False,/home/andrewknowles/RecoveryStorage/LeWMQuad-v3/.generated/navigation_development_artifacts_v1/go2_routing_memory_persistent_native_layout01_4800_v1_attempt_001/result.json,,,"{""status"":""PACED_NATIVE_PREFIX_COMPLETE"",""mission_terminal"":""OBSERVED_ROUND_TRIP_CANDIDATE"",""navigation_success_claimed"":false,""simulation_s"":352.94,""wall_s"":353.626633347,""camera_frames"":3525,""disallowed_contact"":false,""observed_arrivals"":""[{\""phase\"":\""OUTBOUND\"",\""frame\"":2577,\""measured_ns\"":259200000000,\""target_initial_body_xy_m\"":[3.9000000000000004,2.6],\""observed_position_initial_body_xy_m\"":[3.912436439801812,2.5995483606440795],\""observed_distance_m\"":0.012444637923696227,\""quiet_intervals\"":10,\""native_verified\"":false},{\""phase\"":\""RETURN\"",\""frame\"":3523,\""measured_ns\"":353800000000,\""target_initial_body_xy_m\"":[0.0,0.0],\""observed_position_initial_body_xy_m\"":[0.017470188642454056,0.006257621533614583],\""observed_distance_m\"":0.01855708270340162,\""quiet_intervals\"":10,\""native_verified\"":false}]""}",docs/go2_development_artifact_retention_2026-09-14.md,/home/andrewknowles/RecoveryStorage/LeWMQuad-v3/.generated/navigation_development_artifacts_v1/go2_routing_memory_persistent_native_layout01_4800_v1_attempt_001/continuous_native_arrival_evaluation.json,1,1,True,0
go2_routing_memory_persistent_native_layout02_4800_v1_attempt_001,PACED_NATIVE_PREFIX_COMPLETE,OBSERVED_ROUND_TRIP_CANDIDATE,False,/home/andrewknowles/RecoveryStorage/LeWMQuad-v3/.generated/navigation_development_artifacts_v1/go2_routing_memory_persistent_native_layout02_4800_v1_attempt_001/result.json,,,"{""status"":""PACED_NATIVE_PREFIX_COMPLETE"",""mission_terminal"":""OBSERVED_ROUND_TRIP_CANDIDATE"",""navigation_success_claimed"":false,""simulation_s"":310.96,""wall_s"":311.449835006,""camera_frames"":3105,""disallowed_contact"":false,""observed_arrivals"":""[{\""phase\"":\""OUTBOUND\"",\""frame\"":1956,\""measured_ns\"":197100000000,\""target_initial_body_xy_m\"":[1.3,2.6],\""observed_position_initial_body_xy_m\"":[1.2918866252735897,2.597390865449175],\""observed_distance_m\"":0.0085225836784079,\""quiet_intervals\"":10,\""native_verified\"":false},{\""phase\"":\""RETURN\"",\""frame\"":3103,\""measured_ns\"":311800000000,\""target_initial_body_xy_m\"":[0.0,0.0],\""observed_position_initial_body_xy_m\"":[-0.006182890725946442,-0.015444212801462505],\""observed_distance_m\"":0.016635860265879033,\""quiet_intervals\"":10,\""native_verified\"":false}]""}",docs/go2_development_artifact_retention_2026-09-14.md,/home/andrewknowles/RecoveryStorage/LeWMQuad-v3/.generated/navigation_development_artifacts_v1/go2_routing_memory_persistent_native_layout02_4800_v1_attempt_001/continuous_native_arrival_evaluation.json,1,1,True,0
go2_routing_memory_persistent_native_layout03_4800_v1_attempt_001,PACED_NATIVE_PREFIX_COMPLETE,OBSERVED_ROUND_TRIP_CANDIDATE,False,/home/andrewknowles/RecoveryStorage/LeWMQuad-v3/.generated/navigation_development_artifacts_v1/go2_routing_memory_persistent_native_layout03_4800_v1_attempt_001/result.json,,,"{""status"":""PACED_NATIVE_PREFIX_COMPLETE"",""mission_terminal"":""OBSERVED_ROUND_TRIP_CANDIDATE"",""navigation_success_claimed"":false,""simulation_s"":302.94,""wall_s"":303.968315227,""camera_frames"":3027,""disallowed_contact"":false,""observed_arrivals"":""[{\""phase\"":\""OUTBOUND\"",\""frame\"":1968,\""measured_ns\"":198300000000,\""target_initial_body_xy_m\"":[0.0,1.3],\""observed_position_initial_body_xy_m\"":[-0.00230871670895481,1.3107177439345712],\""observed_distance_m\"":0.010963585539833384,\""quiet_intervals\"":10,\""native_verified\"":false},{\""phase\"":\""RETURN\"",\""frame\"":3024,\""measured_ns\"":303900000000,\""target_initial_body_xy_m\"":[0.0,0.0],\""observed_position_initial_body_xy_m\"":[0.0012467379924006006,-0.009957178660816059],\""observed_distance_m\"":0.010034927130034664,\""quiet_intervals\"":10,\""native_verified\"":false}]""}",docs/go2_development_artifact_retention_2026-09-14.md,/home/andrewknowles/RecoveryStorage/LeWMQuad-v3/.generated/navigation_development_artifacts_v1/go2_routing_memory_persistent_native_layout03_4800_v1_attempt_001/continuous_native_arrival_evaluation.json,1,1,True,0
go2_sample_bounds_goal_probe_v1_attempt_001,SAMPLE_BOUNDS_GOAL_PROBE_COMPLETE,,,/home/andrewknowles/RecoveryStorage/LeWMQuad-v3/.generated/navigation_development_artifacts_v1/go2_sample_bounds_goal_probe_v1_attempt_001/result.json,,,"{""status"":""SAMPLE_BOUNDS_GOAL_PROBE_COMPLETE"",""wall_s"":203.4012004621327}",docs/go2_sample_bounds_goal_probe_result_2026-09-08.md,,,,,
go2_sample_bounds_goal_readout_v1_attempt_001,SAMPLE_BOUNDS_GOAL_READOUT_COMPLETE,,,/home/andrewknowles/RecoveryStorage/LeWMQuad-v3/.generated/navigation_development_artifacts_v1/go2_sample_bounds_goal_readout_v1_attempt_001/result.json,,,"{""status"":""SAMPLE_BOUNDS_GOAL_READOUT_COMPLETE""}",docs/go2_sample_bounds_goal_probe_result_2026-09-08.md,,,,,
go2_sampled_plane_recorded_tracker_v1_attempt_001,SAMPLED_RECORDED_TRACKER_COMPARISON_COMPLETE,,,/home/andrewknowles/RecoveryStorage/LeWMQuad-v3/.generated/navigation_development_artifacts_v1/go2_sampled_plane_recorded_tracker_v1_attempt_001/result.json,,,"{""status"":""SAMPLED_RECORDED_TRACKER_COMPARISON_COMPLETE"",""wall_s"":653.6649124501273}",docs/go2_sampled_plane_tracker_completed_2026-09-13.md,,,,,
go2_scoped_batched_footprint_late_history_v1_attempt_001,SCOPED_BATCHED_FOOTPRINT_LATE_HISTORY_REPLAY_V1_COMPLETE,,,/home/andrewknowles/RecoveryStorage/LeWMQuad-v3/.generated/navigation_development_artifacts_v1/go2_scoped_batched_footprint_late_history_v1_attempt_001/result.json,,,"{""status"":""SCOPED_BATCHED_FOOTPRINT_LATE_HISTORY_REPLAY_V1_COMPLETE"",""wall_s"":4114.668446872849}",docs/go2_scoped_batched_footprint_late_history_replay_preparation_result_2026-09-10.md,,,,,
go2_scoped_footprint_late_history_v1_attempt_001,SCOPED_FOOTPRINT_LATE_HISTORY_PAIRED_REPLAY_V1_COMPLETE,,,/home/andrewknowles/RecoveryStorage/LeWMQuad-v3/.generated/navigation_development_artifacts_v1/go2_scoped_footprint_late_history_v1_attempt_001/result.json,,,"{""status"":""SCOPED_FOOTPRINT_LATE_HISTORY_PAIRED_REPLAY_V1_COMPLETE"",""wall_s"":5129.1039972419385}",docs/go2_scoped_footprint_late_history_replay_v1_2026-09-10.md,,,,,
go2_scoped_support_cache_benchmark_v1_attempt_001,SCOPED_SUPPORT_CACHE_BENCHMARK_V1_COMPLETE,,,/home/andrewknowles/RecoveryStorage/LeWMQuad-v3/.generated/navigation_development_artifacts_v1/go2_scoped_support_cache_benchmark_v1_attempt_001/result.json,,,"{""status"":""SCOPED_SUPPORT_CACHE_BENCHMARK_V1_COMPLETE"",""wall_s"":1575.6557482390199}",docs/go2_scoped_support_cache_benchmark_v1_2026-09-09.md;docs/go2_scoped_support_cache_preparation_2026-09-09.md;docs/go2_scoped_support_cache_result_2026-09-09.md,,,,,
go2_scoped_verification_digest_benchmark_v1_attempt_001,SCOPED_VERIFICATION_DIGEST_BENCHMARK_V1_COMPLETE,,,/home/andrewknowles/RecoveryStorage/LeWMQuad-v3/.generated/navigation_development_artifacts_v1/go2_scoped_verification_digest_benchmark_v1_attempt_001/result.json,,,"{""status"":""SCOPED_VERIFICATION_DIGEST_BENCHMARK_V1_COMPLETE"",""wall_s"":493.86373361502774}",docs/go2_scoped_verification_digest_benchmark_v1_2026-09-09.md;docs/go2_scoped_verification_digest_preparation_2026-09-09.md;docs/go2_scoped_verification_digest_result_2026-09-09.md,,,,,
go2_selected_route_turn_memory_command_history_noise_2mm_native_layout01_4800_v1_attempt_002,PACED_NATIVE_PREFIX_COMPLETE,OBSERVED_ROUND_TRIP_CANDIDATE,False,/mnt/steam_drive/LeWMQuad-v3/navigation_development_artifacts_v1/go2_selected_route_turn_memory_command_history_noise_2mm_native_layout01_4800_v1_attempt_002/result.json,,,"{""status"":""PACED_NATIVE_PREFIX_COMPLETE"",""mission_terminal"":""OBSERVED_ROUND_TRIP_CANDIDATE"",""navigation_success_claimed"":false,""simulation_s"":299.8,""wall_s"":391.974381042,""camera_frames"":2992,""disallowed_contact"":false,""observed_arrivals"":""[{\""phase\"":\""OUTBOUND\"",\""frame\"":2404,\""measured_ns\"":241900000000,\""target_initial_body_xy_m\"":[0.0,2.6],\""observed_position_initial_body_xy_m\"":[-0.0054532846693501405,2.586694251765046],\""observed_distance_m\"":0.01437989046470619,\""quiet_intervals\"":10,\""native_verified\"":false},{\""phase\"":\""RETURN\"",\""frame\"":2989,\""measured_ns\"":300400000000,\""target_initial_body_xy_m\"":[0.0,0.0],\""observed_position_initial_body_xy_m\"":[0.013530887320501795,0.011880489763732084],\""observed_distance_m\"":0.018006414099044236,\""quiet_intervals\"":10,\""native_verified\"":false}]""}",docs/go2_development_artifact_retention_2026-09-14.md;docs/go2_sparse_corner_replication_failure_diagnosis_2026-09-17.md,/mnt/steam_drive/LeWMQuad-v3/navigation_development_artifacts_v1/go2_selected_route_turn_memory_command_history_noise_2mm_native_layout01_4800_v1_attempt_002/continuous_native_arrival_evaluation.json,1,1,True,0
go2_serial_original_tracker_seed_2026091401_full_jepa_noise_2mm_native_layout01_4800_v1_attempt_001,PACED_NATIVE_PREFIX_COMPLETE,OBSERVED_ROUND_TRIP_CANDIDATE,False,/home/andrewknowles/RecoveryStorage/LeWMQuad-v3/.generated/navigation_development_artifacts_v1/go2_serial_original_tracker_seed_2026091401_full_jepa_noise_2mm_native_layout01_4800_v1_attempt_001/result.json,,,"{""status"":""PACED_NATIVE_PREFIX_COMPLETE"",""mission_terminal"":""OBSERVED_ROUND_TRIP_CANDIDATE"",""navigation_success_claimed"":false,""simulation_s"":146.5,""wall_s"":147.144435345,""camera_frames"":1463,""disallowed_contact"":false,""observed_arrivals"":""[{\""phase\"":\""OUTBOUND\"",\""frame\"":972,\""measured_ns\"":98700000000,\""target_initial_body_xy_m\"":[0.0,2.6],\""observed_position_initial_body_xy_m\"":[0.004905575292267261,2.5874529317211827],\""observed_distance_m\"":0.013471955735579287,\""quiet_intervals\"":10,\""native_verified\"":false},{\""phase\"":\""RETURN\"",\""frame\"":1461,\""measured_ns\"":147600000000,\""target_initial_body_xy_m\"":[0.0,0.0],\""observed_position_initial_body_xy_m\"":[-0.01210860273697295,-0.01416994148415915],\""observed_distance_m\"":0.01863881707368585,\""quiet_intervals\"":10,\""native_verified\"":false}]""}",docs/go2_development_artifact_retention_2026-09-14.md,/home/andrewknowles/RecoveryStorage/LeWMQuad-v3/.generated/navigation_development_artifacts_v1/go2_serial_original_tracker_seed_2026091401_full_jepa_noise_2mm_native_layout01_4800_v1_attempt_001/continuous_native_arrival_evaluation.json,1,1,True,0
go2_serial_original_tracker_seed_2026091402_full_direct_noise_2mm_native_layout01_4800_v1_attempt_001,PACED_NATIVE_PREFIX_COMPLETE,OBSERVED_ROUND_TRIP_CANDIDATE,False,/home/andrewknowles/RecoveryStorage/LeWMQuad-v3/.generated/navigation_development_artifacts_v1/go2_serial_original_tracker_seed_2026091402_full_direct_noise_2mm_native_layout01_4800_v1_attempt_001/result.json,,,"{""status"":""PACED_NATIVE_PREFIX_COMPLETE"",""mission_terminal"":""OBSERVED_ROUND_TRIP_CANDIDATE"",""navigation_success_claimed"":false,""simulation_s"":157.64,""wall_s"":158.333594304,""camera_frames"":1574,""disallowed_contact"":false,""observed_arrivals"":""[{\""phase\"":\""OUTBOUND\"",\""frame\"":1056,\""measured_ns\"":107100000000,\""target_initial_body_xy_m\"":[0.0,2.6],\""observed_position_initial_body_xy_m\"":[0.004634872625516431,2.5943991456909976],\""observed_distance_m\"":0.007269911501898301,\""quiet_intervals\"":10,\""native_verified\"":false},{\""phase\"":\""RETURN\"",\""frame\"":1572,\""measured_ns\"":158700000000,\""target_initial_body_xy_m\"":[0.0,0.0],\""observed_position_initial_body_xy_m\"":[0.006649179716816501,0.012790693728108772],\""observed_distance_m\"":0.014415735740946595,\""quiet_intervals\"":10,\""native_verified\"":false}]""}",docs/go2_development_artifact_retention_2026-09-14.md,/home/andrewknowles/RecoveryStorage/LeWMQuad-v3/.generated/navigation_development_artifacts_v1/go2_serial_original_tracker_seed_2026091402_full_direct_noise_2mm_native_layout01_4800_v1_attempt_001/continuous_native_arrival_evaluation.json,1,1,True,0
go2_serial_original_vs_cached_tracking_controls_v1_attempt_001,RESULT_RECORDED,,,/home/andrewknowles/RecoveryStorage/LeWMQuad-v3/.generated/navigation_development_artifacts_v1/go2_serial_original_vs_cached_tracking_controls_v1_attempt_001/result.json,,,{},docs/go2_cached_floor_moments_tracking_2026-09-15.md,,,,,
go2_settled_boundary_controller_prefix_v1_attempt_001,FAILURE_RECORD_ONLY,,,,/home/andrewknowles/RecoveryStorage/LeWMQuad-v3/.generated/navigation_development_artifacts_v1/go2_settled_boundary_controller_prefix_v1_attempt_001/failure.json,ValueError('complete decision changed outside declared mission settling'),{},docs/go2_measured_settling_mission_prefix_result_2026-09-09.md;docs/go2_novel_maze_round_trip_pilot_status_2026-09-08.md;docs/go2_settled_boundary_controller_prefix_v1_2026-09-09.md;docs/go2_settled_boundary_prefix_target_reset_diagnosis_2026-09-09.md,,,,,
go2_settled_boundary_controller_prefix_v2_attempt_001,SETTLED_BOUNDARY_CONTROLLER_PREFIX_V2_COMPLETE,,,/home/andrewknowles/RecoveryStorage/LeWMQuad-v3/.generated/navigation_development_artifacts_v1/go2_settled_boundary_controller_prefix_v2_attempt_001/result.json,,,"{""status"":""SETTLED_BOUNDARY_CONTROLLER_PREFIX_V2_COMPLETE"",""wall_s"":1990.6674710318912}",docs/go2_novel_maze_round_trip_pilot_status_2026-09-08.md;docs/go2_settled_boundary_controller_prefix_v2_2026-09-09.md;docs/go2_settled_boundary_controller_prefix_v2_result_2026-09-09.md;docs/go2_settled_boundary_prefix_target_reset_diagnosis_2026-09-09.md,,,,,
go2_settled_boundary_maze_pilot_v2_attempt_001,SETTLED_BOUNDARY_MAZE_PILOT_V2_COMPLETE,,,/home/andrewknowles/RecoveryStorage/LeWMQuad-v3/.generated/navigation_development_artifacts_v1/go2_settled_boundary_maze_pilot_v2_attempt_001/result.json,,,"{""status"":""SETTLED_BOUNDARY_MAZE_PILOT_V2_COMPLETE"",""wall_s"":4828.639275410911}",docs/go2_novel_maze_round_trip_pilot_status_2026-09-08.md;docs/go2_settled_boundary_maze_pilot_result_2026-09-09.md;docs/go2_settled_boundary_maze_pilot_v2_2026-09-09.md,,,,,
go2_settled_boundary_maze_readout_v2_attempt_001,SETTLED_BOUNDARY_MAZE_READOUT_V2_COMPLETE,,,/home/andrewknowles/RecoveryStorage/LeWMQuad-v3/.generated/navigation_development_artifacts_v1/go2_settled_boundary_maze_readout_v2_attempt_001/result.json,,,"{""status"":""SETTLED_BOUNDARY_MAZE_READOUT_V2_COMPLETE""}",docs/go2_settled_boundary_maze_pilot_result_2026-09-09.md;docs/go2_settled_boundary_maze_readout_v2_2026-09-09.md,,,,,
go2_shadow_stopping_projection_complete_comparison_v1_attempt_001,RESULT_RECORDED,,,/home/andrewknowles/RecoveryStorage/LeWMQuad-v3/.generated/navigation_development_artifacts_v1/go2_shadow_stopping_projection_complete_comparison_v1_attempt_001/result.json,,,{},docs/go2_shadow_stopping_projection_2026-09-15.md,,,,,
go2_shadow_stopping_projection_seed_2026091001_full_supervised_rollout_noise_2mm_native_layout00_4800_v1_attempt_001,PACED_NATIVE_PREFIX_COMPLETE,OBSERVED_ROUND_TRIP_CANDIDATE,False,/home/andrewknowles/RecoveryStorage/LeWMQuad-v3/.generated/navigation_development_artifacts_v1/go2_shadow_stopping_projection_seed_2026091001_full_supervised_rollout_noise_2mm_native_layout00_4800_v1_attempt_001/result.json,,,"{""status"":""PACED_NATIVE_PREFIX_COMPLETE"",""mission_terminal"":""OBSERVED_ROUND_TRIP_CANDIDATE"",""navigation_success_claimed"":false,""simulation_s"":287.12,""wall_s"":300.469358115,""camera_frames"":2870,""disallowed_contact"":false,""observed_arrivals"":""[{\""phase\"":\""OUTBOUND\"",\""frame\"":2275,\""measured_ns\"":229000000000,\""target_initial_body_xy_m\"":[3.9000000000000004,-1.3],\""observed_position_initial_body_xy_m\"":[3.91219536594744,-1.2926700963228344],\""observed_distance_m\"":0.01422864851307029,\""quiet_intervals\"":10,\""native_verified\"":false},{\""phase\"":\""RETURN\"",\""frame\"":2868,\""measured_ns\"":288300000000,\""target_initial_body_xy_m\"":[0.0,0.0],\""observed_position_initial_body_xy_m\"":[0.0039010191900138015,-0.003774334667338729],\""observed_distance_m\"":0.005428033981280045,\""quiet_intervals\"":10,\""native_verified\"":false}]""}",docs/go2_development_artifact_retention_2026-09-14.md,/home/andrewknowles/RecoveryStorage/LeWMQuad-v3/.generated/navigation_development_artifacts_v1/go2_shadow_stopping_projection_seed_2026091001_full_supervised_rollout_noise_2mm_native_layout00_4800_v1_attempt_001/continuous_native_arrival_evaluation.json,1,1,True,0
go2_shadow_stopping_projection_seed_2026091001_full_supervised_rollout_noise_2mm_native_layout01_4800_v1_attempt_001,PACED_NATIVE_PREFIX_COMPLETE,OBSERVED_ROUND_TRIP_CANDIDATE,False,/home/andrewknowles/RecoveryStorage/LeWMQuad-v3/.generated/navigation_development_artifacts_v1/go2_shadow_stopping_projection_seed_2026091001_full_supervised_rollout_noise_2mm_native_layout01_4800_v1_attempt_001/result.json,,,"{""status"":""PACED_NATIVE_PREFIX_COMPLETE"",""mission_terminal"":""OBSERVED_ROUND_TRIP_CANDIDATE"",""navigation_success_claimed"":false,""simulation_s"":160.44,""wall_s"":161.050290391,""camera_frames"":1601,""disallowed_contact"":false,""observed_arrivals"":""[{\""phase\"":\""OUTBOUND\"",\""frame\"":1020,\""measured_ns\"":103500000000,\""target_initial_body_xy_m\"":[3.9000000000000004,0.0],\""observed_position_initial_body_xy_m\"":[3.910856624143803,-0.010657201044233948],\""observed_distance_m\"":0.015213225229944631,\""quiet_intervals\"":10,\""native_verified\"":false},{\""phase\"":\""RETURN\"",\""frame\"":1599,\""measured_ns\"":161400000000,\""target_initial_body_xy_m\"":[0.0,0.0],\""observed_position_initial_body_xy_m\"":[0.011344249901166075,-0.011372507132674322],\""observed_distance_m\"":0.016063185372236565,\""quiet_intervals\"":10,\""native_verified\"":false}]""}",docs/go2_development_artifact_retention_2026-09-14.md,/home/andrewknowles/RecoveryStorage/LeWMQuad-v3/.generated/navigation_development_artifacts_v1/go2_shadow_stopping_projection_seed_2026091001_full_supervised_rollout_noise_2mm_native_layout01_4800_v1_attempt_001/continuous_native_arrival_evaluation.json,1,1,True,0
go2_shared_candidate_history_equivalence_v1_attempt_001,PASS,,,/home/andrewknowles/RecoveryStorage/LeWMQuad-v3/.generated/navigation_development_artifacts_v1/go2_shared_candidate_history_equivalence_v1_attempt_001/result.json,,,"{""status"":""PASS""}",docs/go2_planning_cost_profile_2026-09-16.md,,,,,
go2_shared_history_plus20ms_jepa_noise_2mm_native_layout03_4800_v1_attempt_001,PACED_NATIVE_PREFIX_COMPLETE,MISSION_TICK_BUDGET_EXHAUSTED,False,/home/andrewknowles/RecoveryStorage/LeWMQuad-v3/.generated/navigation_development_artifacts_v1/go2_shared_history_plus20ms_jepa_noise_2mm_native_layout03_4800_v1_attempt_001/result.json,,,"{""status"":""PACED_NATIVE_PREFIX_COMPLETE"",""mission_terminal"":""MISSION_TICK_BUDGET_EXHAUSTED"",""navigation_success_claimed"":false,""simulation_s"":480.9,""wall_s"":620.456105753,""camera_frames"":4805,""disallowed_contact"":false,""observed_arrivals"":""[]""}",docs/go2_development_artifact_retention_2026-09-14.md,/home/andrewknowles/RecoveryStorage/LeWMQuad-v3/.generated/navigation_development_artifacts_v1/go2_shared_history_plus20ms_jepa_noise_2mm_native_layout03_4800_v1_attempt_001/continuous_native_arrival_evaluation.json,0,0,False,0
go2_shared_history_plus20ms_supervised_rollout_noise_2mm_native_layout03_4800_v1_attempt_001,PACED_NATIVE_PREFIX_COMPLETE,MISSION_TICK_BUDGET_EXHAUSTED,False,/home/andrewknowles/RecoveryStorage/LeWMQuad-v3/.generated/navigation_development_artifacts_v1/go2_shared_history_plus20ms_supervised_rollout_noise_2mm_native_layout03_4800_v1_attempt_001/result.json,,,"{""status"":""PACED_NATIVE_PREFIX_COMPLETE"",""mission_terminal"":""MISSION_TICK_BUDGET_EXHAUSTED"",""navigation_success_claimed"":false,""simulation_s"":480.86,""wall_s"":623.711474299,""camera_frames"":4805,""disallowed_contact"":false,""observed_arrivals"":""[]""}",docs/go2_development_artifact_retention_2026-09-14.md,/home/andrewknowles/RecoveryStorage/LeWMQuad-v3/.generated/navigation_development_artifacts_v1/go2_shared_history_plus20ms_supervised_rollout_noise_2mm_native_layout03_4800_v1_attempt_001/continuous_native_arrival_evaluation.json,0,0,False,0
go2_shared_recovery_transfer_comparison_layout00_v1_attempt_001,RESULT_RECORDED,,,/home/andrewknowles/RecoveryStorage/LeWMQuad-v3/.generated/navigation_development_artifacts_v1/go2_shared_recovery_transfer_comparison_layout00_v1_attempt_001/result.json,,,{},docs/go2_shared_recovery_transfer_2026-09-15.md,,,,,
go2_shared_recovery_transfer_complete_comparison_v1_attempt_001,RESULT_RECORDED,,,/home/andrewknowles/RecoveryStorage/LeWMQuad-v3/.generated/navigation_development_artifacts_v1/go2_shared_recovery_transfer_complete_comparison_v1_attempt_001/result.json,,,"{""round_trips"":9}",docs/go2_shared_recovery_transfer_2026-09-15.md,,,,,
go2_shared_recovery_transfer_pose_command_noise_2mm_native_layout00_4800_v1_attempt_001,PACED_NATIVE_PREFIX_COMPLETE,OBSERVED_ROUND_TRIP_CANDIDATE,False,/home/andrewknowles/RecoveryStorage/LeWMQuad-v3/.generated/navigation_development_artifacts_v1/go2_shared_recovery_transfer_pose_command_noise_2mm_native_layout00_4800_v1_attempt_001/result.json,,,"{""status"":""PACED_NATIVE_PREFIX_COMPLETE"",""mission_terminal"":""OBSERVED_ROUND_TRIP_CANDIDATE"",""navigation_success_claimed"":false,""simulation_s"":235.86,""wall_s"":242.440783593,""camera_frames"":2354,""disallowed_contact"":false,""observed_arrivals"":""[{\""phase\"":\""OUTBOUND\"",\""frame\"":1712,\""measured_ns\"":172700000000,\""target_initial_body_xy_m\"":[3.9000000000000004,-1.3],\""observed_position_initial_body_xy_m\"":[3.890408807517598,-1.2937804260966927],\""observed_distance_m\"":0.01143127607807601,\""quiet_intervals\"":10,\""native_verified\"":false},{\""phase\"":\""RETURN\"",\""frame\"":2351,\""measured_ns\"":236600000000,\""target_initial_body_xy_m\"":[0.0,0.0],\""observed_position_initial_body_xy_m\"":[0.013129587359441312,-0.01100154746825904],\""observed_distance_m\"":0.01712950994411568,\""quiet_intervals\"":10,\""native_verified\"":false}]""}",docs/go2_development_artifact_retention_2026-09-14.md,/home/andrewknowles/RecoveryStorage/LeWMQuad-v3/.generated/navigation_development_artifacts_v1/go2_shared_recovery_transfer_pose_command_noise_2mm_native_layout00_4800_v1_attempt_001/continuous_native_arrival_evaluation.json,1,1,True,0
go2_shared_recovery_transfer_pose_command_noise_2mm_native_layout01_4800_v1_attempt_001,PACED_NATIVE_PREFIX_COMPLETE,OBSERVED_ROUND_TRIP_CANDIDATE,False,/home/andrewknowles/RecoveryStorage/LeWMQuad-v3/.generated/navigation_development_artifacts_v1/go2_shared_recovery_transfer_pose_command_noise_2mm_native_layout01_4800_v1_attempt_001/result.json,,,"{""status"":""PACED_NATIVE_PREFIX_COMPLETE"",""mission_terminal"":""OBSERVED_ROUND_TRIP_CANDIDATE"",""navigation_success_claimed"":false,""simulation_s"":158.36,""wall_s"":159.184287571,""camera_frames"":1582,""disallowed_contact"":false,""observed_arrivals"":""[{\""phase\"":\""OUTBOUND\"",\""frame\"":1017,\""measured_ns\"":103200000000,\""target_initial_body_xy_m\"":[3.9000000000000004,0.0],\""observed_position_initial_body_xy_m\"":[3.9101613421662837,-0.01609971028779272],\""observed_distance_m\"":0.019038212783009534,\""quiet_intervals\"":10,\""native_verified\"":false},{\""phase\"":\""RETURN\"",\""frame\"":1580,\""measured_ns\"":159500000000,\""target_initial_body_xy_m\"":[0.0,0.0],\""observed_position_initial_body_xy_m\"":[0.005824413759959318,0.00750566688101197],\""observed_distance_m\"":0.009500464776837152,\""quiet_intervals\"":10,\""native_verified\"":false}]""}",docs/go2_development_artifact_retention_2026-09-14.md,/home/andrewknowles/RecoveryStorage/LeWMQuad-v3/.generated/navigation_development_artifacts_v1/go2_shared_recovery_transfer_pose_command_noise_2mm_native_layout01_4800_v1_attempt_001/continuous_native_arrival_evaluation.json,1,1,True,0
go2_shared_recovery_transfer_reactive_noise_2mm_native_layout00_4800_v1_attempt_001,PACED_NATIVE_PREFIX_COMPLETE,OBSERVED_ROUND_TRIP_CANDIDATE,False,/home/andrewknowles/RecoveryStorage/LeWMQuad-v3/.generated/navigation_development_artifacts_v1/go2_shared_recovery_transfer_reactive_noise_2mm_native_layout00_4800_v1_attempt_001/result.json,,,"{""status"":""PACED_NATIVE_PREFIX_COMPLETE"",""mission_terminal"":""OBSERVED_ROUND_TRIP_CANDIDATE"",""navigation_success_claimed"":false,""simulation_s"":223.92,""wall_s"":224.292139739,""camera_frames"":2238,""disallowed_contact"":false,""observed_arrivals"":""[{\""phase\"":\""OUTBOUND\"",\""frame\"":1472,\""measured_ns\"":148700000000,\""target_initial_body_xy_m\"":[3.9000000000000004,-1.3],\""observed_position_initial_body_xy_m\"":[3.893424806535899,-1.2843522228790258],\""observed_distance_m\"":0.01697309924315667,\""quiet_intervals\"":10,\""native_verified\"":false},{\""phase\"":\""RETURN\"",\""frame\"":2236,\""measured_ns\"":225100000000,\""target_initial_body_xy_m\"":[0.0,0.0],\""observed_position_initial_body_xy_m\"":[0.01191203655706852,-0.004112505388065862],\""observed_distance_m\"":0.012601956812487797,\""quiet_intervals\"":10,\""native_verified\"":false}]""}",docs/go2_development_artifact_retention_2026-09-14.md,/home/andrewknowles/RecoveryStorage/LeWMQuad-v3/.generated/navigation_development_artifacts_v1/go2_shared_recovery_transfer_reactive_noise_2mm_native_layout00_4800_v1_attempt_001/continuous_native_arrival_evaluation.json,1,1,True,0
go2_shared_recovery_transfer_seed_2026091001_full_direct_noise_2mm_native_layout00_4800_v1_attempt_001,PACED_NATIVE_PREFIX_COMPLETE,OBSERVED_ROUND_TRIP_CANDIDATE,False,/home/andrewknowles/RecoveryStorage/LeWMQuad-v3/.generated/navigation_development_artifacts_v1/go2_shared_recovery_transfer_seed_2026091001_full_direct_noise_2mm_native_layout00_4800_v1_attempt_001/result.json,,,"{""status"":""PACED_NATIVE_PREFIX_COMPLETE"",""mission_terminal"":""OBSERVED_ROUND_TRIP_CANDIDATE"",""navigation_success_claimed"":false,""simulation_s"":236.16,""wall_s"":238.635241657,""camera_frames"":2359,""disallowed_contact"":false,""observed_arrivals"":""[{\""phase\"":\""OUTBOUND\"",\""frame\"":1714,\""measured_ns\"":172900000000,\""target_initial_body_xy_m\"":[3.9000000000000004,-1.3],\""observed_position_initial_body_xy_m\"":[3.913147575161304,-1.3099564912856185],\""observed_distance_m\"":0.016492133013734804,\""quiet_intervals\"":10,\""native_verified\"":false},{\""phase\"":\""RETURN\"",\""frame\"":2356,\""measured_ns\"":237100000000,\""target_initial_body_xy_m\"":[0.0,0.0],\""observed_position_initial_body_xy_m\"":[0.008245836797400955,-0.0006344769448114617],\""observed_distance_m\"":0.008270210727839341,\""quiet_intervals\"":10,\""native_verified\"":false}]""}",docs/go2_development_artifact_retention_2026-09-14.md,/home/andrewknowles/RecoveryStorage/LeWMQuad-v3/.generated/navigation_development_artifacts_v1/go2_shared_recovery_transfer_seed_2026091001_full_direct_noise_2mm_native_layout00_4800_v1_attempt_001/continuous_native_arrival_evaluation.json,1,1,True,0
go2_shared_recovery_transfer_seed_2026091001_full_direct_noise_2mm_native_layout01_4800_v1_attempt_001,PACED_NATIVE_PREFIX_COMPLETE,OBSERVED_ROUND_TRIP_CANDIDATE,False,/home/andrewknowles/RecoveryStorage/LeWMQuad-v3/.generated/navigation_development_artifacts_v1/go2_shared_recovery_transfer_seed_2026091001_full_direct_noise_2mm_native_layout01_4800_v1_attempt_001/result.json,,,"{""status"":""PACED_NATIVE_PREFIX_COMPLETE"",""mission_terminal"":""OBSERVED_ROUND_TRIP_CANDIDATE"",""navigation_success_claimed"":false,""simulation_s"":170.36,""wall_s"":171.166123959,""camera_frames"":1702,""disallowed_contact"":false,""observed_arrivals"":""[{\""phase\"":\""OUTBOUND\"",\""frame\"":1140,\""measured_ns\"":115500000000,\""target_initial_body_xy_m\"":[3.9000000000000004,0.0],\""observed_position_initial_body_xy_m\"":[3.8922882830078755,-0.013268690612432186],\""observed_distance_m\"":0.015346945283510738,\""quiet_intervals\"":10,\""native_verified\"":false},{\""phase\"":\""RETURN\"",\""frame\"":1700,\""measured_ns\"":171500000000,\""target_initial_body_xy_m\"":[0.0,0.0],\""observed_position_initial_body_xy_m\"":[-0.006611888533383193,0.005396277292942056],\""observed_distance_m\"":0.008534452448763552,\""quiet_intervals\"":10,\""native_verified\"":false}]""}",docs/go2_development_artifact_retention_2026-09-14.md,/home/andrewknowles/RecoveryStorage/LeWMQuad-v3/.generated/navigation_development_artifacts_v1/go2_shared_recovery_transfer_seed_2026091001_full_direct_noise_2mm_native_layout01_4800_v1_attempt_001/continuous_native_arrival_evaluation.json,1,1,True,0
go2_shared_recovery_transfer_seed_2026091001_full_jepa_noise_2mm_native_layout00_4800_v1_attempt_001,PACED_NATIVE_PREFIX_COMPLETE,OBSERVED_ROUND_TRIP_CANDIDATE,False,/home/andrewknowles/RecoveryStorage/LeWMQuad-v3/.generated/navigation_development_artifacts_v1/go2_shared_recovery_transfer_seed_2026091001_full_jepa_noise_2mm_native_layout00_4800_v1_attempt_001/result.json,,,"{""status"":""PACED_NATIVE_PREFIX_COMPLETE"",""mission_terminal"":""OBSERVED_ROUND_TRIP_CANDIDATE"",""navigation_success_claimed"":false,""simulation_s"":301.34,""wall_s"":304.298370935,""camera_frames"":3009,""disallowed_contact"":false,""observed_arrivals"":""[{\""phase\"":\""OUTBOUND\"",\""frame\"":2368,\""measured_ns\"":238300000000,\""target_initial_body_xy_m\"":[3.9000000000000004,-1.3],\""observed_position_initial_body_xy_m\"":[3.9045439876010843,-1.2811153994728717],\""observed_distance_m\"":0.01942359288051575,\""quiet_intervals\"":10,\""native_verified\"":false},{\""phase\"":\""RETURN\"",\""frame\"":3007,\""measured_ns\"":302200000000,\""target_initial_body_xy_m\"":[0.0,0.0],\""observed_position_initial_body_xy_m\"":[0.01768013011652248,-0.00018576496995221156],\""observed_distance_m\"":0.017681106005033358,\""quiet_intervals\"":10,\""native_verified\"":false}]""}",docs/go2_development_artifact_retention_2026-09-14.md,/home/andrewknowles/RecoveryStorage/LeWMQuad-v3/.generated/navigation_development_artifacts_v1/go2_shared_recovery_transfer_seed_2026091001_full_jepa_noise_2mm_native_layout00_4800_v1_attempt_001/continuous_native_arrival_evaluation.json,1,1,True,0
go2_shared_recovery_transfer_seed_2026091001_full_jepa_noise_2mm_native_layout01_4800_v1_attempt_001,PACED_NATIVE_PREFIX_COMPLETE,OBSERVED_ROUND_TRIP_CANDIDATE,False,/home/andrewknowles/RecoveryStorage/LeWMQuad-v3/.generated/navigation_development_artifacts_v1/go2_shared_recovery_transfer_seed_2026091001_full_jepa_noise_2mm_native_layout01_4800_v1_attempt_001/result.json,,,"{""status"":""PACED_NATIVE_PREFIX_COMPLETE"",""mission_terminal"":""OBSERVED_ROUND_TRIP_CANDIDATE"",""navigation_success_claimed"":false,""simulation_s"":174.56,""wall_s"":175.368329988,""camera_frames"":1744,""disallowed_contact"":false,""observed_arrivals"":""[{\""phase\"":\""OUTBOUND\"",\""frame\"":1196,\""measured_ns\"":121100000000,\""target_initial_body_xy_m\"":[3.9000000000000004,0.0],\""observed_position_initial_body_xy_m\"":[3.897391739276071,0.019432800491567287],\""observed_distance_m\"":0.019607058906145284,\""quiet_intervals\"":10,\""native_verified\"":false},{\""phase\"":\""RETURN\"",\""frame\"":1742,\""measured_ns\"":175700000000,\""target_initial_body_xy_m\"":[0.0,0.0],\""observed_position_initial_body_xy_m\"":[-0.017299987850873732,0.0004926136376359622],\""observed_distance_m\"":0.017306999966382495,\""quiet_intervals\"":10,\""native_verified\"":false}]""}",docs/go2_development_artifact_retention_2026-09-14.md,/home/andrewknowles/RecoveryStorage/LeWMQuad-v3/.generated/navigation_development_artifacts_v1/go2_shared_recovery_transfer_seed_2026091001_full_jepa_noise_2mm_native_layout01_4800_v1_attempt_001/continuous_native_arrival_evaluation.json,1,1,True,0
go2_shared_recovery_transfer_seed_2026091001_full_supervised_rollout_noise_2mm_native_layout00_4800_v1_attempt_001,PACED_NATIVE_PREFIX_COMPLETE,OBSERVED_ROUND_TRIP_CANDIDATE,False,/home/andrewknowles/RecoveryStorage/LeWMQuad-v3/.generated/navigation_development_artifacts_v1/go2_shared_recovery_transfer_seed_2026091001_full_supervised_rollout_noise_2mm_native_layout00_4800_v1_attempt_001/result.json,,,"{""status"":""PACED_NATIVE_PREFIX_COMPLETE"",""mission_terminal"":""OBSERVED_ROUND_TRIP_CANDIDATE"",""navigation_success_claimed"":false,""simulation_s"":245.58,""wall_s"":246.781621539,""camera_frames"":2454,""disallowed_contact"":false,""observed_arrivals"":""[{\""phase\"":\""OUTBOUND\"",\""frame\"":1636,\""measured_ns\"":165100000000,\""target_initial_body_xy_m\"":[3.9000000000000004,-1.3],\""observed_position_initial_body_xy_m\"":[3.9189791101159783,-1.2945412688494027],\""observed_distance_m\"":0.019748528212728142,\""quiet_intervals\"":10,\""native_verified\"":false},{\""phase\"":\""RETURN\"",\""frame\"":2452,\""measured_ns\"":246700000000,\""target_initial_body_xy_m\"":[0.0,0.0],\""observed_position_initial_body_xy_m\"":[0.010203467551790676,-0.015720725510303013],\""observed_distance_m\"":0.01874171712119082,\""quiet_intervals\"":10,\""native_verified\"":false}]""}",docs/go2_development_artifact_retention_2026-09-14.md,/home/andrewknowles/RecoveryStorage/LeWMQuad-v3/.generated/navigation_development_artifacts_v1/go2_shared_recovery_transfer_seed_2026091001_full_supervised_rollout_noise_2mm_native_layout00_4800_v1_attempt_001/continuous_native_arrival_evaluation.json,1,1,True,0
go2_shared_recovery_transfer_seed_2026091001_full_supervised_rollout_noise_2mm_native_layout01_4800_v1_attempt_001,PACED_NATIVE_PREFIX_COMPLETE,OBSERVED_ROUND_TRIP_CANDIDATE,False,/home/andrewknowles/RecoveryStorage/LeWMQuad-v3/.generated/navigation_development_artifacts_v1/go2_shared_recovery_transfer_seed_2026091001_full_supervised_rollout_noise_2mm_native_layout01_4800_v1_attempt_001/result.json,,,"{""status"":""PACED_NATIVE_PREFIX_COMPLETE"",""mission_terminal"":""OBSERVED_ROUND_TRIP_CANDIDATE"",""navigation_success_claimed"":false,""simulation_s"":167.28,""wall_s"":167.714999813,""camera_frames"":1665,""disallowed_contact"":false,""observed_arrivals"":""[{\""phase\"":\""OUTBOUND\"",\""frame\"":1157,\""measured_ns\"":117200000000,\""target_initial_body_xy_m\"":[3.9000000000000004,0.0],\""observed_position_initial_body_xy_m\"":[3.915032435590798,0.01227150683982315],\""observed_distance_m\"":0.01940525701739895,\""quiet_intervals\"":10,\""native_verified\"":false},{\""phase\"":\""RETURN\"",\""frame\"":1662,\""measured_ns\"":167700000000,\""target_initial_body_xy_m\"":[0.0,0.0],\""observed_position_initial_body_xy_m\"":[-0.017420185397725007,0.007187871931290424],\""observed_distance_m\"":0.01884484975243221,\""quiet_intervals\"":10,\""native_verified\"":false}]""}",docs/go2_development_artifact_retention_2026-09-14.md,/home/andrewknowles/RecoveryStorage/LeWMQuad-v3/.generated/navigation_development_artifacts_v1/go2_shared_recovery_transfer_seed_2026091001_full_supervised_rollout_noise_2mm_native_layout01_4800_v1_attempt_001/continuous_native_arrival_evaluation.json,1,1,True,0
go2_shared_surface_anchored_prefix_v1_attempt_001,SHARED_SURFACE_ANCHORED_PREFIX_V1_COMPLETE,,,/home/andrewknowles/RecoveryStorage/LeWMQuad-v3/.generated/navigation_development_artifacts_v1/go2_shared_surface_anchored_prefix_v1_attempt_001/result.json,,,"{""status"":""SHARED_SURFACE_ANCHORED_PREFIX_V1_COMPLETE"",""wall_s"":1727.356805393938}",docs/go2_shared_surface_anchored_execution_2026-09-10.md;docs/go2_shared_surface_anchored_prefix_result_2026-09-10.md;docs/go2_shared_surface_anchored_prefix_v1_2026-09-10.md,,,,,
go2_short_complete_raw_audit_cpu_monitor_v1_attempt_001,SHORT_COMPLETE_RAW_AUDIT_CPU_MONITOR_V1_COMPLETE,,,/home/andrewknowles/RecoveryStorage/LeWMQuad-v3/.generated/navigation_development_artifacts_v1/go2_short_complete_raw_audit_cpu_monitor_v1_attempt_001/result.json,,,"{""status"":""SHORT_COMPLETE_RAW_AUDIT_CPU_MONITOR_V1_COMPLETE""}",docs/go2_short_complete_raw_audit_cpu_monitor_result_2026-09-11.md,,,,,
go2_short_pulse_command_control_v1_attempt_001,COMPLETE,,,/home/andrewknowles/RecoveryStorage/LeWMQuad-v3/.generated/navigation_development_artifacts_v1/go2_short_pulse_command_control_v1_attempt_001/result.json,,,"{""status"":""COMPLETE""}",docs/go2_short_pulse_learning_2026-09-16.md,,,,,
go2_short_pulse_command_executed_windows_v1_attempt_001,COMPLETE,,,/home/andrewknowles/RecoveryStorage/LeWMQuad-v3/.generated/navigation_development_artifacts_v1/go2_short_pulse_command_executed_windows_v1_attempt_001/result.json,,,"{""status"":""COMPLETE"",""wall_s"":14.848557922057807}",docs/go2_short_pulse_learning_2026-09-16.md,,,,,
go2_short_pulse_contact_forecasts_first_four_v1_attempt_002,COMPLETE,,,/home/andrewknowles/RecoveryStorage/LeWMQuad-v3/.generated/navigation_development_artifacts_v1/go2_short_pulse_contact_forecasts_first_four_v1_attempt_002/result.json,,,"{""status"":""COMPLETE""}",docs/go2_short_pulse_navigation_2026-09-16.md,,,,,
go2_short_pulse_direct_contact_floor_replay_v1_attempt_001,COMPLETE,,,/home/andrewknowles/RecoveryStorage/LeWMQuad-v3/.generated/navigation_development_artifacts_v1/go2_short_pulse_direct_contact_floor_replay_v1_attempt_001/result.json,,,"{""status"":""COMPLETE"",""wall_s"":74.60267040715553}",docs/go2_short_pulse_navigation_2026-09-16.md,,,,,
go2_short_pulse_direct_contact_map_replay_v1_attempt_001,COMPLETE,,,/home/andrewknowles/RecoveryStorage/LeWMQuad-v3/.generated/navigation_development_artifacts_v1/go2_short_pulse_direct_contact_map_replay_v1_attempt_001/result.json,,,"{""status"":""COMPLETE"",""wall_s"":73.51496704807505}",docs/go2_short_pulse_navigation_2026-09-16.md,,,,,
go2_short_pulse_initial_survey_stall_map_replay_v1_attempt_001,COMPLETE,,,/home/andrewknowles/RecoveryStorage/LeWMQuad-v3/.generated/navigation_development_artifacts_v1/go2_short_pulse_initial_survey_stall_map_replay_v1_attempt_001/result.json,,,"{""status"":""COMPLETE"",""wall_s"":24.818302049068734}",docs/go2_short_pulse_navigation_2026-09-16.md,,,,,
go2_short_pulse_learning_v1_attempt_001,COMPLETE,,,/home/andrewknowles/RecoveryStorage/LeWMQuad-v3/.generated/navigation_development_artifacts_v1/go2_short_pulse_learning_v1_attempt_001/result.json,,,"{""status"":""COMPLETE"",""wall_s"":168.28311533597298}",docs/go2_development_artifact_retention_2026-09-14.md,,,,,
go2_short_pulse_navigation_assignment01_analysis_v1_attempt_001,RESULT_RECORDED,,,/home/andrewknowles/RecoveryStorage/LeWMQuad-v3/.generated/navigation_development_artifacts_v1/go2_short_pulse_navigation_assignment01_analysis_v1_attempt_001/result.json,,,{},docs/go2_short_pulse_navigation_2026-09-16.md,,,,,
go2_short_pulse_navigation_command_history_noise_2mm_native_layout00_4800_v1_attempt_001,PACED_NATIVE_PREFIX_COMPLETE,MISSION_TICK_BUDGET_EXHAUSTED,False,/home/andrewknowles/RecoveryStorage/LeWMQuad-v3/.generated/navigation_development_artifacts_v1/go2_short_pulse_navigation_command_history_noise_2mm_native_layout00_4800_v1_attempt_001/result.json,,,"{""status"":""PACED_NATIVE_PREFIX_COMPLETE"",""mission_terminal"":""MISSION_TICK_BUDGET_EXHAUSTED"",""navigation_success_claimed"":false,""simulation_s"":480.92,""wall_s"":620.217884943,""camera_frames"":4805,""disallowed_contact"":false,""observed_arrivals"":""[{\""phase\"":\""OUTBOUND\"",\""frame\"":3171,\""measured_ns\"":318600000000,\""target_initial_body_xy_m\"":[0.0,2.6],\""observed_position_initial_body_xy_m\"":[0.016488319702794733,2.608712545198143],\""observed_distance_m\"":0.01864867637263449,\""quiet_intervals\"":10,\""native_verified\"":false}]""}",docs/go2_development_artifact_retention_2026-09-14.md,/home/andrewknowles/RecoveryStorage/LeWMQuad-v3/.generated/navigation_development_artifacts_v1/go2_short_pulse_navigation_command_history_noise_2mm_native_layout00_4800_v1_attempt_001/continuous_native_arrival_evaluation.json,1,0,False,0
go2_short_pulse_navigation_command_history_noise_2mm_native_layout01_4800_v1_attempt_001,PACED_NATIVE_PREFIX_COMPLETE,MISSION_TICK_BUDGET_EXHAUSTED,False,/home/andrewknowles/RecoveryStorage/LeWMQuad-v3/.generated/navigation_development_artifacts_v1/go2_short_pulse_navigation_command_history_noise_2mm_native_layout01_4800_v1_attempt_001/result.json,,,"{""status"":""PACED_NATIVE_PREFIX_COMPLETE"",""mission_terminal"":""MISSION_TICK_BUDGET_EXHAUSTED"",""navigation_success_claimed"":false,""simulation_s"":480.92,""wall_s"":628.395972206,""camera_frames"":4805,""disallowed_contact"":false,""observed_arrivals"":""[]""}",docs/go2_development_artifact_retention_2026-09-14.md,/home/andrewknowles/RecoveryStorage/LeWMQuad-v3/.generated/navigation_development_artifacts_v1/go2_short_pulse_navigation_command_history_noise_2mm_native_layout01_4800_v1_attempt_001/continuous_native_arrival_evaluation.json,0,0,False,0
go2_short_pulse_navigation_complete_v1_attempt_001,COMPLETE,,,/home/andrewknowles/RecoveryStorage/LeWMQuad-v3/.generated/navigation_development_artifacts_v1/go2_short_pulse_navigation_complete_v1_attempt_001/result.json,,,"{""status"":""COMPLETE"",""round_trips"":3}",docs/go2_short_pulse_navigation_2026-09-16.md;docs/go2_short_pulse_navigation_complete_result_2026-09-16.md,,,,,
go2_short_pulse_navigation_direct_noise_2mm_native_layout01_4800_v1_attempt_001,PACED_NATIVE_PREFIX_COMPLETE,MISSION_TICK_BUDGET_EXHAUSTED,False,/home/andrewknowles/RecoveryStorage/LeWMQuad-v3/.generated/navigation_development_artifacts_v1/go2_short_pulse_navigation_direct_noise_2mm_native_layout01_4800_v1_attempt_001/result.json,,,"{""status"":""PACED_NATIVE_PREFIX_COMPLETE"",""mission_terminal"":""MISSION_TICK_BUDGET_EXHAUSTED"",""navigation_success_claimed"":false,""simulation_s"":480.94,""wall_s"":629.531909354,""camera_frames"":4805,""disallowed_contact"":false,""observed_arrivals"":""[]""}",docs/go2_development_artifact_retention_2026-09-14.md;docs/go2_obstacle_grouping_navigation_2026-09-16.md,/home/andrewknowles/RecoveryStorage/LeWMQuad-v3/.generated/navigation_development_artifacts_v1/go2_short_pulse_navigation_direct_noise_2mm_native_layout01_4800_v1_attempt_001/continuous_native_arrival_evaluation.json,0,0,False,0
go2_short_pulse_navigation_instantaneous_noise_2mm_native_layout00_4800_v1_attempt_001,PACED_NATIVE_PREFIX_COMPLETE,MISSION_TICK_BUDGET_EXHAUSTED,False,/home/andrewknowles/RecoveryStorage/LeWMQuad-v3/.generated/navigation_development_artifacts_v1/go2_short_pulse_navigation_instantaneous_noise_2mm_native_layout00_4800_v1_attempt_001/result.json,,,"{""status"":""PACED_NATIVE_PREFIX_COMPLETE"",""mission_terminal"":""MISSION_TICK_BUDGET_EXHAUSTED"",""navigation_success_claimed"":false,""simulation_s"":480.9,""wall_s"":621.688939614,""camera_frames"":4805,""disallowed_contact"":false,""observed_arrivals"":""[{\""phase\"":\""OUTBOUND\"",\""frame\"":3451,\""measured_ns\"":346600000000,\""target_initial_body_xy_m\"":[0.0,2.6],\""observed_position_initial_body_xy_m\"":[0.009969526038157294,2.5951112327627994],\""observed_distance_m\"":0.011103670317738314,\""quiet_intervals\"":10,\""native_verified\"":false}]""}",docs/go2_development_artifact_retention_2026-09-14.md,/home/andrewknowles/RecoveryStorage/LeWMQuad-v3/.generated/navigation_development_artifacts_v1/go2_short_pulse_navigation_instantaneous_noise_2mm_native_layout00_4800_v1_attempt_001/continuous_native_arrival_evaluation.json,1,0,False,0
go2_short_pulse_navigation_instantaneous_noise_2mm_native_layout01_4800_v1_attempt_001,PACED_NATIVE_PREFIX_COMPLETE,MISSION_TICK_BUDGET_EXHAUSTED,False,/home/andrewknowles/RecoveryStorage/LeWMQuad-v3/.generated/navigation_development_artifacts_v1/go2_short_pulse_navigation_instantaneous_noise_2mm_native_layout01_4800_v1_attempt_001/result.json,,,"{""status"":""PACED_NATIVE_PREFIX_COMPLETE"",""mission_terminal"":""MISSION_TICK_BUDGET_EXHAUSTED"",""navigation_success_claimed"":false,""simulation_s"":480.86,""wall_s"":612.54797339,""camera_frames"":4805,""disallowed_contact"":false,""observed_arrivals"":""[]""}",docs/go2_development_artifact_retention_2026-09-14.md,/home/andrewknowles/RecoveryStorage/LeWMQuad-v3/.generated/navigation_development_artifacts_v1/go2_short_pulse_navigation_instantaneous_noise_2mm_native_layout01_4800_v1_attempt_001/continuous_native_arrival_evaluation.json,0,0,False,0
go2_short_pulse_navigation_jepa_noise_2mm_native_layout00_4800_v1_attempt_001,PACED_NATIVE_PREFIX_COMPLETE,MISSION_TICK_BUDGET_EXHAUSTED,False,/home/andrewknowles/RecoveryStorage/LeWMQuad-v3/.generated/navigation_development_artifacts_v1/go2_short_pulse_navigation_jepa_noise_2mm_native_layout00_4800_v1_attempt_001/result.json,,,"{""status"":""PACED_NATIVE_PREFIX_COMPLETE"",""mission_terminal"":""MISSION_TICK_BUDGET_EXHAUSTED"",""navigation_success_claimed"":false,""simulation_s"":480.82,""wall_s"":622.456335402,""camera_frames"":4806,""disallowed_contact"":false,""observed_arrivals"":""[{\""phase\"":\""OUTBOUND\"",\""frame\"":3552,\""measured_ns\"":356700000000,\""target_initial_body_xy_m\"":[0.0,2.6],\""observed_position_initial_body_xy_m\"":[0.00887798886910543,2.5829625117741988],\""observed_distance_m\"":0.0192118372730012,\""quiet_intervals\"":10,\""native_verified\"":false}]""}",docs/go2_development_artifact_retention_2026-09-14.md;docs/go2_short_pulse_navigation_2026-09-16.md,/home/andrewknowles/RecoveryStorage/LeWMQuad-v3/.generated/navigation_development_artifacts_v1/go2_short_pulse_navigation_jepa_noise_2mm_native_layout00_4800_v1_attempt_001/continuous_native_arrival_evaluation.json,1,0,False,0
go2_short_pulse_navigation_jepa_noise_2mm_native_layout01_4800_v1_attempt_001,PACED_NATIVE_PREFIX_COMPLETE,MISSION_TICK_BUDGET_EXHAUSTED,False,/home/andrewknowles/RecoveryStorage/LeWMQuad-v3/.generated/navigation_development_artifacts_v1/go2_short_pulse_navigation_jepa_noise_2mm_native_layout01_4800_v1_attempt_001/result.json,,,"{""status"":""PACED_NATIVE_PREFIX_COMPLETE"",""mission_terminal"":""MISSION_TICK_BUDGET_EXHAUSTED"",""navigation_success_claimed"":false,""simulation_s"":480.88,""wall_s"":630.280710567,""camera_frames"":4805,""disallowed_contact"":false,""observed_arrivals"":""[]""}",docs/go2_development_artifact_retention_2026-09-14.md,/home/andrewknowles/RecoveryStorage/LeWMQuad-v3/.generated/navigation_development_artifacts_v1/go2_short_pulse_navigation_jepa_noise_2mm_native_layout01_4800_v1_attempt_001/continuous_native_arrival_evaluation.json,0,0,False,0
go2_short_pulse_navigation_maze00_complete_v1_attempt_001,RESULT_RECORDED,,,/home/andrewknowles/RecoveryStorage/LeWMQuad-v3/.generated/navigation_development_artifacts_v1/go2_short_pulse_navigation_maze00_complete_v1_attempt_001/result.json,,,"{""round_trips"":2}",docs/go2_short_pulse_navigation_2026-09-16.md;docs/go2_short_pulse_navigation_complete_result_2026-09-16.md,,,,,
go2_short_pulse_navigation_maze01_complete_v1_attempt_001,RESULT_RECORDED,,,/home/andrewknowles/RecoveryStorage/LeWMQuad-v3/.generated/navigation_development_artifacts_v1/go2_short_pulse_navigation_maze01_complete_v1_attempt_001/result.json,,,"{""round_trips"":1}",docs/go2_short_pulse_navigation_complete_result_2026-09-16.md,,,,,
go2_short_pulse_navigation_maze01_through10_v1_attempt_001,RESULT_RECORDED,,,/home/andrewknowles/RecoveryStorage/LeWMQuad-v3/.generated/navigation_development_artifacts_v1/go2_short_pulse_navigation_maze01_through10_v1_attempt_001/result.json,,,{},docs/go2_short_pulse_navigation_2026-09-16.md,,,,,
go2_short_pulse_navigation_maze01_through11_v1_attempt_001,RESULT_RECORDED,,,/home/andrewknowles/RecoveryStorage/LeWMQuad-v3/.generated/navigation_development_artifacts_v1/go2_short_pulse_navigation_maze01_through11_v1_attempt_001/result.json,,,{},docs/go2_short_pulse_navigation_2026-09-16.md,,,,,
go2_short_pulse_navigation_pose_command_noise_2mm_native_layout00_4800_v1_attempt_001,PACED_NATIVE_PREFIX_COMPLETE,OBSERVED_ROUND_TRIP_CANDIDATE,False,/home/andrewknowles/RecoveryStorage/LeWMQuad-v3/.generated/navigation_development_artifacts_v1/go2_short_pulse_navigation_pose_command_noise_2mm_native_layout00_4800_v1_attempt_001/result.json,,,"{""status"":""PACED_NATIVE_PREFIX_COMPLETE"",""mission_terminal"":""OBSERVED_ROUND_TRIP_CANDIDATE"",""navigation_success_claimed"":false,""simulation_s"":429.6,""wall_s"":551.490368824,""camera_frames"":4294,""disallowed_contact"":false,""observed_arrivals"":""[{\""phase\"":\""OUTBOUND\"",\""frame\"":2732,\""measured_ns\"":274700000000,\""target_initial_body_xy_m\"":[0.0,2.6],\""observed_position_initial_body_xy_m\"":[-0.009895734244430033,2.5923961819997743],\""observed_distance_m\"":0.012479727738093615,\""quiet_intervals\"":10,\""native_verified\"":false},{\""phase\"":\""RETURN\"",\""frame\"":4292,\""measured_ns\"":430700000000,\""target_initial_body_xy_m\"":[0.0,0.0],\""observed_position_initial_body_xy_m\"":[0.013849421105295726,0.0032643080275596564],\""observed_distance_m\"":0.014228920262992589,\""quiet_intervals\"":10,\""native_verified\"":false}]""}",docs/go2_development_artifact_retention_2026-09-14.md,/home/andrewknowles/RecoveryStorage/LeWMQuad-v3/.generated/navigation_development_artifacts_v1/go2_short_pulse_navigation_pose_command_noise_2mm_native_layout00_4800_v1_attempt_001/continuous_native_arrival_evaluation.json,1,1,True,0
go2_short_pulse_navigation_pose_command_noise_2mm_native_layout01_4800_v1_attempt_001,PACED_NATIVE_PREFIX_COMPLETE,MISSION_TICK_BUDGET_EXHAUSTED,False,/home/andrewknowles/RecoveryStorage/LeWMQuad-v3/.generated/navigation_development_artifacts_v1/go2_short_pulse_navigation_pose_command_noise_2mm_native_layout01_4800_v1_attempt_001/result.json,,,"{""status"":""PACED_NATIVE_PREFIX_COMPLETE"",""mission_terminal"":""MISSION_TICK_BUDGET_EXHAUSTED"",""navigation_success_claimed"":false,""simulation_s"":480.94,""wall_s"":627.21131287,""camera_frames"":4805,""disallowed_contact"":false,""observed_arrivals"":""[]""}",docs/go2_development_artifact_retention_2026-09-14.md,/home/andrewknowles/RecoveryStorage/LeWMQuad-v3/.generated/navigation_development_artifacts_v1/go2_short_pulse_navigation_pose_command_noise_2mm_native_layout01_4800_v1_attempt_001/continuous_native_arrival_evaluation.json,0,0,False,0
go2_short_pulse_navigation_pulse_gap_readout_v1_attempt_001,RESULT_RECORDED,,,/home/andrewknowles/RecoveryStorage/LeWMQuad-v3/.generated/navigation_development_artifacts_v1/go2_short_pulse_navigation_pulse_gap_readout_v1_attempt_001/result.json,,,{},docs/go2_short_pulse_navigation_2026-09-16.md,,,,,
go2_short_pulse_navigation_reactive_noise_2mm_native_layout00_4800_v1_attempt_001,PACED_NATIVE_PREFIX_COMPLETE,OBSERVED_ROUND_TRIP_CANDIDATE,False,/home/andrewknowles/RecoveryStorage/LeWMQuad-v3/.generated/navigation_development_artifacts_v1/go2_short_pulse_navigation_reactive_noise_2mm_native_layout00_4800_v1_attempt_001/result.json,,,"{""status"":""PACED_NATIVE_PREFIX_COMPLETE"",""mission_terminal"":""OBSERVED_ROUND_TRIP_CANDIDATE"",""navigation_success_claimed"":false,""simulation_s"":224.8,""wall_s"":283.877773528,""camera_frames"":2246,""disallowed_contact"":false,""observed_arrivals"":""[{\""phase\"":\""OUTBOUND\"",\""frame\"":1259,\""measured_ns\"":127400000000,\""target_initial_body_xy_m\"":[0.0,2.6],\""observed_position_initial_body_xy_m\"":[0.01452421651577389,2.613713719515278],\""observed_distance_m\"":0.01997545915218969,\""quiet_intervals\"":10,\""native_verified\"":false},{\""phase\"":\""RETURN\"",\""frame\"":2244,\""measured_ns\"":225900000000,\""target_initial_body_xy_m\"":[0.0,0.0],\""observed_position_initial_body_xy_m\"":[7.869970768239661e-05,0.015336224369182487],\""observed_distance_m\"":0.015336426296432167,\""quiet_intervals\"":10,\""native_verified\"":false}]""}",docs/go2_development_artifact_retention_2026-09-14.md,/home/andrewknowles/RecoveryStorage/LeWMQuad-v3/.generated/navigation_development_artifacts_v1/go2_short_pulse_navigation_reactive_noise_2mm_native_layout00_4800_v1_attempt_001/continuous_native_arrival_evaluation.json,1,1,True,0
go2_short_pulse_navigation_reactive_noise_2mm_native_layout01_4800_v1_attempt_001,PACED_NATIVE_PREFIX_COMPLETE,OBSERVED_ROUND_TRIP_CANDIDATE,False,/home/andrewknowles/RecoveryStorage/LeWMQuad-v3/.generated/navigation_development_artifacts_v1/go2_short_pulse_navigation_reactive_noise_2mm_native_layout01_4800_v1_attempt_001/result.json,,,"{""status"":""PACED_NATIVE_PREFIX_COMPLETE"",""mission_terminal"":""OBSERVED_ROUND_TRIP_CANDIDATE"",""navigation_success_claimed"":false,""simulation_s"":257.7,""wall_s"":335.915524328,""camera_frames"":2575,""disallowed_contact"":false,""observed_arrivals"":""[{\""phase\"":\""OUTBOUND\"",\""frame\"":1902,\""measured_ns\"":191700000000,\""target_initial_body_xy_m\"":[3.9000000000000004,-1.3],\""observed_position_initial_body_xy_m\"":[3.902922644599,-1.3193884577605015],\""observed_distance_m\"":0.019607502283126535,\""quiet_intervals\"":10,\""native_verified\"":false},{\""phase\"":\""RETURN\"",\""frame\"":2573,\""measured_ns\"":258800000000,\""target_initial_body_xy_m\"":[0.0,0.0],\""observed_position_initial_body_xy_m\"":[-0.00471354859173129,-0.014354639637469978],\""observed_distance_m\"":0.015108713361773605,\""quiet_intervals\"":10,\""native_verified\"":false}]""}",docs/go2_development_artifact_retention_2026-09-14.md,/home/andrewknowles/RecoveryStorage/LeWMQuad-v3/.generated/navigation_development_artifacts_v1/go2_short_pulse_navigation_reactive_noise_2mm_native_layout01_4800_v1_attempt_001/continuous_native_arrival_evaluation.json,1,1,True,0
go2_short_pulse_navigation_supervised_rollout_noise_2mm_native_layout00_4800_v1_attempt_001,PACED_NATIVE_PREFIX_COMPLETE,MISSION_TICK_BUDGET_EXHAUSTED,False,/home/andrewknowles/RecoveryStorage/LeWMQuad-v3/.generated/navigation_development_artifacts_v1/go2_short_pulse_navigation_supervised_rollout_noise_2mm_native_layout00_4800_v1_attempt_001/result.json,,,"{""status"":""PACED_NATIVE_PREFIX_COMPLETE"",""mission_terminal"":""MISSION_TICK_BUDGET_EXHAUSTED"",""navigation_success_claimed"":false,""simulation_s"":480.9,""wall_s"":619.121563116,""camera_frames"":4805,""disallowed_contact"":false,""observed_arrivals"":""[{\""phase\"":\""OUTBOUND\"",\""frame\"":3744,\""measured_ns\"":375900000000,\""target_initial_body_xy_m\"":[0.0,2.6],\""observed_position_initial_body_xy_m\"":[0.015032296417702457,2.6097013884356475],\""observed_distance_m\"":0.01789097183411183,\""quiet_intervals\"":10,\""native_verified\"":false}]""}",docs/go2_development_artifact_retention_2026-09-14.md,/home/andrewknowles/RecoveryStorage/LeWMQuad-v3/.generated/navigation_development_artifacts_v1/go2_short_pulse_navigation_supervised_rollout_noise_2mm_native_layout00_4800_v1_attempt_001/continuous_native_arrival_evaluation.json,1,0,False,0
go2_short_pulse_navigation_supervised_rollout_noise_2mm_native_layout01_4800_v1_attempt_001,PACED_NATIVE_PREFIX_COMPLETE,MISSION_TICK_BUDGET_EXHAUSTED,False,/home/andrewknowles/RecoveryStorage/LeWMQuad-v3/.generated/navigation_development_artifacts_v1/go2_short_pulse_navigation_supervised_rollout_noise_2mm_native_layout01_4800_v1_attempt_001/result.json,,,"{""status"":""PACED_NATIVE_PREFIX_COMPLETE"",""mission_terminal"":""MISSION_TICK_BUDGET_EXHAUSTED"",""navigation_success_claimed"":false,""simulation_s"":480.9,""wall_s"":630.709742036,""camera_frames"":4805,""disallowed_contact"":false,""observed_arrivals"":""[]""}",docs/go2_development_artifact_retention_2026-09-14.md,/home/andrewknowles/RecoveryStorage/LeWMQuad-v3/.generated/navigation_development_artifacts_v1/go2_short_pulse_navigation_supervised_rollout_noise_2mm_native_layout01_4800_v1_attempt_001/continuous_native_arrival_evaluation.json,0,0,False,0
go2_short_pulse_navigation_through02_analysis_v1_attempt_001,RESULT_RECORDED,,,/home/andrewknowles/RecoveryStorage/LeWMQuad-v3/.generated/navigation_development_artifacts_v1/go2_short_pulse_navigation_through02_analysis_v1_attempt_001/result.json,,,{},docs/go2_short_pulse_navigation_2026-09-16.md,,,,,
go2_short_pulse_navigation_through03_analysis_v1_attempt_001,RESULT_RECORDED,,,/home/andrewknowles/RecoveryStorage/LeWMQuad-v3/.generated/navigation_development_artifacts_v1/go2_short_pulse_navigation_through03_analysis_v1_attempt_001/result.json,,,{},docs/go2_short_pulse_navigation_2026-09-16.md,,,,,
go2_short_pulse_navigation_through04_analysis_v1_attempt_001,RESULT_RECORDED,,,/home/andrewknowles/RecoveryStorage/LeWMQuad-v3/.generated/navigation_development_artifacts_v1/go2_short_pulse_navigation_through04_analysis_v1_attempt_001/result.json,,,{},docs/go2_short_pulse_navigation_2026-09-16.md,,,,,
go2_short_pulse_navigation_through05_analysis_v1_attempt_001,RESULT_RECORDED,,,/home/andrewknowles/RecoveryStorage/LeWMQuad-v3/.generated/navigation_development_artifacts_v1/go2_short_pulse_navigation_through05_analysis_v1_attempt_001/result.json,,,{},docs/go2_short_pulse_navigation_2026-09-16.md,,,,,
go2_short_pulse_neural_executed_all_pulses_v1_attempt_001,COMPLETE,,,/home/andrewknowles/RecoveryStorage/LeWMQuad-v3/.generated/navigation_development_artifacts_v1/go2_short_pulse_neural_executed_all_pulses_v1_attempt_001/result.json,,,"{""status"":""COMPLETE"",""wall_s"":17.83474875986576}",docs/go2_short_pulse_learning_2026-09-16.md,,,,,
go2_short_pulse_neural_executed_first_pair_v1_attempt_001,COMPLETE,,,/home/andrewknowles/RecoveryStorage/LeWMQuad-v3/.generated/navigation_development_artifacts_v1/go2_short_pulse_neural_executed_first_pair_v1_attempt_001/result.json,,,"{""status"":""COMPLETE"",""wall_s"":21.484979778993875}",docs/go2_short_pulse_learning_2026-09-16.md,,,,,
go2_short_pulse_obstacle_ipc_benchmark_v1_attempt_001,COMPLETE,,,/home/andrewknowles/RecoveryStorage/LeWMQuad-v3/.generated/navigation_development_artifacts_v1/go2_short_pulse_obstacle_ipc_benchmark_v1_attempt_001/result.json,,,"{""status"":""COMPLETE"",""wall_s"":25.53383171884343}",docs/go2_short_pulse_navigation_2026-09-16.md,,,,,
go2_short_pulse_obstacle_profile_v1_attempt_001,COMPLETE,,,/home/andrewknowles/RecoveryStorage/LeWMQuad-v3/.generated/navigation_development_artifacts_v1/go2_short_pulse_obstacle_profile_v1_attempt_001/result.json,,,"{""status"":""COMPLETE"",""wall_s"":9.15479130204767}",docs/go2_short_pulse_navigation_2026-09-16.md,,,,,
go2_short_pulse_obstacle_unique_cells_benchmark_v1_attempt_001,COMPLETE,,,/home/andrewknowles/RecoveryStorage/LeWMQuad-v3/.generated/navigation_development_artifacts_v1/go2_short_pulse_obstacle_unique_cells_benchmark_v1_attempt_001/result.json,,,"{""status"":""COMPLETE"",""wall_s"":10.159821177832782}",docs/go2_short_pulse_navigation_2026-09-16.md,,,,,
go2_short_pulse_obstacle_unique_cells_full_direct_v1_attempt_001,INCOMPLETE_READOUT,,,/home/andrewknowles/RecoveryStorage/LeWMQuad-v3/.generated/navigation_development_artifacts_v1/go2_short_pulse_obstacle_unique_cells_full_direct_v1_attempt_001/result.json,,,"{""status"":""INCOMPLETE_READOUT"",""camera_frames"":2533}",docs/go2_short_pulse_navigation_2026-09-16.md,,,,,
go2_short_pulse_obstacle_unique_cells_full_direct_v1_attempt_002,COMPLETE,,,/home/andrewknowles/RecoveryStorage/LeWMQuad-v3/.generated/navigation_development_artifacts_v1/go2_short_pulse_obstacle_unique_cells_full_direct_v1_attempt_002/result.json,,,"{""status"":""COMPLETE"",""wall_s"":187.01428792718798}",docs/go2_short_pulse_navigation_2026-09-16.md,,,,,
go2_short_pulse_reactive_two_maze_result_v1_attempt_001,RESULT_RECORDED,,,/home/andrewknowles/RecoveryStorage/LeWMQuad-v3/.generated/navigation_development_artifacts_v1/go2_short_pulse_reactive_two_maze_result_v1_attempt_001/result.json,,,"{""round_trips"":2}",docs/go2_short_pulse_navigation_2026-09-16.md,,,,,
go2_short_pulse_residual_matched_fits_v1_attempt_001,COMPLETE,,,/home/andrewknowles/RecoveryStorage/LeWMQuad-v3/.generated/navigation_development_artifacts_v1/go2_short_pulse_residual_matched_fits_v1_attempt_001/result.json,,,"{""status"":""COMPLETE"",""wall_s"":302.1617771622259}",docs/go2_short_pulse_learning_2026-09-16.md,,,,,
go2_short_pulse_residual_transfer_comparison_v1_attempt_001,COMPLETE,,,/home/andrewknowles/RecoveryStorage/LeWMQuad-v3/.generated/navigation_development_artifacts_v1/go2_short_pulse_residual_transfer_comparison_v1_attempt_001/result.json,,,"{""status"":""COMPLETE"",""wall_s"":19.749662789981812}",docs/go2_short_pulse_learning_2026-09-16.md,,,,,
go2_short_pulse_shared_history_benchmark_v1_attempt_001,COMPLETE,,,/home/andrewknowles/RecoveryStorage/LeWMQuad-v3/.generated/navigation_development_artifacts_v1/go2_short_pulse_shared_history_benchmark_v1_attempt_001/result.json,,,"{""status"":""COMPLETE""}",docs/go2_short_pulse_navigation_2026-09-16.md,,,,,
go2_signed_veto_view_recovery_comparison_v1_attempt_001,RESULT_RECORDED,,,/home/andrewknowles/RecoveryStorage/LeWMQuad-v3/.generated/navigation_development_artifacts_v1/go2_signed_veto_view_recovery_comparison_v1_attempt_001/result.json,,,{},docs/go2_signed_veto_view_recovery_2026-09-15.md,,,,,
go2_signed_veto_view_recovery_reactive_noise_2mm_native_layout01_4800_v1_attempt_001,PACED_NATIVE_PREFIX_COMPLETE,OBSERVED_ROUND_TRIP_CANDIDATE,False,/home/andrewknowles/RecoveryStorage/LeWMQuad-v3/.generated/navigation_development_artifacts_v1/go2_signed_veto_view_recovery_reactive_noise_2mm_native_layout01_4800_v1_attempt_001/result.json,,,"{""status"":""PACED_NATIVE_PREFIX_COMPLETE"",""mission_terminal"":""OBSERVED_ROUND_TRIP_CANDIDATE"",""navigation_success_claimed"":false,""simulation_s"":141.52,""wall_s"":141.734512981,""camera_frames"":1414,""disallowed_contact"":false,""observed_arrivals"":""[{\""phase\"":\""OUTBOUND\"",\""frame\"":892,\""measured_ns\"":90700000000,\""target_initial_body_xy_m\"":[0.0,2.6],\""observed_position_initial_body_xy_m\"":[0.010717811439182207,2.598994233451956],\""observed_distance_m\"":0.010764898903149528,\""quiet_intervals\"":10,\""native_verified\"":false},{\""phase\"":\""RETURN\"",\""frame\"":1412,\""measured_ns\"":142700000000,\""target_initial_body_xy_m\"":[0.0,0.0],\""observed_position_initial_body_xy_m\"":[0.0006687715773161197,0.015374917690842461],\""observed_distance_m\"":0.015389455787090276,\""quiet_intervals\"":10,\""native_verified\"":false}]""}",docs/go2_development_artifact_retention_2026-09-14.md;docs/go2_signed_veto_view_recovery_2026-09-15.md,/home/andrewknowles/RecoveryStorage/LeWMQuad-v3/.generated/navigation_development_artifacts_v1/go2_signed_veto_view_recovery_reactive_noise_2mm_native_layout01_4800_v1_attempt_001/continuous_native_arrival_evaluation.json,1,1,True,0
go2_single_pass_body_projected_late_history_v1_attempt_001,SINGLE_PASS_BODY_PROJECTED_LATE_HISTORY_V1_COMPLETE,,,/home/andrewknowles/RecoveryStorage/LeWMQuad-v3/.generated/navigation_development_artifacts_v1/go2_single_pass_body_projected_late_history_v1_attempt_001/result.json,,,"{""status"":""SINGLE_PASS_BODY_PROJECTED_LATE_HISTORY_V1_COMPLETE"",""wall_s"":1982.2003801020328}",docs/go2_single_pass_body_projected_late_history_v1_2026-09-11.md;docs/go2_single_pass_body_projected_launched_2026-09-11.md;docs/go2_single_pass_body_projected_verified_result_2026-09-11.md,,,,,
go2_single_pass_controller_pair_v1_attempt_001,SINGLE_PASS_CONTROLLER_PAIR_COMPLETE,,,/home/andrewknowles/RecoveryStorage/LeWMQuad-v3/.generated/navigation_development_artifacts_v1/go2_single_pass_controller_pair_v1_attempt_001/result.json,,,"{""status"":""SINGLE_PASS_CONTROLLER_PAIR_COMPLETE"",""wall_s"":404.30177077208646}",docs/go2_novel_maze_round_trip_pilot_status_2026-09-08.md;docs/go2_single_pass_controller_pair_result_2026-09-09.md;docs/go2_single_pass_controller_pair_v1_2026-09-09.md,,,,,
go2_single_pass_dual_camera_prefix_v1_attempt_001,SINGLE_PASS_DUAL_CAMERA_PREFIX_COMPLETE,,,/home/andrewknowles/RecoveryStorage/LeWMQuad-v3/.generated/navigation_development_artifacts_v1/go2_single_pass_dual_camera_prefix_v1_attempt_001/result.json,,,"{""status"":""SINGLE_PASS_DUAL_CAMERA_PREFIX_COMPLETE"",""wall_s"":1841.509078745963}",docs/go2_novel_maze_round_trip_pilot_status_2026-09-08.md;docs/go2_single_pass_dual_camera_prefix_result_2026-09-09.md;docs/go2_single_pass_dual_camera_prefix_v1_2026-09-09.md,,,,,
go2_single_pass_maze_controller_replay_v1_attempt_001,SINGLE_PASS_MAZE_CONTROLLER_REPLAY_COMPLETE,,,/home/andrewknowles/RecoveryStorage/LeWMQuad-v3/.generated/navigation_development_artifacts_v1/go2_single_pass_maze_controller_replay_v1_attempt_001/result.json,,,"{""status"":""SINGLE_PASS_MAZE_CONTROLLER_REPLAY_COMPLETE"",""wall_s"":1784.9840793560725}",docs/go2_novel_maze_round_trip_pilot_status_2026-09-08.md;docs/go2_single_pass_controller_replay_result_2026-09-09.md;docs/go2_single_pass_maze_controller_replay_v1_2026-09-09.md,,,,,
go2_single_pass_maze_queries_v1_attempt_001,SINGLE_PASS_MAZE_QUERY_BENCHMARK_COMPLETE,,,/home/andrewknowles/RecoveryStorage/LeWMQuad-v3/.generated/navigation_development_artifacts_v1/go2_single_pass_maze_queries_v1_attempt_001/result.json,,,"{""status"":""SINGLE_PASS_MAZE_QUERY_BENCHMARK_COMPLETE"",""wall_s"":29.49966180184856}",docs/go2_single_pass_maze_queries_result_2026-09-09.md;docs/go2_single_pass_maze_queries_v1_2026-09-09.md,,,,,
go2_single_pass_receipt_copied_benchmark_v1_attempt_001,SINGLE_PASS_RECEIPT_COPIED_BENCHMARK_V1_COMPLETE,,,/home/andrewknowles/RecoveryStorage/LeWMQuad-v3/.generated/navigation_development_artifacts_v1/go2_single_pass_receipt_copied_benchmark_v1_attempt_001/result.json,,,"{""status"":""SINGLE_PASS_RECEIPT_COPIED_BENCHMARK_V1_COMPLETE"",""wall_s"":1059.9303622080479}",docs/go2_single_pass_receipt_copied_benchmark_result_2026-09-09.md;docs/go2_single_pass_receipt_copied_benchmark_v1_2026-09-09.md;docs/go2_single_pass_receipt_copied_preparation_2026-09-09.md,,,,,
go2_single_pass_receipt_phases_v1_attempt_001,SINGLE_PASS_RECEIPT_PHASE_V1_COMPLETE,,,/home/andrewknowles/RecoveryStorage/LeWMQuad-v3/.generated/navigation_development_artifacts_v1/go2_single_pass_receipt_phases_v1_attempt_001/result.json,,,"{""status"":""SINGLE_PASS_RECEIPT_PHASE_V1_COMPLETE"",""wall_s"":697.9324051099829}",docs/go2_single_pass_receipt_phases_preparation_2026-09-09.md;docs/go2_single_pass_receipt_phases_result_2026-09-09.md;docs/go2_single_pass_receipt_phases_v1_2026-09-09.md,,,,,
go2_snapshot_camera_renderer_check_v1_attempt_001,RESULT_RECORDED,,,/home/andrewknowles/RecoveryStorage/LeWMQuad-v3/.generated/navigation_development_artifacts_v1/go2_snapshot_camera_renderer_check_v1_attempt_001/result.json,,,{},docs/go2_asynchronous_camera_host_timing_2026-09-15.md,,,,,
go2_sparse_corner_comparison_01_jepa_noise_2mm_native_layout00_4800_v1_attempt_001,PACED_NATIVE_PREFIX_COMPLETE,OBSERVED_ROUND_TRIP_CANDIDATE,False,/mnt/steam_drive/LeWMQuad-v3/navigation_development_artifacts_v1/go2_sparse_corner_comparison_01_jepa_noise_2mm_native_layout00_4800_v1_attempt_001/result.json,,,"{""status"":""PACED_NATIVE_PREFIX_COMPLETE"",""mission_terminal"":""OBSERVED_ROUND_TRIP_CANDIDATE"",""navigation_success_claimed"":false,""simulation_s"":203.3,""wall_s"":266.448656717,""camera_frames"":2031,""disallowed_contact"":false,""observed_arrivals"":""[{\""phase\"":\""OUTBOUND\"",\""frame\"":1204,\""measured_ns\"":121900000000,\""target_initial_body_xy_m\"":[0.0,-1.3],\""observed_position_initial_body_xy_m\"":[0.0017469164922427958,-1.2912981789397269],\""observed_distance_m\"":0.008875438411474873,\""quiet_intervals\"":10,\""native_verified\"":false},{\""phase\"":\""RETURN\"",\""frame\"":2028,\""measured_ns\"":204300000000,\""target_initial_body_xy_m\"":[0.0,0.0],\""observed_position_initial_body_xy_m\"":[0.017488518778302535,-0.009542720859831854],\""observed_distance_m\"":0.019922645669381123,\""quiet_intervals\"":10,\""native_verified\"":false}]""}",docs/go2_development_artifact_retention_2026-09-14.md,/mnt/steam_drive/LeWMQuad-v3/navigation_development_artifacts_v1/go2_sparse_corner_comparison_01_jepa_noise_2mm_native_layout00_4800_v1_attempt_001/continuous_native_arrival_evaluation.json,1,1,True,0
go2_sparse_corner_comparison_02_supervised_rollout_noise_2mm_native_layout00_4800_v1_attempt_001,PACED_NATIVE_PREFIX_COMPLETE,OBSERVED_ROUND_TRIP_CANDIDATE,False,/mnt/steam_drive/LeWMQuad-v3/navigation_development_artifacts_v1/go2_sparse_corner_comparison_02_supervised_rollout_noise_2mm_native_layout00_4800_v1_attempt_001/result.json,,,"{""status"":""PACED_NATIVE_PREFIX_COMPLETE"",""mission_terminal"":""OBSERVED_ROUND_TRIP_CANDIDATE"",""navigation_success_claimed"":false,""simulation_s"":262.12,""wall_s"":340.598703702,""camera_frames"":2619,""disallowed_contact"":false,""observed_arrivals"":""[{\""phase\"":\""OUTBOUND\"",\""frame\"":1860,\""measured_ns\"":187500000000,\""target_initial_body_xy_m\"":[0.0,-1.3],\""observed_position_initial_body_xy_m\"":[0.0031815108095636794,-1.3138857280137701],\""observed_distance_m\"":0.014245541530730581,\""quiet_intervals\"":10,\""native_verified\"":false},{\""phase\"":\""RETURN\"",\""frame\"":2616,\""measured_ns\"":263100000000,\""target_initial_body_xy_m\"":[0.0,0.0],\""observed_position_initial_body_xy_m\"":[0.005579898183573644,-0.002429906725992232],\""observed_distance_m\"":0.006086025832681845,\""quiet_intervals\"":10,\""native_verified\"":false}]""}",docs/go2_development_artifact_retention_2026-09-14.md,/mnt/steam_drive/LeWMQuad-v3/navigation_development_artifacts_v1/go2_sparse_corner_comparison_02_supervised_rollout_noise_2mm_native_layout00_4800_v1_attempt_001/continuous_native_arrival_evaluation.json,1,1,True,0
go2_sparse_corner_comparison_03_command_history_noise_2mm_native_layout00_4800_v1_attempt_001,PACED_NATIVE_PREFIX_COMPLETE,OBSERVED_ROUND_TRIP_CANDIDATE,False,/mnt/steam_drive/LeWMQuad-v3/navigation_development_artifacts_v1/go2_sparse_corner_comparison_03_command_history_noise_2mm_native_layout00_4800_v1_attempt_001/result.json,,,"{""status"":""PACED_NATIVE_PREFIX_COMPLETE"",""mission_terminal"":""OBSERVED_ROUND_TRIP_CANDIDATE"",""navigation_success_claimed"":false,""simulation_s"":257.7,""wall_s"":335.194556326,""camera_frames"":2574,""disallowed_contact"":false,""observed_arrivals"":""[{\""phase\"":\""OUTBOUND\"",\""frame\"":1577,\""measured_ns\"":159200000000,\""target_initial_body_xy_m\"":[0.0,-1.3],\""observed_position_initial_body_xy_m\"":[0.0018978950116790162,-1.299035464801272],\""observed_distance_m\"":0.0021289278111155606,\""quiet_intervals\"":10,\""native_verified\"":false},{\""phase\"":\""RETURN\"",\""frame\"":2572,\""measured_ns\"":258700000000,\""target_initial_body_xy_m\"":[0.0,0.0],\""observed_position_initial_body_xy_m\"":[-0.003789450083509727,0.006244711656399704],\""observed_distance_m\"":0.0073045434906629314,\""quiet_intervals\"":10,\""native_verified\"":false}]""}",docs/go2_development_artifact_retention_2026-09-14.md,/mnt/steam_drive/LeWMQuad-v3/navigation_development_artifacts_v1/go2_sparse_corner_comparison_03_command_history_noise_2mm_native_layout00_4800_v1_attempt_001/continuous_native_arrival_evaluation.json,1,1,True,0
go2_sparse_corner_comparison_04_reactive_feedback_noise_2mm_native_layout00_4800_v1_attempt_001,PACED_NATIVE_PREFIX_COMPLETE,OBSERVED_ROUND_TRIP_CANDIDATE,False,/mnt/steam_drive/LeWMQuad-v3/navigation_development_artifacts_v1/go2_sparse_corner_comparison_04_reactive_feedback_noise_2mm_native_layout00_4800_v1_attempt_001/result.json,,,"{""status"":""PACED_NATIVE_PREFIX_COMPLETE"",""mission_terminal"":""OBSERVED_ROUND_TRIP_CANDIDATE"",""navigation_success_claimed"":false,""simulation_s"":192.54,""wall_s"":249.095918453,""camera_frames"":1923,""disallowed_contact"":false,""observed_arrivals"":""[{\""phase\"":\""OUTBOUND\"",\""frame\"":1092,\""measured_ns\"":110700000000,\""target_initial_body_xy_m\"":[0.0,-1.3],\""observed_position_initial_body_xy_m\"":[0.006690213737654443,-1.2919263624629476],\""observed_distance_m\"":0.010485350873251838,\""quiet_intervals\"":10,\""native_verified\"":false},{\""phase\"":\""RETURN\"",\""frame\"":1921,\""measured_ns\"":193600000000,\""target_initial_body_xy_m\"":[0.0,0.0],\""observed_position_initial_body_xy_m\"":[0.0027904015634736532,0.008563604708026135],\""observed_distance_m\"":0.009006756712644323,\""quiet_intervals\"":10,\""native_verified\"":false}]""}",docs/go2_development_artifact_retention_2026-09-14.md,/mnt/steam_drive/LeWMQuad-v3/navigation_development_artifacts_v1/go2_sparse_corner_comparison_04_reactive_feedback_noise_2mm_native_layout00_4800_v1_attempt_001/continuous_native_arrival_evaluation.json,1,1,True,0
go2_sparse_corner_comparison_05_jepa_no_route_turn_memory_noise_2mm_native_layout00_4800_v1_attempt_001,PACED_NATIVE_PREFIX_COMPLETE,OBSERVED_ROUND_TRIP_CANDIDATE,False,/mnt/steam_drive/LeWMQuad-v3/navigation_development_artifacts_v1/go2_sparse_corner_comparison_05_jepa_no_route_turn_memory_noise_2mm_native_layout00_4800_v1_attempt_001/result.json,,,"{""status"":""PACED_NATIVE_PREFIX_COMPLETE"",""mission_terminal"":""OBSERVED_ROUND_TRIP_CANDIDATE"",""navigation_success_claimed"":false,""simulation_s"":235.5,""wall_s"":305.616204947,""camera_frames"":2349,""disallowed_contact"":false,""observed_arrivals"":""[{\""phase\"":\""OUTBOUND\"",\""frame\"":1554,\""measured_ns\"":156900000000,\""target_initial_body_xy_m\"":[0.0,-1.3],\""observed_position_initial_body_xy_m\"":[0.01763754960786675,-1.308259532829216],\""observed_distance_m\"":0.019475703805687108,\""quiet_intervals\"":10,\""native_verified\"":false},{\""phase\"":\""RETURN\"",\""frame\"":2347,\""measured_ns\"":236200000000,\""target_initial_body_xy_m\"":[0.0,0.0],\""observed_position_initial_body_xy_m\"":[0.01544307320886756,-0.009247925286771205],\""observed_distance_m\"":0.018000350892250553,\""quiet_intervals\"":10,\""native_verified\"":false}]""}",docs/go2_development_artifact_retention_2026-09-14.md,/mnt/steam_drive/LeWMQuad-v3/navigation_development_artifacts_v1/go2_sparse_corner_comparison_05_jepa_no_route_turn_memory_noise_2mm_native_layout00_4800_v1_attempt_001/continuous_native_arrival_evaluation.json,1,1,True,0
go2_sparse_corner_completion_jepa_noise_2mm_native_layout01_4800_v1_attempt_001,PACED_NATIVE_PREFIX_COMPLETE,OBSERVED_ROUND_TRIP_CANDIDATE,False,/mnt/steam_drive/LeWMQuad-v3/navigation_development_artifacts_v1/go2_sparse_corner_completion_jepa_noise_2mm_native_layout01_4800_v1_attempt_001/result.json,,,"{""status"":""PACED_NATIVE_PREFIX_COMPLETE"",""mission_terminal"":""OBSERVED_ROUND_TRIP_CANDIDATE"",""navigation_success_claimed"":false,""simulation_s"":255.42,""wall_s"":333.972564388,""camera_frames"":2549,""disallowed_contact"":false,""observed_arrivals"":""[{\""phase\"":\""OUTBOUND\"",\""frame\"":1321,\""measured_ns\"":133600000000,\""target_initial_body_xy_m\"":[0.0,1.3],\""observed_position_initial_body_xy_m\"":[0.00752871064544169,1.3107517244736988],\""observed_distance_m\"":0.013125588106485743,\""quiet_intervals\"":10,\""native_verified\"":false},{\""phase\"":\""RETURN\"",\""frame\"":2547,\""measured_ns\"":256200000000,\""target_initial_body_xy_m\"":[0.0,0.0],\""observed_position_initial_body_xy_m\"":[-0.003189081388605919,0.011569024867752546],\""observed_distance_m\"":0.012000524009135162,\""quiet_intervals\"":10,\""native_verified\"":false}]""}",docs/go2_development_artifact_retention_2026-09-14.md;docs/go2_sparse_corner_completion_2026-09-17.md,/mnt/steam_drive/LeWMQuad-v3/navigation_development_artifacts_v1/go2_sparse_corner_completion_jepa_noise_2mm_native_layout01_4800_v1_attempt_001/continuous_native_arrival_evaluation.json,1,1,True,0
go2_sparse_corner_replication_01_jepa_noise_2mm_native_layout00_4800_v1_attempt_001,PACED_NATIVE_PREFIX_COMPLETE,OBSERVED_ROUND_TRIP_CANDIDATE,False,/mnt/steam_drive/LeWMQuad-v3/navigation_development_artifacts_v1/go2_sparse_corner_replication_01_jepa_noise_2mm_native_layout00_4800_v1_attempt_001/result.json,,,"{""status"":""PACED_NATIVE_PREFIX_COMPLETE"",""mission_terminal"":""OBSERVED_ROUND_TRIP_CANDIDATE"",""navigation_success_claimed"":false,""simulation_s"":234.08,""wall_s"":309.913577237,""camera_frames"":2339,""disallowed_contact"":false,""observed_arrivals"":""[{\""phase\"":\""OUTBOUND\"",\""frame\"":1593,\""measured_ns\"":160800000000,\""target_initial_body_xy_m\"":[0.0,1.3],\""observed_position_initial_body_xy_m\"":[-0.0003441133799125375,1.2883010689339354],\""observed_distance_m\"":0.011703990862383995,\""quiet_intervals\"":10,\""native_verified\"":false},{\""phase\"":\""RETURN\"",\""frame\"":2337,\""measured_ns\"":235200000000,\""target_initial_body_xy_m\"":[0.0,0.0],\""observed_position_initial_body_xy_m\"":[-0.0028395905998056235,0.005429850498563175],\""observed_distance_m\"":0.00612752406859828,\""quiet_intervals\"":10,\""native_verified\"":false}]""}",docs/go2_development_artifact_retention_2026-09-14.md,/mnt/steam_drive/LeWMQuad-v3/navigation_development_artifacts_v1/go2_sparse_corner_replication_01_jepa_noise_2mm_native_layout00_4800_v1_attempt_001/continuous_native_arrival_evaluation.json,1,1,True,0
go2_sparse_corner_replication_02_supervised_rollout_noise_2mm_native_layout00_4800_v1_attempt_001,PACED_NATIVE_PREFIX_COMPLETE,OBSERVED_ROUND_TRIP_CANDIDATE,False,/mnt/steam_drive/LeWMQuad-v3/navigation_development_artifacts_v1/go2_sparse_corner_replication_02_supervised_rollout_noise_2mm_native_layout00_4800_v1_attempt_001/result.json,,,"{""status"":""PACED_NATIVE_PREFIX_COMPLETE"",""mission_terminal"":""OBSERVED_ROUND_TRIP_CANDIDATE"",""navigation_success_claimed"":false,""simulation_s"":253.68,""wall_s"":331.918432153,""camera_frames"":2534,""disallowed_contact"":false,""observed_arrivals"":""[{\""phase\"":\""OUTBOUND\"",\""frame\"":1425,\""measured_ns\"":144000000000,\""target_initial_body_xy_m\"":[0.0,1.3],\""observed_position_initial_body_xy_m\"":[-0.0060247896682047485,1.2875686443215777],\""observed_distance_m\"":0.013814365513824742,\""quiet_intervals\"":10,\""native_verified\"":false},{\""phase\"":\""RETURN\"",\""frame\"":2532,\""measured_ns\"":254700000000,\""target_initial_body_xy_m\"":[0.0,0.0],\""observed_position_initial_body_xy_m\"":[-0.004305987820047784,-0.00516734987521751],\""observed_distance_m\"":0.006726294361631097,\""quiet_intervals\"":10,\""native_verified\"":false}]""}",docs/go2_development_artifact_retention_2026-09-14.md,/mnt/steam_drive/LeWMQuad-v3/navigation_development_artifacts_v1/go2_sparse_corner_replication_02_supervised_rollout_noise_2mm_native_layout00_4800_v1_attempt_001/continuous_native_arrival_evaluation.json,1,1,True,0
go2_sparse_corner_replication_03_command_history_noise_2mm_native_layout00_4800_v1_attempt_001,PACED_NATIVE_PREFIX_COMPLETE,OBSERVED_ROUND_TRIP_CANDIDATE,False,/mnt/steam_drive/LeWMQuad-v3/navigation_development_artifacts_v1/go2_sparse_corner_replication_03_command_history_noise_2mm_native_layout00_4800_v1_attempt_001/result.json,,,"{""status"":""PACED_NATIVE_PREFIX_COMPLETE"",""mission_terminal"":""OBSERVED_ROUND_TRIP_CANDIDATE"",""navigation_success_claimed"":false,""simulation_s"":240.9,""wall_s"":315.857301223,""camera_frames"":2407,""disallowed_contact"":false,""observed_arrivals"":""[{\""phase\"":\""OUTBOUND\"",\""frame\"":1696,\""measured_ns\"":171100000000,\""target_initial_body_xy_m\"":[0.0,1.3],\""observed_position_initial_body_xy_m\"":[-0.0015001972514332013,1.3026617548202273],\""observed_distance_m\"":0.0030554100406018593,\""quiet_intervals\"":10,\""native_verified\"":false},{\""phase\"":\""RETURN\"",\""frame\"":2405,\""measured_ns\"":242000000000,\""target_initial_body_xy_m\"":[0.0,0.0],\""observed_position_initial_body_xy_m\"":[0.004391913747230201,0.004102180575654408],\""observed_distance_m\"":0.006009724772265862,\""quiet_intervals\"":10,\""native_verified\"":false}]""}",docs/go2_development_artifact_retention_2026-09-14.md,/mnt/steam_drive/LeWMQuad-v3/navigation_development_artifacts_v1/go2_sparse_corner_replication_03_command_history_noise_2mm_native_layout00_4800_v1_attempt_001/continuous_native_arrival_evaluation.json,1,1,True,0
go2_sparse_corner_replication_04_reactive_feedback_noise_2mm_native_layout00_4800_v1_attempt_001,PACED_NATIVE_PREFIX_COMPLETE,OBSERVED_ROUND_TRIP_CANDIDATE,False,/mnt/steam_drive/LeWMQuad-v3/navigation_development_artifacts_v1/go2_sparse_corner_replication_04_reactive_feedback_noise_2mm_native_layout00_4800_v1_attempt_001/result.json,,,"{""status"":""PACED_NATIVE_PREFIX_COMPLETE"",""mission_terminal"":""OBSERVED_ROUND_TRIP_CANDIDATE"",""navigation_success_claimed"":false,""simulation_s"":254.9,""wall_s"":332.992147279,""camera_frames"":2547,""disallowed_contact"":false,""observed_arrivals"":""[{\""phase\"":\""OUTBOUND\"",\""frame\"":1177,\""measured_ns\"":119200000000,\""target_initial_body_xy_m\"":[0.0,1.3],\""observed_position_initial_body_xy_m\"":[0.004944539770408371,1.3125260598738404],\""observed_distance_m\"":0.013466649527784699,\""quiet_intervals\"":10,\""native_verified\"":false},{\""phase\"":\""RETURN\"",\""frame\"":2545,\""measured_ns\"":256000000000,\""target_initial_body_xy_m\"":[0.0,0.0],\""observed_position_initial_body_xy_m\"":[-0.0012988338909043222,-0.0007400174497470127],\""observed_distance_m\"":0.0014948562814169571,\""quiet_intervals\"":10,\""native_verified\"":false}]""}",docs/go2_development_artifact_retention_2026-09-14.md,/mnt/steam_drive/LeWMQuad-v3/navigation_development_artifacts_v1/go2_sparse_corner_replication_04_reactive_feedback_noise_2mm_native_layout00_4800_v1_attempt_001/continuous_native_arrival_evaluation.json,1,1,True,0
go2_sparse_corner_replication_05_jepa_no_route_turn_memory_noise_2mm_native_layout00_4800_v1_attempt_001,PACED_NATIVE_PREFIX_COMPLETE,OBSERVED_ROUND_TRIP_CANDIDATE,False,/mnt/steam_drive/LeWMQuad-v3/navigation_development_artifacts_v1/go2_sparse_corner_replication_05_jepa_no_route_turn_memory_noise_2mm_native_layout00_4800_v1_attempt_001/result.json,,,"{""status"":""PACED_NATIVE_PREFIX_COMPLETE"",""mission_terminal"":""OBSERVED_ROUND_TRIP_CANDIDATE"",""navigation_success_claimed"":false,""simulation_s"":262.08,""wall_s"":342.606586465,""camera_frames"":2619,""disallowed_contact"":false,""observed_arrivals"":""[{\""phase\"":\""OUTBOUND\"",\""frame\"":1805,\""measured_ns\"":182000000000,\""target_initial_body_xy_m\"":[0.0,1.3],\""observed_position_initial_body_xy_m\"":[-0.002929899584951358,1.307356550768028],\""observed_distance_m\"":0.007918532110212812,\""quiet_intervals\"":10,\""native_verified\"":false},{\""phase\"":\""RETURN\"",\""frame\"":2617,\""measured_ns\"":263200000000,\""target_initial_body_xy_m\"":[0.0,0.0],\""observed_position_initial_body_xy_m\"":[0.00461521653036585,0.005300980862829262],\""observed_distance_m\"":0.007028557585326044,\""quiet_intervals\"":10,\""native_verified\"":false}]""}",docs/go2_development_artifact_retention_2026-09-14.md,/mnt/steam_drive/LeWMQuad-v3/navigation_development_artifacts_v1/go2_sparse_corner_replication_05_jepa_no_route_turn_memory_noise_2mm_native_layout00_4800_v1_attempt_001/continuous_native_arrival_evaluation.json,1,1,True,0
go2_sparse_corner_replication_06_command_history_noise_2mm_native_layout01_4800_v1_attempt_001,FAILURE_RECORD_ONLY,,,,/mnt/steam_drive/LeWMQuad-v3/navigation_development_artifacts_v1/go2_sparse_corner_replication_06_command_history_noise_2mm_native_layout01_4800_v1_attempt_001/failure.json,"RuntimeError('[{\'stage\': \'tracking\', \'reason\': ""ValueError(\'measured visual pose unavailable\')""}]')",{},docs/go2_sparse_corner_replication_failure_diagnosis_2026-09-17.md,/mnt/steam_drive/LeWMQuad-v3/navigation_development_artifacts_v1/go2_sparse_corner_replication_06_command_history_noise_2mm_native_layout01_4800_v1_attempt_001/continuous_native_arrival_evaluation.json,0,0,False,0
go2_sparse_corner_replication_07_reactive_feedback_noise_2mm_native_layout01_4800_v1_attempt_001,PACED_NATIVE_PREFIX_COMPLETE,OBSERVED_ROUND_TRIP_CANDIDATE,False,/mnt/steam_drive/LeWMQuad-v3/navigation_development_artifacts_v1/go2_sparse_corner_replication_07_reactive_feedback_noise_2mm_native_layout01_4800_v1_attempt_001/result.json,,,"{""status"":""PACED_NATIVE_PREFIX_COMPLETE"",""mission_terminal"":""OBSERVED_ROUND_TRIP_CANDIDATE"",""navigation_success_claimed"":false,""simulation_s"":222.54,""wall_s"":290.358809639,""camera_frames"":2222,""disallowed_contact"":false,""observed_arrivals"":""[{\""phase\"":\""OUTBOUND\"",\""frame\"":1153,\""measured_ns\"":116800000000,\""target_initial_body_xy_m\"":[0.0,2.6],\""observed_position_initial_body_xy_m\"":[0.01844106815947439,2.6045259299135823],\""observed_distance_m\"":0.018988339486248892,\""quiet_intervals\"":10,\""native_verified\"":false},{\""phase\"":\""RETURN\"",\""frame\"":2219,\""measured_ns\"":223400000000,\""target_initial_body_xy_m\"":[0.0,0.0],\""observed_position_initial_body_xy_m\"":[0.007100057401513501,0.0075683234425314],\""observed_distance_m\"":0.010377395378203386,\""quiet_intervals\"":10,\""native_verified\"":false}]""}",docs/go2_development_artifact_retention_2026-09-14.md,/mnt/steam_drive/LeWMQuad-v3/navigation_development_artifacts_v1/go2_sparse_corner_replication_07_reactive_feedback_noise_2mm_native_layout01_4800_v1_attempt_001/continuous_native_arrival_evaluation.json,1,1,True,0
go2_sparse_corner_replication_08_jepa_no_route_turn_memory_noise_2mm_native_layout01_4800_v1_attempt_001,PACED_NATIVE_PREFIX_COMPLETE,OBSERVED_ROUND_TRIP_CANDIDATE,False,/mnt/steam_drive/LeWMQuad-v3/navigation_development_artifacts_v1/go2_sparse_corner_replication_08_jepa_no_route_turn_memory_noise_2mm_native_layout01_4800_v1_attempt_001/result.json,,,"{""status"":""PACED_NATIVE_PREFIX_COMPLETE"",""mission_terminal"":""OBSERVED_ROUND_TRIP_CANDIDATE"",""navigation_success_claimed"":false,""simulation_s"":239.7,""wall_s"":312.824958292,""camera_frames"":2394,""disallowed_contact"":false,""observed_arrivals"":""[{\""phase\"":\""OUTBOUND\"",\""frame\"":1731,\""measured_ns\"":174600000000,\""target_initial_body_xy_m\"":[0.0,2.6],\""observed_position_initial_body_xy_m\"":[-0.006099072538970355,2.5846903980412557],\""observed_distance_m\"":0.01647976328624939,\""quiet_intervals\"":10,\""native_verified\"":false},{\""phase\"":\""RETURN\"",\""frame\"":2392,\""measured_ns\"":240700000000,\""target_initial_body_xy_m\"":[0.0,0.0],\""observed_position_initial_body_xy_m\"":[0.005303173770625528,-0.012096837182951698],\""observed_distance_m\"":0.013208221752843695,\""quiet_intervals\"":10,\""native_verified\"":false}]""}",docs/go2_development_artifact_retention_2026-09-14.md,/mnt/steam_drive/LeWMQuad-v3/navigation_development_artifacts_v1/go2_sparse_corner_replication_08_jepa_no_route_turn_memory_noise_2mm_native_layout01_4800_v1_attempt_001/continuous_native_arrival_evaluation.json,1,1,True,0
go2_sparse_corner_replication_09_jepa_noise_2mm_native_layout01_4800_v1_attempt_001,PACED_NATIVE_PREFIX_COMPLETE,OBSERVED_ROUND_TRIP_CANDIDATE,False,/mnt/steam_drive/LeWMQuad-v3/navigation_development_artifacts_v1/go2_sparse_corner_replication_09_jepa_noise_2mm_native_layout01_4800_v1_attempt_001/result.json,,,"{""status"":""PACED_NATIVE_PREFIX_COMPLETE"",""mission_terminal"":""OBSERVED_ROUND_TRIP_CANDIDATE"",""navigation_success_claimed"":false,""simulation_s"":366.12,""wall_s"":479.70456777,""camera_frames"":3659,""disallowed_contact"":false,""observed_arrivals"":""[{\""phase\"":\""OUTBOUND\"",\""frame\"":2624,\""measured_ns\"":263900000000,\""target_initial_body_xy_m\"":[0.0,2.6],\""observed_position_initial_body_xy_m\"":[0.0017991902452733244,2.5949013445994122],\""observed_distance_m\"":0.005406789475523374,\""quiet_intervals\"":10,\""native_verified\"":false},{\""phase\"":\""RETURN\"",\""frame\"":3657,\""measured_ns\"":367200000000,\""target_initial_body_xy_m\"":[0.0,0.0],\""observed_position_initial_body_xy_m\"":[-0.003206276648062125,-0.00546125290192381],\""observed_distance_m\"":0.0063328897987158855,\""quiet_intervals\"":10,\""native_verified\"":false}]""}",docs/go2_development_artifact_retention_2026-09-14.md,/mnt/steam_drive/LeWMQuad-v3/navigation_development_artifacts_v1/go2_sparse_corner_replication_09_jepa_noise_2mm_native_layout01_4800_v1_attempt_001/continuous_native_arrival_evaluation.json,1,1,True,0
go2_sparse_corner_replication_10_supervised_rollout_noise_2mm_native_layout01_4800_v1_attempt_001,PACED_NATIVE_PREFIX_COMPLETE,OBSERVED_ROUND_TRIP_CANDIDATE,False,/mnt/steam_drive/LeWMQuad-v3/navigation_development_artifacts_v1/go2_sparse_corner_replication_10_supervised_rollout_noise_2mm_native_layout01_4800_v1_attempt_001/result.json,,,"{""status"":""PACED_NATIVE_PREFIX_COMPLETE"",""mission_terminal"":""OBSERVED_ROUND_TRIP_CANDIDATE"",""navigation_success_claimed"":false,""simulation_s"":230.52,""wall_s"":301.991067783,""camera_frames"":2303,""disallowed_contact"":false,""observed_arrivals"":""[{\""phase\"":\""OUTBOUND\"",\""frame\"":1372,\""measured_ns\"":138700000000,\""target_initial_body_xy_m\"":[0.0,2.6],\""observed_position_initial_body_xy_m\"":[0.004501100841797302,2.59737769196297],\""observed_distance_m\"":0.005209261773908249,\""quiet_intervals\"":10,\""native_verified\"":false},{\""phase\"":\""RETURN\"",\""frame\"":2301,\""measured_ns\"":231600000000,\""target_initial_body_xy_m\"":[0.0,0.0],\""observed_position_initial_body_xy_m\"":[0.00655093455212543,-0.011236500855950382],\""observed_distance_m\"":0.013006678860954647,\""quiet_intervals\"":10,\""native_verified\"":false}]""}",docs/go2_development_artifact_retention_2026-09-14.md,/mnt/steam_drive/LeWMQuad-v3/navigation_development_artifacts_v1/go2_sparse_corner_replication_10_supervised_rollout_noise_2mm_native_layout01_4800_v1_attempt_001/continuous_native_arrival_evaluation.json,1,1,True,0
go2_sparse_corner_replication_13_supervised_rollout_noise_2mm_native_layout02_4800_v1_attempt_001,PACED_NATIVE_PREFIX_COMPLETE,OBSERVED_ROUND_TRIP_CANDIDATE,False,/mnt/steam_drive/LeWMQuad-v3/navigation_development_artifacts_v1/go2_sparse_corner_replication_13_supervised_rollout_noise_2mm_native_layout02_4800_v1_attempt_001/result.json,,,"{""status"":""PACED_NATIVE_PREFIX_COMPLETE"",""mission_terminal"":""OBSERVED_ROUND_TRIP_CANDIDATE"",""navigation_success_claimed"":false,""simulation_s"":237.54,""wall_s"":310.138540601,""camera_frames"":2369,""disallowed_contact"":false,""observed_arrivals"":""[{\""phase\"":\""OUTBOUND\"",\""frame\"":1420,\""measured_ns\"":143500000000,\""target_initial_body_xy_m\"":[0.0,-1.3],\""observed_position_initial_body_xy_m\"":[0.002394007965003242,-1.2915270878366387],\""observed_distance_m\"":0.00880463029686853,\""quiet_intervals\"":10,\""native_verified\"":false},{\""phase\"":\""RETURN\"",\""frame\"":2367,\""measured_ns\"":238200000000,\""target_initial_body_xy_m\"":[0.0,0.0],\""observed_position_initial_body_xy_m\"":[0.008321855297060482,-0.004910706101313054],\""observed_distance_m\"":0.009662727875640856,\""quiet_intervals\"":10,\""native_verified\"":false}]""}",docs/go2_development_artifact_retention_2026-09-14.md,/mnt/steam_drive/LeWMQuad-v3/navigation_development_artifacts_v1/go2_sparse_corner_replication_13_supervised_rollout_noise_2mm_native_layout02_4800_v1_attempt_001/continuous_native_arrival_evaluation.json,1,1,True,0
go2_sparse_corner_replication_14_command_history_noise_2mm_native_layout02_4800_v1_attempt_001,PACED_NATIVE_PREFIX_COMPLETE,OBSERVED_ROUND_TRIP_CANDIDATE,False,/mnt/steam_drive/LeWMQuad-v3/navigation_development_artifacts_v1/go2_sparse_corner_replication_14_command_history_noise_2mm_native_layout02_4800_v1_attempt_001/result.json,,,"{""status"":""PACED_NATIVE_PREFIX_COMPLETE"",""mission_terminal"":""OBSERVED_ROUND_TRIP_CANDIDATE"",""navigation_success_claimed"":false,""simulation_s"":260.9,""wall_s"":341.462790699,""camera_frames"":2606,""disallowed_contact"":false,""observed_arrivals"":""[{\""phase\"":\""OUTBOUND\"",\""frame\"":1432,\""measured_ns\"":144700000000,\""target_initial_body_xy_m\"":[0.0,-1.3],\""observed_position_initial_body_xy_m\"":[0.013314312152402183,-1.2919430882425338],\""observed_distance_m\"":0.01556228566628959,\""quiet_intervals\"":10,\""native_verified\"":false},{\""phase\"":\""RETURN\"",\""frame\"":2604,\""measured_ns\"":261900000000,\""target_initial_body_xy_m\"":[0.0,0.0],\""observed_position_initial_body_xy_m\"":[0.01630148721791922,-0.011406206104898042],\""observed_distance_m\"":0.019895728768341135,\""quiet_intervals\"":10,\""native_verified\"":false}]""}",docs/go2_development_artifact_retention_2026-09-14.md,/mnt/steam_drive/LeWMQuad-v3/navigation_development_artifacts_v1/go2_sparse_corner_replication_14_command_history_noise_2mm_native_layout02_4800_v1_attempt_001/continuous_native_arrival_evaluation.json,1,1,True,0
go2_spatial_support_observer_replay_v1_attempt_001,SPATIAL_SUPPORT_OBSERVER_REPLAY_COMPLETE,,,/home/andrewknowles/RecoveryStorage/LeWMQuad-v3/.generated/navigation_development_artifacts_v1/go2_spatial_support_observer_replay_v1_attempt_001/result.json,,,"{""status"":""SPATIAL_SUPPORT_OBSERVER_REPLAY_COMPLETE""}",docs/go2_spatial_support_observer_replay_result_2026-09-08.md;docs/go2_spatial_support_observer_replay_v1_2026-09-08.md,,,,,
go2_stable_reference_jit_floor_cached_fine_goal_lzma_pulse_learned_round_trip_native_layout04_4800_v1_attempt_001,PACED_NATIVE_PREFIX_COMPLETE,MISSION_TICK_BUDGET_EXHAUSTED,False,/home/andrewknowles/RecoveryStorage/LeWMQuad-v3/.generated/navigation_development_artifacts_v1/go2_stable_reference_jit_floor_cached_fine_goal_lzma_pulse_learned_round_trip_native_layout04_4800_v1_attempt_001/result.json,,,"{""status"":""PACED_NATIVE_PREFIX_COMPLETE"",""mission_terminal"":""MISSION_TICK_BUDGET_EXHAUSTED"",""navigation_success_claimed"":false,""simulation_s"":481.06,""wall_s"":481.914841866,""camera_frames"":4805,""disallowed_contact"":false,""observed_arrivals"":""[{\""phase\"":\""OUTBOUND\"",\""frame\"":2436,\""measured_ns\"":245100000000,\""target_initial_body_xy_m\"":[0.0,1.3],\""observed_position_initial_body_xy_m\"":[0.003920756526100315,1.3060397440289357],\""observed_distance_m\"":0.007200752715655681,\""quiet_intervals\"":10,\""native_verified\"":false}]""}",docs/go2_development_artifact_retention_2026-09-14.md;docs/go2_raw_depth_archive_and_full_pulse_trial_2026-09-14.md;docs/go2_stable_reference_and_terminal_heading_result_2026-09-14.md,/home/andrewknowles/RecoveryStorage/LeWMQuad-v3/.generated/navigation_development_artifacts_v1/go2_stable_reference_jit_floor_cached_fine_goal_lzma_pulse_learned_round_trip_native_layout04_4800_v1_attempt_001/continuous_native_arrival_evaluation.json,1,0,False,0
go2_stable_reference_jit_floor_cached_fine_goal_lzma_pulse_reactive_round_trip_native_layout04_4800_v1_attempt_001,PACED_NATIVE_PREFIX_COMPLETE,MISSION_TICK_BUDGET_EXHAUSTED,False,/home/andrewknowles/RecoveryStorage/LeWMQuad-v3/.generated/navigation_development_artifacts_v1/go2_stable_reference_jit_floor_cached_fine_goal_lzma_pulse_reactive_round_trip_native_layout04_4800_v1_attempt_001/result.json,,,"{""status"":""PACED_NATIVE_PREFIX_COMPLETE"",""mission_terminal"":""MISSION_TICK_BUDGET_EXHAUSTED"",""navigation_success_claimed"":false,""simulation_s"":481.02,""wall_s"":481.529648465,""camera_frames"":4805,""disallowed_contact"":false,""observed_arrivals"":""[]""}",docs/go2_stable_reference_matched_navigation_result_2026-09-14.md,/home/andrewknowles/RecoveryStorage/LeWMQuad-v3/.generated/navigation_development_artifacts_v1/go2_stable_reference_jit_floor_cached_fine_goal_lzma_pulse_reactive_round_trip_native_layout04_4800_v1_attempt_001/continuous_native_arrival_evaluation.json,0,0,False,0
go2_standoff_frontier_native_layout00_v1_attempt_001,PACED_NATIVE_PREFIX_COMPLETE,MISSION_TICK_BUDGET_EXHAUSTED,False,/home/andrewknowles/RecoveryStorage/LeWMQuad-v3/.generated/navigation_development_artifacts_v1/go2_standoff_frontier_native_layout00_v1_attempt_001/result.json,,,"{""status"":""PACED_NATIVE_PREFIX_COMPLETE"",""mission_terminal"":""MISSION_TICK_BUDGET_EXHAUSTED"",""navigation_success_claimed"":false,""simulation_s"":181.08,""wall_s"":181.060053894,""camera_frames"":1805,""disallowed_contact"":false,""observed_arrivals"":""[]""}",docs/go2_feature150_memory_clearance_experiment_2026-09-13.md,,,,,
go2_stepwise_clearance_turn_recovery_learned_round_trip_native_layout02_v1_attempt_001,PACED_NATIVE_PREFIX_COMPLETE,MISSION_TICK_BUDGET_EXHAUSTED,False,/home/andrewknowles/RecoveryStorage/LeWMQuad-v3/.generated/navigation_development_artifacts_v1/go2_stepwise_clearance_turn_recovery_learned_round_trip_native_layout02_v1_attempt_001/result.json,,,"{""status"":""PACED_NATIVE_PREFIX_COMPLETE"",""mission_terminal"":""MISSION_TICK_BUDGET_EXHAUSTED"",""navigation_success_claimed"":false,""simulation_s"":361.04,""wall_s"":361.609087231,""camera_frames"":3605,""disallowed_contact"":false,""observed_arrivals"":""[]""}",docs/go2_continuous_controller_comparison_2026-09-13.md,/home/andrewknowles/RecoveryStorage/LeWMQuad-v3/.generated/navigation_development_artifacts_v1/go2_stepwise_clearance_turn_recovery_learned_round_trip_native_layout02_v1_attempt_001/continuous_native_arrival_evaluation.json,0,0,False,0
go2_stop_conditioned_independent_00_frozen_reference_seed_2026091001_full_direct_v1_attempt_001,FAILURE_RECORD_ONLY,,,,/home/andrewknowles/RecoveryStorage/LeWMQuad-v3/.generated/navigation_development_artifacts_v1/go2_stop_conditioned_independent_00_frozen_reference_seed_2026091001_full_direct_v1_attempt_001/failure.json,ResourceLimitError('resource stop: PHASE_DISK_ALLOWANCE'),{},docs/go2_independent_layout00_direct_collection_2026-09-13.md,,,,,
go2_stop_conditioned_independent_00_frozen_reference_seed_2026091001_full_jepa_v1_attempt_001,STOP_CONDITIONED_INDEPENDENT_CASE_COMPLETE,,,/home/andrewknowles/RecoveryStorage/LeWMQuad-v3/.generated/navigation_development_artifacts_v1/go2_stop_conditioned_independent_00_frozen_reference_seed_2026091001_full_jepa_v1_attempt_001/result.json,,,"{""status"":""STOP_CONDITIONED_INDEPENDENT_CASE_COMPLETE"",""wall_s"":6089.865836203098,""verified_round_trip"":true}",docs/go2_independent_layout00_jepa_early_turning_observation_2026-09-13.md;docs/go2_independent_layout00_jepa_started_2026-09-13.md,,,,,
go2_stop_conditioned_independent_00_frozen_reference_seed_2026091001_full_supervised_rollout_v1_attempt_001,FAILURE_RECORD_ONLY,,,,/home/andrewknowles/RecoveryStorage/LeWMQuad-v3/.generated/navigation_development_artifacts_v1/go2_stop_conditioned_independent_00_frozen_reference_seed_2026091001_full_supervised_rollout_v1_attempt_001/failure.json,ValueError('source/evidence identity changed: lewm/commitment_contact_controller_development.py'),{},docs/go2_independent_layout00_supervised_physical_readout_2026-09-13.md,,,,,
go2_stop_conditioned_independent_00_nominal_seed_2026091001_full_jepa_v1_attempt_001,STOP_CONDITIONED_INDEPENDENT_CASE_COMPLETE,,,/home/andrewknowles/RecoveryStorage/LeWMQuad-v3/.generated/navigation_development_artifacts_v1/go2_stop_conditioned_independent_00_nominal_seed_2026091001_full_jepa_v1_attempt_001/result.json,,,"{""status"":""STOP_CONDITIONED_INDEPENDENT_CASE_COMPLETE"",""wall_s"":2358.2644714168273,""verified_round_trip"":false}",docs/go2_independent_layout00_nominal_completed_2026-09-13.md;docs/go2_independent_layout00_nominal_forecast_control_2026-09-13.md,,,,,
go2_stop_conditioned_settling_maze02_v1_attempt_001,STOP_CONDITIONED_SETTLING_MAZE02_V1_COMPLETE,,,/home/andrewknowles/RecoveryStorage/LeWMQuad-v3/.generated/navigation_development_artifacts_v1/go2_stop_conditioned_settling_maze02_v1_attempt_001/result.json,,,"{""status"":""STOP_CONDITIONED_SETTLING_MAZE02_V1_COMPLETE"",""wall_s"":8507.301534831058,""verified_round_trip"":true}",docs/go2_stop_conditioned_verified_round_trip_2026-09-13.md,,,,,
go2_stopping_margin_round_trip_native_layout00_v1_attempt_001,PACED_NATIVE_PREFIX_COMPLETE,MISSION_TICK_BUDGET_EXHAUSTED,False,/home/andrewknowles/RecoveryStorage/LeWMQuad-v3/.generated/navigation_development_artifacts_v1/go2_stopping_margin_round_trip_native_layout00_v1_attempt_001/result.json,,,"{""status"":""PACED_NATIVE_PREFIX_COMPLETE"",""mission_terminal"":""MISSION_TICK_BUDGET_EXHAUSTED"",""navigation_success_claimed"":false,""simulation_s"":181.02,""wall_s"":181.031240807,""camera_frames"":1805,""disallowed_contact"":false,""observed_arrivals"":""[]""}",docs/go2_timing_and_stopping_margin_2026-09-13.md,,,,,
go2_stopping_projection_transfer_comparison_layout01_v1_attempt_001,RESULT_RECORDED,,,/home/andrewknowles/RecoveryStorage/LeWMQuad-v3/.generated/navigation_development_artifacts_v1/go2_stopping_projection_transfer_comparison_layout01_v1_attempt_001/result.json,,,{},docs/go2_stopping_projection_transfer_2026-09-15.md,,,,,
go2_stopping_projection_transfer_four_layout_summary_v1_attempt_001,RESULT_RECORDED,,,/home/andrewknowles/RecoveryStorage/LeWMQuad-v3/.generated/navigation_development_artifacts_v1/go2_stopping_projection_transfer_four_layout_summary_v1_attempt_001/result.json,,,{},docs/go2_stopping_projection_transfer_2026-09-15.md,,,,,
go2_stopping_projection_transfer_learned_noise_2mm_native_layout00_4800_v1_attempt_001,PACED_NATIVE_PREFIX_COMPLETE,OBSERVED_ROUND_TRIP_CANDIDATE,False,/home/andrewknowles/RecoveryStorage/LeWMQuad-v3/.generated/navigation_development_artifacts_v1/go2_stopping_projection_transfer_learned_noise_2mm_native_layout00_4800_v1_attempt_001/result.json,,,"{""status"":""PACED_NATIVE_PREFIX_COMPLETE"",""mission_terminal"":""OBSERVED_ROUND_TRIP_CANDIDATE"",""navigation_success_claimed"":false,""simulation_s"":196.74,""wall_s"":197.761659903,""camera_frames"":1966,""disallowed_contact"":false,""observed_arrivals"":""[{\""phase\"":\""OUTBOUND\"",\""frame\"":1298,\""measured_ns\"":131300000000,\""target_initial_body_xy_m\"":[0.0,2.6],\""observed_position_initial_body_xy_m\"":[-0.016886998773043723,2.595940042406134],\""observed_distance_m\"":0.017368188829718897,\""quiet_intervals\"":10,\""native_verified\"":false},{\""phase\"":\""RETURN\"",\""frame\"":1964,\""measured_ns\"":197900000000,\""target_initial_body_xy_m\"":[0.0,0.0],\""observed_position_initial_body_xy_m\"":[-0.0014965579312035627,-0.011378207202079054],\""observed_distance_m\"":0.011476205155664129,\""quiet_intervals\"":10,\""native_verified\"":false}]""}",docs/go2_development_artifact_retention_2026-09-14.md,/home/andrewknowles/RecoveryStorage/LeWMQuad-v3/.generated/navigation_development_artifacts_v1/go2_stopping_projection_transfer_learned_noise_2mm_native_layout00_4800_v1_attempt_001/continuous_native_arrival_evaluation.json,1,1,True,0
go2_stopping_projection_transfer_learned_noise_2mm_native_layout01_4800_v1_attempt_001,PACED_NATIVE_PREFIX_COMPLETE,OBSERVED_ROUND_TRIP_CANDIDATE,False,/home/andrewknowles/RecoveryStorage/LeWMQuad-v3/.generated/navigation_development_artifacts_v1/go2_stopping_projection_transfer_learned_noise_2mm_native_layout01_4800_v1_attempt_001/result.json,,,"{""status"":""PACED_NATIVE_PREFIX_COMPLETE"",""mission_terminal"":""OBSERVED_ROUND_TRIP_CANDIDATE"",""navigation_success_claimed"":false,""simulation_s"":123.92,""wall_s"":125.118882939,""camera_frames"":1238,""disallowed_contact"":false,""observed_arrivals"":""[{\""phase\"":\""OUTBOUND\"",\""frame\"":723,\""measured_ns\"":73800000000,\""target_initial_body_xy_m\"":[3.9000000000000004,-1.3],\""observed_position_initial_body_xy_m\"":[3.8897664364677764,-1.304131253041876],\""observed_distance_m\"":0.011035989953967578,\""quiet_intervals\"":10,\""native_verified\"":false},{\""phase\"":\""RETURN\"",\""frame\"":1236,\""measured_ns\"":125100000000,\""target_initial_body_xy_m\"":[0.0,0.0],\""observed_position_initial_body_xy_m\"":[-0.01170304020309347,-0.014331464029992403],\""observed_distance_m\"":0.018502756855079412,\""quiet_intervals\"":10,\""native_verified\"":false}]""}",docs/go2_development_artifact_retention_2026-09-14.md,/home/andrewknowles/RecoveryStorage/LeWMQuad-v3/.generated/navigation_development_artifacts_v1/go2_stopping_projection_transfer_learned_noise_2mm_native_layout01_4800_v1_attempt_001/continuous_native_arrival_evaluation.json,1,1,True,0
go2_stopping_projection_transfer_learned_noise_2mm_native_layout02_4800_v1_attempt_001,PACED_NATIVE_PREFIX_COMPLETE,OBSERVED_ROUND_TRIP_CANDIDATE,False,/home/andrewknowles/RecoveryStorage/LeWMQuad-v3/.generated/navigation_development_artifacts_v1/go2_stopping_projection_transfer_learned_noise_2mm_native_layout02_4800_v1_attempt_001/result.json,,,"{""status"":""PACED_NATIVE_PREFIX_COMPLETE"",""mission_terminal"":""OBSERVED_ROUND_TRIP_CANDIDATE"",""navigation_success_claimed"":false,""simulation_s"":271.14,""wall_s"":272.53254714,""camera_frames"":2710,""disallowed_contact"":false,""observed_arrivals"":""[{\""phase\"":\""OUTBOUND\"",\""frame\"":2195,\""measured_ns\"":221000000000,\""target_initial_body_xy_m\"":[3.9000000000000004,-1.3],\""observed_position_initial_body_xy_m\"":[3.8859291952566224,-1.306519635261382],\""observed_distance_m\"":0.015507842856687767,\""quiet_intervals\"":10,\""native_verified\"":false},{\""phase\"":\""RETURN\"",\""frame\"":2708,\""measured_ns\"":272300000000,\""target_initial_body_xy_m\"":[0.0,0.0],\""observed_position_initial_body_xy_m\"":[-0.010440824262232766,-0.005695498369566744],\""observed_distance_m\"":0.011893254935154035,\""quiet_intervals\"":10,\""native_verified\"":false}]""}",docs/go2_development_artifact_retention_2026-09-14.md,/home/andrewknowles/RecoveryStorage/LeWMQuad-v3/.generated/navigation_development_artifacts_v1/go2_stopping_projection_transfer_learned_noise_2mm_native_layout02_4800_v1_attempt_001/continuous_native_arrival_evaluation.json,1,1,True,0
go2_stopping_projection_transfer_pose_command_noise_2mm_native_layout00_4800_v1_attempt_001,PACED_NATIVE_PREFIX_COMPLETE,OBSERVED_ROUND_TRIP_CANDIDATE,False,/home/andrewknowles/RecoveryStorage/LeWMQuad-v3/.generated/navigation_development_artifacts_v1/go2_stopping_projection_transfer_pose_command_noise_2mm_native_layout00_4800_v1_attempt_001/result.json,,,"{""status"":""PACED_NATIVE_PREFIX_COMPLETE"",""mission_terminal"":""OBSERVED_ROUND_TRIP_CANDIDATE"",""navigation_success_claimed"":false,""simulation_s"":247.22,""wall_s"":248.44036903,""camera_frames"":2470,""disallowed_contact"":false,""observed_arrivals"":""[{\""phase\"":\""OUTBOUND\"",\""frame\"":1812,\""measured_ns\"":182700000000,\""target_initial_body_xy_m\"":[0.0,2.6],\""observed_position_initial_body_xy_m\"":[0.00920682579887378,2.6012971130568436],\""observed_distance_m\"":0.009297749382137692,\""quiet_intervals\"":10,\""native_verified\"":false},{\""phase\"":\""RETURN\"",\""frame\"":2468,\""measured_ns\"":248300000000,\""target_initial_body_xy_m\"":[0.0,0.0],\""observed_position_initial_body_xy_m\"":[0.005345932029207008,0.017030210161303568],\""observed_distance_m\"":0.017849567148787354,\""quiet_intervals\"":10,\""native_verified\"":false}]""}",docs/go2_development_artifact_retention_2026-09-14.md,/home/andrewknowles/RecoveryStorage/LeWMQuad-v3/.generated/navigation_development_artifacts_v1/go2_stopping_projection_transfer_pose_command_noise_2mm_native_layout00_4800_v1_attempt_001/continuous_native_arrival_evaluation.json,1,1,True,0
go2_stopping_projection_transfer_pose_command_noise_2mm_native_layout01_4800_v1_attempt_001,PACED_NATIVE_PREFIX_COMPLETE,OBSERVED_ROUND_TRIP_CANDIDATE,False,/home/andrewknowles/RecoveryStorage/LeWMQuad-v3/.generated/navigation_development_artifacts_v1/go2_stopping_projection_transfer_pose_command_noise_2mm_native_layout01_4800_v1_attempt_001/result.json,,,"{""status"":""PACED_NATIVE_PREFIX_COMPLETE"",""mission_terminal"":""OBSERVED_ROUND_TRIP_CANDIDATE"",""navigation_success_claimed"":false,""simulation_s"":136.4,""wall_s"":144.76464936,""camera_frames"":1363,""disallowed_contact"":false,""observed_arrivals"":""[{\""phase\"":\""OUTBOUND\"",\""frame\"":732,\""measured_ns\"":74700000000,\""target_initial_body_xy_m\"":[3.9000000000000004,-1.3],\""observed_position_initial_body_xy_m\"":[3.918027369146146,-1.3032897045574494],\""observed_distance_m\"":0.018325070106460926,\""quiet_intervals\"":10,\""native_verified\"":false},{\""phase\"":\""RETURN\"",\""frame\"":1361,\""measured_ns\"":137600000000,\""target_initial_body_xy_m\"":[0.0,0.0],\""observed_position_initial_body_xy_m\"":[0.00044273836490467785,-0.006312228317868947],\""observed_distance_m\"":0.0063277360561787895,\""quiet_intervals\"":10,\""native_verified\"":false}]""}",docs/go2_development_artifact_retention_2026-09-14.md,/home/andrewknowles/RecoveryStorage/LeWMQuad-v3/.generated/navigation_development_artifacts_v1/go2_stopping_projection_transfer_pose_command_noise_2mm_native_layout01_4800_v1_attempt_001/continuous_native_arrival_evaluation.json,1,1,True,0
go2_stopping_projection_transfer_pose_command_noise_2mm_native_layout02_4800_v1_attempt_001,FAILURE_RECORD_ONLY,,,,/home/andrewknowles/RecoveryStorage/LeWMQuad-v3/.generated/navigation_development_artifacts_v1/go2_stopping_projection_transfer_pose_command_noise_2mm_native_layout02_4800_v1_attempt_001/failure.json,Full(),{},docs/go2_local_reference_tracking_cost_2026-09-15.md,/home/andrewknowles/RecoveryStorage/LeWMQuad-v3/.generated/navigation_development_artifacts_v1/go2_stopping_projection_transfer_pose_command_noise_2mm_native_layout02_4800_v1_attempt_001/continuous_native_arrival_evaluation.json,1,0,False,0
go2_stopping_projection_transfer_reactive_noise_2mm_native_layout01_4800_v1_attempt_001,PACED_NATIVE_PREFIX_COMPLETE,OBSERVED_ROUND_TRIP_CANDIDATE,False,/home/andrewknowles/RecoveryStorage/LeWMQuad-v3/.generated/navigation_development_artifacts_v1/go2_stopping_projection_transfer_reactive_noise_2mm_native_layout01_4800_v1_attempt_001/result.json,,,"{""status"":""PACED_NATIVE_PREFIX_COMPLETE"",""mission_terminal"":""OBSERVED_ROUND_TRIP_CANDIDATE"",""navigation_success_claimed"":false,""simulation_s"":169.78,""wall_s"":173.502040981,""camera_frames"":1696,""disallowed_contact"":false,""observed_arrivals"":""[{\""phase\"":\""OUTBOUND\"",\""frame\"":1012,\""measured_ns\"":102700000000,\""target_initial_body_xy_m\"":[3.9000000000000004,-1.3],\""observed_position_initial_body_xy_m\"":[3.908938878537776,-1.3072411791015637],\""observed_distance_m\"":0.011503835199359642,\""quiet_intervals\"":10,\""native_verified\"":false},{\""phase\"":\""RETURN\"",\""frame\"":1694,\""measured_ns\"":170900000000,\""target_initial_body_xy_m\"":[0.0,0.0],\""observed_position_initial_body_xy_m\"":[0.0041210021906503596,0.018129814597246482],\""observed_distance_m\"":0.01859227894546219,\""quiet_intervals\"":10,\""native_verified\"":false}]""}",docs/go2_development_artifact_retention_2026-09-14.md,/home/andrewknowles/RecoveryStorage/LeWMQuad-v3/.generated/navigation_development_artifacts_v1/go2_stopping_projection_transfer_reactive_noise_2mm_native_layout01_4800_v1_attempt_001/continuous_native_arrival_evaluation.json,1,1,True,0
go2_supervised_commitment_contact_maze01_pilot_v1_attempt_001,SUPERVISED_COMMITMENT_CONTACT_MAZE01_PILOT_V1_COMPLETE,,,/home/andrewknowles/RecoveryStorage/LeWMQuad-v3/.generated/navigation_development_artifacts_v1/go2_supervised_commitment_contact_maze01_pilot_v1_attempt_001/result.json,,,"{""status"":""SUPERVISED_COMMITMENT_CONTACT_MAZE01_PILOT_V1_COMPLETE"",""wall_s"":852.3424074030481}",docs/go2_supervised_commitment_contact_maze01_pilot_v1_2026-09-09.md;docs/go2_supervised_commitment_contact_maze01_result_2026-09-10.md,,,,,
go2_supervised_commitment_contact_native_wait_v1_attempt_001,SUPERVISED_COMMITMENT_CONTACT_NATIVE_WAIT_V1_COMPLETE,,,/home/andrewknowles/RecoveryStorage/LeWMQuad-v3/.generated/navigation_development_artifacts_v1/go2_supervised_commitment_contact_native_wait_v1_attempt_001/result.json,,,"{""status"":""SUPERVISED_COMMITMENT_CONTACT_NATIVE_WAIT_V1_COMPLETE""}",docs/go2_supervised_commitment_contact_native_wait_v1_2026-09-09.md,,,,,
go2_supervised_commitment_contact_prefix_v1_attempt_001,SUPERVISED_COMMITMENT_CONTACT_PREFIX_V1_COMPLETE,,,/home/andrewknowles/RecoveryStorage/LeWMQuad-v3/.generated/navigation_development_artifacts_v1/go2_supervised_commitment_contact_prefix_v1_attempt_001/result.json,,,"{""status"":""SUPERVISED_COMMITMENT_CONTACT_PREFIX_V1_COMPLETE"",""wall_s"":178.8003472359851}",docs/go2_novel_maze_round_trip_pilot_status_2026-09-08.md;docs/go2_supervised_commitment_contact_prefix_result_2026-09-09.md;docs/go2_supervised_commitment_contact_prefix_v1_2026-09-09.md,,,,,
go2_supervised_maze01_turn_scores_v1_attempt_001,SUPERVISED_MAZE01_TURN_SCORES_V1_COMPLETE,,,/home/andrewknowles/RecoveryStorage/LeWMQuad-v3/.generated/navigation_development_artifacts_v1/go2_supervised_maze01_turn_scores_v1_attempt_001/result.json,,,"{""status"":""SUPERVISED_MAZE01_TURN_SCORES_V1_COMPLETE"",""wall_s"":224.61413529515266}",docs/go2_novel_maze_round_trip_pilot_status_2026-09-08.md;docs/go2_supervised_maze01_turn_scores_result_2026-09-09.md;docs/go2_supervised_maze01_turn_scores_v1_2026-09-09.md,,,,,
go2_supervised_maze02_turn_scores_v1_attempt_001,SUPERVISED_MAZE02_TURN_SCORES_V1_COMPLETE,,,/home/andrewknowles/RecoveryStorage/LeWMQuad-v3/.generated/navigation_development_artifacts_v1/go2_supervised_maze02_turn_scores_v1_attempt_001/result.json,,,"{""status"":""SUPERVISED_MAZE02_TURN_SCORES_V1_COMPLETE"",""wall_s"":211.0549084818922}",docs/go2_novel_maze_round_trip_pilot_status_2026-09-08.md;docs/go2_supervised_maze02_turn_scores_result_2026-09-10.md;docs/go2_supervised_maze02_turn_scores_v1_2026-09-10.md,,,,,
go2_supervised_rollout_mazes_v1_attempt_001,SUPERVISED_ROLLOUT_MAZES_V1_COMPLETE,,,/home/andrewknowles/RecoveryStorage/LeWMQuad-v3/.generated/navigation_development_artifacts_v1/go2_supervised_rollout_mazes_v1_attempt_001/result.json,,,"{""status"":""SUPERVISED_ROLLOUT_MAZES_V1_COMPLETE"",""wall_s"":26824.189539586892}",docs/go2_novel_maze_round_trip_pilot_status_2026-09-08.md;docs/go2_supervised_maze01_turn_scores_result_2026-09-09.md;docs/go2_supervised_rollout_mazes_v1_2026-09-09.md,,,,,
go2_surface_memory_goal_probe_v1_attempt_001,SURFACE_MEMORY_GOAL_PROBE_COMPLETE,,,/home/andrewknowles/RecoveryStorage/LeWMQuad-v3/.generated/navigation_development_artifacts_v1/go2_surface_memory_goal_probe_v1_attempt_001/result.json,,,"{""status"":""SURFACE_MEMORY_GOAL_PROBE_COMPLETE"",""wall_s"":399.94555373699404}",docs/go2_surface_memory_goal_probe_result_2026-09-08.md;docs/go2_surface_memory_goal_probe_v1_2026-09-08.md,,,,,
go2_surface_memory_goal_readout_v1_attempt_001,SURFACE_MEMORY_GOAL_PAIRED_READOUT_COMPLETE,,,/home/andrewknowles/RecoveryStorage/LeWMQuad-v3/.generated/navigation_development_artifacts_v1/go2_surface_memory_goal_readout_v1_attempt_001/result.json,,,"{""status"":""SURFACE_MEMORY_GOAL_PAIRED_READOUT_COMPLETE""}",docs/go2_surface_memory_goal_probe_result_2026-09-08.md;docs/go2_surface_memory_goal_readout_v1_2026-09-08.md,,,,,
go2_survey_reposition_comparison_layout00_v1_attempt_001,RESULT_RECORDED,,,/home/andrewknowles/RecoveryStorage/LeWMQuad-v3/.generated/navigation_development_artifacts_v1/go2_survey_reposition_comparison_layout00_v1_attempt_001/result.json,,,{},docs/go2_survey_clearance_reposition_hypothesis_2026-09-14.md,,,,,
go2_survey_reposition_comparison_layout01_v1_attempt_001,RESULT_RECORDED,,,/home/andrewknowles/RecoveryStorage/LeWMQuad-v3/.generated/navigation_development_artifacts_v1/go2_survey_reposition_comparison_layout01_v1_attempt_001/result.json,,,{},docs/go2_survey_clearance_reposition_hypothesis_2026-09-14.md,,,,,
go2_survey_reposition_matched_jepa_native_layout00_4800_v1_attempt_001,PACED_NATIVE_PREFIX_COMPLETE,MISSION_TICK_BUDGET_EXHAUSTED,False,/home/andrewknowles/RecoveryStorage/LeWMQuad-v3/.generated/navigation_development_artifacts_v1/go2_survey_reposition_matched_jepa_native_layout00_4800_v1_attempt_001/result.json,,,"{""status"":""PACED_NATIVE_PREFIX_COMPLETE"",""mission_terminal"":""MISSION_TICK_BUDGET_EXHAUSTED"",""navigation_success_claimed"":false,""simulation_s"":481.0,""wall_s"":481.873967642,""camera_frames"":4805,""disallowed_contact"":false,""observed_arrivals"":""[{\""phase\"":\""OUTBOUND\"",\""frame\"":3852,\""measured_ns\"":386700000000,\""target_initial_body_xy_m\"":[0.0,-1.3],\""observed_position_initial_body_xy_m\"":[0.017218795904748892,-1.3042856519464892],\""observed_distance_m\"":0.017744118603521652,\""quiet_intervals\"":10,\""native_verified\"":false}]""}",docs/go2_matched_motion_residual_controls_2026-09-14.md;docs/go2_survey_clearance_reposition_hypothesis_2026-09-14.md,/home/andrewknowles/RecoveryStorage/LeWMQuad-v3/.generated/navigation_development_artifacts_v1/go2_survey_reposition_matched_jepa_native_layout00_4800_v1_attempt_001/continuous_native_arrival_evaluation.json,1,0,False,0
go2_survey_reposition_matched_jepa_native_layout01_4800_v1_attempt_001,PACED_NATIVE_PREFIX_COMPLETE,OBSERVED_ROUND_TRIP_CANDIDATE,False,/home/andrewknowles/RecoveryStorage/LeWMQuad-v3/.generated/navigation_development_artifacts_v1/go2_survey_reposition_matched_jepa_native_layout01_4800_v1_attempt_001/result.json,,,"{""status"":""PACED_NATIVE_PREFIX_COMPLETE"",""mission_terminal"":""OBSERVED_ROUND_TRIP_CANDIDATE"",""navigation_success_claimed"":false,""simulation_s"":406.6,""wall_s"":407.277905817,""camera_frames"":4061,""disallowed_contact"":false,""observed_arrivals"":""[{\""phase\"":\""OUTBOUND\"",\""frame\"":2595,\""measured_ns\"":261000000000,\""target_initial_body_xy_m\"":[0.0,1.3],\""observed_position_initial_body_xy_m\"":[-0.014104575120555483,1.297328193845558],\""observed_distance_m\"":0.014355402727137496,\""quiet_intervals\"":10,\""native_verified\"":false},{\""phase\"":\""RETURN\"",\""frame\"":4059,\""measured_ns\"":407400000000,\""target_initial_body_xy_m\"":[0.0,0.0],\""observed_position_initial_body_xy_m\"":[0.00482586022465695,0.009083185634736512],\""observed_distance_m\"":0.010285581567563876,\""quiet_intervals\"":10,\""native_verified\"":false}]""}",docs/go2_development_artifact_retention_2026-09-14.md;docs/go2_survey_clearance_reposition_hypothesis_2026-09-14.md,/home/andrewknowles/RecoveryStorage/LeWMQuad-v3/.generated/navigation_development_artifacts_v1/go2_survey_reposition_matched_jepa_native_layout01_4800_v1_attempt_001/continuous_native_arrival_evaluation.json,1,1,True,0
go2_sustained_hold_reorientation_maze02_native_wait_v1_attempt_001,FAILURE_RECORD_ONLY,,,,/home/andrewknowles/RecoveryStorage/LeWMQuad-v3/.generated/navigation_development_artifacts_v1/go2_sustained_hold_reorientation_maze02_native_wait_v1_attempt_001/failure.json,ValueError('existing native runner or worker still live; do not start another scene'),{},docs/go2_sustained_hold_reorientation_native_wait_execution_result_2026-09-11.md,,,,,
go2_sustained_hold_reorientation_maze02_prefix_v1_attempt_001,SUSTAINED_HOLD_REORIENTATION_RAW_PREFIX_V1_COMPLETE,,,/home/andrewknowles/RecoveryStorage/LeWMQuad-v3/.generated/navigation_development_artifacts_v1/go2_sustained_hold_reorientation_maze02_prefix_v1_attempt_001/result.json,,,"{""status"":""SUSTAINED_HOLD_REORIENTATION_RAW_PREFIX_V1_COMPLETE"",""wall_s"":3226.7705528500956}",docs/go2_sustained_hold_reorientation_raw_execution_result_2026-09-11.md;docs/go2_sustained_hold_reorientation_raw_prefix_v1_2026-09-11.md;docs/go2_sustained_raw_and_contact_tracking_completed_results_2026-09-11.md,,,,,
go2_temporal_anchor_continuity_v1_attempt_001,TEMPORAL_ANCHOR_PAIRED_DEVELOPMENT_REPLAY_COMPLETE,,,/home/andrewknowles/RecoveryStorage/LeWMQuad-v3/.generated/navigation_development_artifacts_v1/go2_temporal_anchor_continuity_v1_attempt_001/result.json,,,"{""status"":""TEMPORAL_ANCHOR_PAIRED_DEVELOPMENT_REPLAY_COMPLETE""}",docs/go2_temporal_anchor_continuity_result_2026-09-07.md;docs/go2_temporal_anchor_continuity_v1_2026-09-07.md,,,,,
go2_terminal_100ms_pulse_goal065_local_round_trip_layout06_v1_attempt_001,PACED_NATIVE_PREFIX_COMPLETE,MISSION_TICK_BUDGET_EXHAUSTED,False,/home/andrewknowles/RecoveryStorage/LeWMQuad-v3/.generated/navigation_development_artifacts_v1/go2_terminal_100ms_pulse_goal065_local_round_trip_layout06_v1_attempt_001/result.json,,,"{""status"":""PACED_NATIVE_PREFIX_COMPLETE"",""mission_terminal"":""MISSION_TICK_BUDGET_EXHAUSTED"",""navigation_success_claimed"":false,""simulation_s"":91.38,""wall_s"":91.17278505,""camera_frames"":907,""disallowed_contact"":false,""observed_arrivals"":""[{\""phase\"":\""OUTBOUND\"",\""frame\"":379,\""measured_ns\"":39400000000,\""target_initial_body_xy_m\"":[0.65,0.0],\""observed_position_initial_body_xy_m\"":[0.6402333137015782,-3.9281726213370125e-05],\""observed_distance_m\"":0.009766765293882856,\""quiet_intervals\"":10,\""native_verified\"":false}]""}",docs/go2_development_artifact_retention_2026-09-14.md,/home/andrewknowles/RecoveryStorage/LeWMQuad-v3/.generated/navigation_development_artifacts_v1/go2_terminal_100ms_pulse_goal065_local_round_trip_layout06_v1_attempt_001/continuous_native_arrival_evaluation.json,1,0,False,0
go2_terminal_100ms_pulse_local_round_trip_layout06_v1_attempt_001,PACED_NATIVE_PREFIX_COMPLETE,MISSION_TICK_BUDGET_EXHAUSTED,False,/home/andrewknowles/RecoveryStorage/LeWMQuad-v3/.generated/navigation_development_artifacts_v1/go2_terminal_100ms_pulse_local_round_trip_layout06_v1_attempt_001/result.json,,,"{""status"":""PACED_NATIVE_PREFIX_COMPLETE"",""mission_terminal"":""MISSION_TICK_BUDGET_EXHAUSTED"",""navigation_success_claimed"":false,""simulation_s"":91.02,""wall_s"":90.906024557,""camera_frames"":905,""disallowed_contact"":false,""observed_arrivals"":""[]""}",docs/go2_development_artifact_retention_2026-09-14.md;docs/go2_terminal_translation_pulse_study_2026-09-14.md,/home/andrewknowles/RecoveryStorage/LeWMQuad-v3/.generated/navigation_development_artifacts_v1/go2_terminal_100ms_pulse_local_round_trip_layout06_v1_attempt_001/continuous_native_arrival_evaluation.json,0,0,False,0
go2_terminal_position_priority_learned_round_trip_native_layout03_4800_v1_attempt_001,PACED_NATIVE_PREFIX_COMPLETE,MISSION_TICK_BUDGET_EXHAUSTED,False,/home/andrewknowles/RecoveryStorage/LeWMQuad-v3/.generated/navigation_development_artifacts_v1/go2_terminal_position_priority_learned_round_trip_native_layout03_4800_v1_attempt_001/result.json,,,"{""status"":""PACED_NATIVE_PREFIX_COMPLETE"",""mission_terminal"":""MISSION_TICK_BUDGET_EXHAUSTED"",""navigation_success_claimed"":false,""simulation_s"":481.12,""wall_s"":481.955982925,""camera_frames"":4805,""disallowed_contact"":false,""observed_arrivals"":""[{\""phase\"":\""OUTBOUND\"",\""frame\"":3578,\""measured_ns\"":359300000000,\""target_initial_body_xy_m\"":[0.0,1.3],\""observed_position_initial_body_xy_m\"":[0.0006196537106768795,1.2811062545029208],\""observed_distance_m\"":0.018903904084330233,\""quiet_intervals\"":10,\""native_verified\"":false}]""}",docs/go2_continuous_controller_comparison_2026-09-13.md,/home/andrewknowles/RecoveryStorage/LeWMQuad-v3/.generated/navigation_development_artifacts_v1/go2_terminal_position_priority_learned_round_trip_native_layout03_4800_v1_attempt_001/continuous_native_arrival_evaluation.json,1,0,False,0
go2_terminal_pulse_standard_goal065_comparison_v1_attempt_001,RESULT_RECORDED,,,/home/andrewknowles/RecoveryStorage/LeWMQuad-v3/.generated/navigation_development_artifacts_v1/go2_terminal_pulse_standard_goal065_comparison_v1_attempt_001/result.json,,,{},docs/go2_terminal_translation_pulse_study_2026-09-14.md,,,,,
go2_terminal_standard400ms_goal065_local_round_trip_layout06_v1_attempt_001,PACED_NATIVE_PREFIX_COMPLETE,MISSION_TICK_BUDGET_EXHAUSTED,False,/home/andrewknowles/RecoveryStorage/LeWMQuad-v3/.generated/navigation_development_artifacts_v1/go2_terminal_standard400ms_goal065_local_round_trip_layout06_v1_attempt_001/result.json,,,"{""status"":""PACED_NATIVE_PREFIX_COMPLETE"",""mission_terminal"":""MISSION_TICK_BUDGET_EXHAUSTED"",""navigation_success_claimed"":false,""simulation_s"":91.08,""wall_s"":91.132810812,""camera_frames"":905,""disallowed_contact"":false,""observed_arrivals"":""[{\""phase\"":\""OUTBOUND\"",\""frame\"":365,\""measured_ns\"":38000000000,\""target_initial_body_xy_m\"":[0.65,0.0],\""observed_position_initial_body_xy_m\"":[0.6382781045750946,0.015440006903405698],\""observed_distance_m\"":0.01938547511745932,\""quiet_intervals\"":10,\""native_verified\"":false}]""}",docs/go2_development_artifact_retention_2026-09-14.md,/home/andrewknowles/RecoveryStorage/LeWMQuad-v3/.generated/navigation_development_artifacts_v1/go2_terminal_standard400ms_goal065_local_round_trip_layout06_v1_attempt_001/continuous_native_arrival_evaluation.json,1,0,False,0
go2_thread_switch_1ms_supervised_rollout_noise_2mm_native_layout01_4800_v1_attempt_001,PACED_NATIVE_PREFIX_COMPLETE,MISSION_TICK_BUDGET_EXHAUSTED,False,/home/andrewknowles/RecoveryStorage/LeWMQuad-v3/.generated/navigation_development_artifacts_v1/go2_thread_switch_1ms_supervised_rollout_noise_2mm_native_layout01_4800_v1_attempt_001/result.json,,,"{""status"":""PACED_NATIVE_PREFIX_COMPLETE"",""mission_terminal"":""MISSION_TICK_BUDGET_EXHAUSTED"",""navigation_success_claimed"":false,""simulation_s"":480.96,""wall_s"":626.242686798,""camera_frames"":4805,""disallowed_contact"":false,""observed_arrivals"":""[]""}",docs/go2_development_artifact_retention_2026-09-14.md;docs/go2_thread_switch_navigation_2026-09-16.md,/home/andrewknowles/RecoveryStorage/LeWMQuad-v3/.generated/navigation_development_artifacts_v1/go2_thread_switch_1ms_supervised_rollout_noise_2mm_native_layout01_4800_v1_attempt_001/continuous_native_arrival_evaluation.json,0,0,False,0
go2_tiled_density_progressive_floor_late_history_profile_v2_attempt_001,TILED_DENSITY_PROGRESSIVE_FLOOR_LATE_HISTORY_PROFILE_V2_COMPLETE,,,/home/andrewknowles/RecoveryStorage/LeWMQuad-v3/.generated/navigation_development_artifacts_v1/go2_tiled_density_progressive_floor_late_history_profile_v2_attempt_001/result.json,,,"{""status"":""TILED_DENSITY_PROGRESSIVE_FLOOR_LATE_HISTORY_PROFILE_V2_COMPLETE"",""wall_s"":1060.9558445150033}",docs/go2_atomic_leaf_freeze_tiled_controller_prepared_2026-09-11.md;docs/go2_tiled_controller_verified_profile_v2_active_2026-09-11.md;docs/go2_tiled_density_progressive_floor_profile_v2_2026-09-11.md,,,,,
go2_tiled_density_progressive_floor_late_history_v1_attempt_001,TILED_DENSITY_PROGRESSIVE_FLOOR_LATE_HISTORY_V1_COMPLETE,,,/home/andrewknowles/RecoveryStorage/LeWMQuad-v3/.generated/navigation_development_artifacts_v1/go2_tiled_density_progressive_floor_late_history_v1_attempt_001/result.json,,,"{""status"":""TILED_DENSITY_PROGRESSIVE_FLOOR_LATE_HISTORY_V1_COMPLETE"",""wall_s"":2133.784290034091}",docs/go2_progressive_batching_verified_tiled_replay_active_2026-09-11.md;docs/go2_tiled_controller_verified_profile_v2_active_2026-09-11.md;docs/go2_tiled_density_progressive_floor_replay_harness_v1_2026-09-11.md,,,,,
go2_tiled_plane_tracker_recorded_comparison_v1_attempt_001,RECORDED_TRACKER_COMPARISON_COMPLETE,,,/home/andrewknowles/RecoveryStorage/LeWMQuad-v3/.generated/navigation_development_artifacts_v1/go2_tiled_plane_tracker_recorded_comparison_v1_attempt_001/result.json,,,"{""status"":""RECORDED_TRACKER_COMPARISON_COMPLETE"",""wall_s"":1297.5285686911084}",docs/go2_tiled_plane_tracker_completed_2026-09-13.md;docs/go2_tiled_plane_tracking_early_result_2026-09-13.md,,,,,
go2_tracking_posthoc_raw_accuracy_v1_attempt_001,POSTHOC_RAW_ACCURACY_AND_NONIDENTITY_COMPLETE,,,/home/andrewknowles/RecoveryStorage/LeWMQuad-v3/.generated/navigation_development_artifacts_v1/go2_tracking_posthoc_raw_accuracy_v1_attempt_001/result.json,,,"{""status"":""POSTHOC_RAW_ACCURACY_AND_NONIDENTITY_COMPLETE""}",docs/go2_tracking_posthoc_raw_accuracy_result_2026-09-07.md,,,,,
go2_training_artifact_duplicate_inventory_v1_attempt_001,TRAINING_ARTIFACT_DUPLICATE_INVENTORY_V1_COMPLETE,,,/home/andrewknowles/RecoveryStorage/LeWMQuad-v3/.generated/navigation_development_artifacts_v1/go2_training_artifact_duplicate_inventory_v1_attempt_001/result.json,,,"{""status"":""TRAINING_ARTIFACT_DUPLICATE_INVENTORY_V1_COMPLETE"",""wall_s"":18.694867226993665}",docs/go2_novel_maze_round_trip_pilot_status_2026-09-08.md;docs/go2_training_artifact_duplicate_inventory_v1_2026-09-09.md;docs/go2_training_artifact_hardlink_consolidation_v1_2026-09-09.md;docs/go2_training_artifact_hardlink_review_2026-09-09.md,,,,,
go2_training_artifact_hardlink_consolidation_v1_attempt_001,TRAINING_ARTIFACT_HARDLINK_CONSOLIDATION_V1_COMPLETE,,,/home/andrewknowles/RecoveryStorage/LeWMQuad-v3/.generated/navigation_development_artifacts_v1/go2_training_artifact_hardlink_consolidation_v1_attempt_001/result.json,,,"{""status"":""TRAINING_ARTIFACT_HARDLINK_CONSOLIDATION_V1_COMPLETE""}",docs/go2_novel_maze_round_trip_pilot_status_2026-09-08.md;docs/go2_training_artifact_hardlink_consolidation_result_2026-09-09.md;docs/go2_training_artifact_hardlink_consolidation_v1_2026-09-09.md;docs/go2_training_artifact_hardlink_review_2026-09-09.md,,,,,
go2_training_bias_floor_coverage_v1_attempt_001,TRAINING_BIAS_FLOOR_COVERAGE_COMPLETE,,,/home/andrewknowles/RecoveryStorage/LeWMQuad-v3/.generated/navigation_development_artifacts_v1/go2_training_bias_floor_coverage_v1_attempt_001/result.json,,,"{""status"":""TRAINING_BIAS_FLOOR_COVERAGE_COMPLETE"",""wall_s"":47.582701198989525}",docs/go2_training_bias_floor_coverage_result_2026-09-08.md;docs/go2_training_bias_floor_coverage_v1_2026-09-08.md,,,,,
go2_training_bias_floor_visibility_v1_attempt_001,TRAINING_BIAS_FLOOR_VISIBILITY_COMPLETE,,,/home/andrewknowles/RecoveryStorage/LeWMQuad-v3/.generated/navigation_development_artifacts_v1/go2_training_bias_floor_visibility_v1_attempt_001/result.json,,,"{""status"":""TRAINING_BIAS_FLOOR_VISIBILITY_COMPLETE"",""wall_s"":47.853755159070715}",docs/go2_training_bias_floor_visibility_result_2026-09-08.md;docs/go2_training_bias_floor_visibility_v1_2026-09-08.md,,,,,
go2_training_bias_goal_probe_v1_attempt_001,TRAINING_BIAS_GOAL_PROBE_COMPLETE,,,/home/andrewknowles/RecoveryStorage/LeWMQuad-v3/.generated/navigation_development_artifacts_v1/go2_training_bias_goal_probe_v1_attempt_001/result.json,,,"{""status"":""TRAINING_BIAS_GOAL_PROBE_COMPLETE"",""wall_s"":143.89400626998395}",docs/go2_training_bias_goal_probe_result_2026-09-08.md;docs/go2_training_bias_goal_probe_v1_2026-09-08.md,,,,,
go2_training_bias_goal_readout_v1_attempt_001,TRAINING_BIAS_GOAL_READOUT_COMPLETE,,,/home/andrewknowles/RecoveryStorage/LeWMQuad-v3/.generated/navigation_development_artifacts_v1/go2_training_bias_goal_readout_v1_attempt_001/result.json,,,"{""status"":""TRAINING_BIAS_GOAL_READOUT_COMPLETE""}",docs/go2_training_bias_goal_probe_result_2026-09-08.md;docs/go2_training_bias_goal_readout_v1_2026-09-08.md,,,,,
go2_training_execution_coverage_v1_attempt_001,RESULT_RECORDED,,,/home/andrewknowles/RecoveryStorage/LeWMQuad-v3/.generated/navigation_development_artifacts_v1/go2_training_execution_coverage_v1_attempt_001/result.json,,,{},docs/go2_training_execution_coverage_2026-09-16.md,,,,,
go2_training_translation_bias_readout_v1_attempt_001,TRAINING_TRANSLATION_BIAS_READOUT_COMPLETE,,,/home/andrewknowles/RecoveryStorage/LeWMQuad-v3/.generated/navigation_development_artifacts_v1/go2_training_translation_bias_readout_v1_attempt_001/result.json,,,"{""status"":""TRAINING_TRANSLATION_BIAS_READOUT_COMPLETE"",""wall_s"":15.864053013036028}",docs/go2_training_translation_bias_readout_v1_2026-09-08.md;docs/go2_training_translation_bias_result_2026-09-08.md,,,,,
go2_training_translation_bias_v1_attempt_001,TRAINING_TRANSLATION_BIAS_FIT_COMPLETE,,,/home/andrewknowles/RecoveryStorage/LeWMQuad-v3/.generated/navigation_development_artifacts_v1/go2_training_translation_bias_v1_attempt_001/result.json,,,"{""status"":""TRAINING_TRANSLATION_BIAS_FIT_COMPLETE"",""wall_s"":10.982155859004706}",docs/go2_training_translation_bias_result_2026-09-08.md;docs/go2_training_translation_bias_v1_2026-09-08.md,,,,,
go2_training_visual_motion_probe_v1_attempt_001,COMPLETE,,,/home/andrewknowles/RecoveryStorage/LeWMQuad-v3/.generated/navigation_development_artifacts_v1/go2_training_visual_motion_probe_v1_attempt_001/result.json,,,"{""status"":""COMPLETE"",""wall_s"":1.9766501991543919}",docs/go2_nominal_motion_residual_learning_2026-09-16.md,,,,,
go2_translation_reserve_native_layout00_v1_attempt_001,PACED_NATIVE_PREFIX_COMPLETE,MISSION_TICK_BUDGET_EXHAUSTED,False,/home/andrewknowles/RecoveryStorage/LeWMQuad-v3/.generated/navigation_development_artifacts_v1/go2_translation_reserve_native_layout00_v1_attempt_001/result.json,,,"{""status"":""PACED_NATIVE_PREFIX_COMPLETE"",""mission_terminal"":""MISSION_TICK_BUDGET_EXHAUSTED"",""navigation_success_claimed"":false,""simulation_s"":181.06,""wall_s"":181.034718295,""camera_frames"":1805,""disallowed_contact"":false,""observed_arrivals"":""[]""}",docs/go2_feature150_memory_clearance_experiment_2026-09-13.md,,,,,
go2_transport_conditioned_floor_recovery_reactive_noise_2mm_native_layout01_4800_v1_attempt_001,PACED_NATIVE_PREFIX_COMPLETE,MISSION_TICK_BUDGET_EXHAUSTED,False,/home/andrewknowles/RecoveryStorage/LeWMQuad-v3/.generated/navigation_development_artifacts_v1/go2_transport_conditioned_floor_recovery_reactive_noise_2mm_native_layout01_4800_v1_attempt_001/result.json,,,"{""status"":""PACED_NATIVE_PREFIX_COMPLETE"",""mission_terminal"":""MISSION_TICK_BUDGET_EXHAUSTED"",""navigation_success_claimed"":false,""simulation_s"":480.86,""wall_s"":481.520995087,""camera_frames"":4805,""disallowed_contact"":false,""observed_arrivals"":""[]""}",docs/go2_signed_veto_view_recovery_2026-09-15.md,/home/andrewknowles/RecoveryStorage/LeWMQuad-v3/.generated/navigation_development_artifacts_v1/go2_transport_conditioned_floor_recovery_reactive_noise_2mm_native_layout01_4800_v1_attempt_001/continuous_native_arrival_evaluation.json,0,0,False,0
go2_turn_release_cycle_diagnosis_v1_attempt_001,RESULT_RECORDED,,,/home/andrewknowles/RecoveryStorage/LeWMQuad-v3/.generated/navigation_development_artifacts_v1/go2_turn_release_cycle_diagnosis_v1_attempt_001/result.json,,,{},docs/go2_recovery_survey_transfer_2026-09-16.md,,,,,
go2_turn_release_repeatability_comparison_v1_attempt_001,RESULT_RECORDED,,,/home/andrewknowles/RecoveryStorage/LeWMQuad-v3/.generated/navigation_development_artifacts_v1/go2_turn_release_repeatability_comparison_v1_attempt_001/result.json,,,{},docs/go2_turn_release_repeatability_2026-09-16.md,,,,,
go2_turn_release_repeatability_disabled_rep1_jepa_noise_2mm_native_layout01_4800_v1_attempt_001,PACED_NATIVE_PREFIX_COMPLETE,OBSERVED_ROUND_TRIP_CANDIDATE,False,/home/andrewknowles/RecoveryStorage/LeWMQuad-v3/.generated/navigation_development_artifacts_v1/go2_turn_release_repeatability_disabled_rep1_jepa_noise_2mm_native_layout01_4800_v1_attempt_001/result.json,,,"{""status"":""PACED_NATIVE_PREFIX_COMPLETE"",""mission_terminal"":""OBSERVED_ROUND_TRIP_CANDIDATE"",""navigation_success_claimed"":false,""simulation_s"":193.6,""wall_s"":250.021804986,""camera_frames"":1934,""disallowed_contact"":false,""observed_arrivals"":""[{\""phase\"":\""OUTBOUND\"",\""frame\"":1268,\""measured_ns\"":128300000000,\""target_initial_body_xy_m\"":[3.9000000000000004,-1.3],\""observed_position_initial_body_xy_m\"":[3.9011919672115245,-1.2807456001901294],\""observed_distance_m\"":0.01929125962376992,\""quiet_intervals\"":10,\""native_verified\"":false},{\""phase\"":\""RETURN\"",\""frame\"":1932,\""measured_ns\"":194700000000,\""target_initial_body_xy_m\"":[0.0,0.0],\""observed_position_initial_body_xy_m\"":[0.005562586235774893,5.259275000099246e-05],\""observed_distance_m\"":0.005562834855339943,\""quiet_intervals\"":10,\""native_verified\"":false}]""}",docs/go2_development_artifact_retention_2026-09-14.md,/home/andrewknowles/RecoveryStorage/LeWMQuad-v3/.generated/navigation_development_artifacts_v1/go2_turn_release_repeatability_disabled_rep1_jepa_noise_2mm_native_layout01_4800_v1_attempt_001/continuous_native_arrival_evaluation.json,1,1,True,0
go2_turn_release_repeatability_disabled_rep2_jepa_noise_2mm_native_layout01_4800_v1_attempt_001,PACED_NATIVE_PREFIX_COMPLETE,OBSERVED_ROUND_TRIP_CANDIDATE,False,/home/andrewknowles/RecoveryStorage/LeWMQuad-v3/.generated/navigation_development_artifacts_v1/go2_turn_release_repeatability_disabled_rep2_jepa_noise_2mm_native_layout01_4800_v1_attempt_001/result.json,,,"{""status"":""PACED_NATIVE_PREFIX_COMPLETE"",""mission_terminal"":""OBSERVED_ROUND_TRIP_CANDIDATE"",""navigation_success_claimed"":false,""simulation_s"":175.28,""wall_s"":226.321014881,""camera_frames"":1751,""disallowed_contact"":false,""observed_arrivals"":""[{\""phase\"":\""OUTBOUND\"",\""frame\"":1088,\""measured_ns\"":110300000000,\""target_initial_body_xy_m\"":[3.9000000000000004,-1.3],\""observed_position_initial_body_xy_m\"":[3.8997896157629146,-1.2945683935556374],\""observed_distance_m\"":0.0054356793589814024,\""quiet_intervals\"":10,\""native_verified\"":false},{\""phase\"":\""RETURN\"",\""frame\"":1749,\""measured_ns\"":176400000000,\""target_initial_body_xy_m\"":[0.0,0.0],\""observed_position_initial_body_xy_m\"":[0.008391346264066681,-0.003343807308029927],\""observed_distance_m\"":0.009033036003288163,\""quiet_intervals\"":10,\""native_verified\"":false}]""}",docs/go2_development_artifact_retention_2026-09-14.md,/home/andrewknowles/RecoveryStorage/LeWMQuad-v3/.generated/navigation_development_artifacts_v1/go2_turn_release_repeatability_disabled_rep2_jepa_noise_2mm_native_layout01_4800_v1_attempt_001/continuous_native_arrival_evaluation.json,1,1,True,0
go2_turn_release_repeatability_enabled_rep1_jepa_noise_2mm_native_layout01_4800_v1_attempt_001,PACED_NATIVE_PREFIX_COMPLETE,OBSERVED_ROUND_TRIP_CANDIDATE,False,/home/andrewknowles/RecoveryStorage/LeWMQuad-v3/.generated/navigation_development_artifacts_v1/go2_turn_release_repeatability_enabled_rep1_jepa_noise_2mm_native_layout01_4800_v1_attempt_001/result.json,,,"{""status"":""PACED_NATIVE_PREFIX_COMPLETE"",""mission_terminal"":""OBSERVED_ROUND_TRIP_CANDIDATE"",""navigation_success_claimed"":false,""simulation_s"":243.7,""wall_s"":315.763642224,""camera_frames"":2433,""disallowed_contact"":false,""observed_arrivals"":""[{\""phase\"":\""OUTBOUND\"",\""frame\"":1762,\""measured_ns\"":177700000000,\""target_initial_body_xy_m\"":[3.9000000000000004,-1.3],\""observed_position_initial_body_xy_m\"":[3.8908950479326534,-1.2826302017865983],\""observed_distance_m\"":0.019611477305980334,\""quiet_intervals\"":10,\""native_verified\"":false},{\""phase\"":\""RETURN\"",\""frame\"":2431,\""measured_ns\"":244600000000,\""target_initial_body_xy_m\"":[0.0,0.0],\""observed_position_initial_body_xy_m\"":[0.01739153358855985,0.0015150073334781829],\""observed_distance_m\"":0.017457396363218032,\""quiet_intervals\"":10,\""native_verified\"":false}]""}",docs/go2_development_artifact_retention_2026-09-14.md,/home/andrewknowles/RecoveryStorage/LeWMQuad-v3/.generated/navigation_development_artifacts_v1/go2_turn_release_repeatability_enabled_rep1_jepa_noise_2mm_native_layout01_4800_v1_attempt_001/continuous_native_arrival_evaluation.json,1,1,True,0
go2_turn_release_repeatability_enabled_rep2_jepa_noise_2mm_native_layout01_4800_v1_attempt_001,PACED_NATIVE_PREFIX_COMPLETE,OBSERVED_ROUND_TRIP_CANDIDATE,False,/home/andrewknowles/RecoveryStorage/LeWMQuad-v3/.generated/navigation_development_artifacts_v1/go2_turn_release_repeatability_enabled_rep2_jepa_noise_2mm_native_layout01_4800_v1_attempt_001/result.json,,,"{""status"":""PACED_NATIVE_PREFIX_COMPLETE"",""mission_terminal"":""OBSERVED_ROUND_TRIP_CANDIDATE"",""navigation_success_claimed"":false,""simulation_s"":172.38,""wall_s"":222.757679132,""camera_frames"":1722,""disallowed_contact"":false,""observed_arrivals"":""[{\""phase\"":\""OUTBOUND\"",\""frame\"":1091,\""measured_ns\"":110600000000,\""target_initial_body_xy_m\"":[3.9000000000000004,-1.3],\""observed_position_initial_body_xy_m\"":[3.8988283074609034,-1.2856539747137974],\""observed_distance_m\"":0.014393793972352862,\""quiet_intervals\"":10,\""native_verified\"":false},{\""phase\"":\""RETURN\"",\""frame\"":1720,\""measured_ns\"":173500000000,\""target_initial_body_xy_m\"":[0.0,0.0],\""observed_position_initial_body_xy_m\"":[-0.0017041471869007282,0.006970194097938108],\""observed_distance_m\"":0.00717549464479996,\""quiet_intervals\"":10,\""native_verified\"":false}]""}",docs/go2_development_artifact_retention_2026-09-14.md,/home/andrewknowles/RecoveryStorage/LeWMQuad-v3/.generated/navigation_development_artifacts_v1/go2_turn_release_repeatability_enabled_rep2_jepa_noise_2mm_native_layout01_4800_v1_attempt_001/continuous_native_arrival_evaluation.json,1,1,True,0
go2_two_cm_floor_joint_camera_round_trip_native_layout00_v1_attempt_001,FAILURE_RECORD_ONLY,,,,/home/andrewknowles/RecoveryStorage/LeWMQuad-v3/.generated/navigation_development_artifacts_v1/go2_two_cm_floor_joint_camera_round_trip_native_layout00_v1_attempt_001/failure.json,"RuntimeError('[{\'stage\': \'tracking\', \'reason\': ""ValueError(\'measured visual pose unavailable\')""}]')",{},docs/go2_feature150_memory_clearance_experiment_2026-09-13.md,,,,,
go2_veto_view_round_trip_native_layout00_v1_attempt_001,PACED_NATIVE_PREFIX_COMPLETE,MISSION_TICK_BUDGET_EXHAUSTED,False,/home/andrewknowles/RecoveryStorage/LeWMQuad-v3/.generated/navigation_development_artifacts_v1/go2_veto_view_round_trip_native_layout00_v1_attempt_001/result.json,,,"{""status"":""PACED_NATIVE_PREFIX_COMPLETE"",""mission_terminal"":""MISSION_TICK_BUDGET_EXHAUSTED"",""navigation_success_claimed"":false,""simulation_s"":181.02,""wall_s"":181.015831367,""camera_frames"":1805,""disallowed_contact"":false,""observed_arrivals"":""[]""}",docs/go2_timing_and_stopping_margin_2026-09-13.md,,,,,
go2_view_arc_no_early_release_supervised_rollout_noise_2mm_native_layout01_4800_v1_attempt_001,PACED_NATIVE_PREFIX_COMPLETE,MISSION_TICK_BUDGET_EXHAUSTED,False,/home/andrewknowles/RecoveryStorage/LeWMQuad-v3/.generated/navigation_development_artifacts_v1/go2_view_arc_no_early_release_supervised_rollout_noise_2mm_native_layout01_4800_v1_attempt_001/result.json,,,"{""status"":""PACED_NATIVE_PREFIX_COMPLETE"",""mission_terminal"":""MISSION_TICK_BUDGET_EXHAUSTED"",""navigation_success_claimed"":false,""simulation_s"":480.84,""wall_s"":615.571485405,""camera_frames"":4805,""disallowed_contact"":false,""observed_arrivals"":""[]""}",docs/go2_observed_wall_face_clearance_diagnosis_2026-09-17.md;docs/go2_view_arc_no_early_release_2026-09-17.md,/home/andrewknowles/RecoveryStorage/LeWMQuad-v3/.generated/navigation_development_artifacts_v1/go2_view_arc_no_early_release_supervised_rollout_noise_2mm_native_layout01_4800_v1_attempt_001/continuous_native_arrival_evaluation.json,0,0,False,0
go2_view_reentry_maze_pilot_v1_attempt_001,VIEW_REENTRY_MAZE_PILOT_COMPLETE,,,/home/andrewknowles/RecoveryStorage/LeWMQuad-v3/.generated/navigation_development_artifacts_v1/go2_view_reentry_maze_pilot_v1_attempt_001/result.json,,,"{""status"":""VIEW_REENTRY_MAZE_PILOT_COMPLETE"",""wall_s"":2935.9677787229884}",docs/go2_novel_maze_round_trip_pilot_status_2026-09-08.md;docs/go2_view_reentry_auxiliary_contact_provisional_diagnosis_2026-09-08.md;docs/go2_view_reentry_maze_pilot_result_2026-09-08.md;docs/go2_view_reentry_maze_pilot_v1_2026-09-08.md,,,,,
go2_view_reentry_maze_prefix_v1_attempt_001,VIEW_REENTRY_MAZE_PREFIX_COMPLETE,,,/home/andrewknowles/RecoveryStorage/LeWMQuad-v3/.generated/navigation_development_artifacts_v1/go2_view_reentry_maze_prefix_v1_attempt_001/result.json,,,"{""status"":""VIEW_REENTRY_MAZE_PREFIX_COMPLETE"",""wall_s"":387.11354973516427}",docs/go2_novel_maze_round_trip_pilot_status_2026-09-08.md;docs/go2_view_reentry_maze_prefix_result_2026-09-08.md;docs/go2_view_reentry_maze_prefix_v1_2026-09-08.md,,,,,
go2_view_reentry_maze_readout_v1_attempt_001,VIEW_REENTRY_MAZE_READOUT_COMPLETE,,,/home/andrewknowles/RecoveryStorage/LeWMQuad-v3/.generated/navigation_development_artifacts_v1/go2_view_reentry_maze_readout_v1_attempt_001/result.json,,,"{""status"":""VIEW_REENTRY_MAZE_READOUT_COMPLETE""}",docs/go2_view_reentry_maze_pilot_result_2026-09-08.md;docs/go2_view_reentry_maze_readout_v1_2026-09-08.md,,,,,
go2_view_reentry_raster_edge_diagnosis_v1_attempt_001,VIEW_REENTRY_RASTER_EDGE_DIAGNOSIS_COMPLETE,,,/home/andrewknowles/RecoveryStorage/LeWMQuad-v3/.generated/navigation_development_artifacts_v1/go2_view_reentry_raster_edge_diagnosis_v1_attempt_001/result.json,,,"{""status"":""VIEW_REENTRY_RASTER_EDGE_DIAGNOSIS_COMPLETE""}",docs/go2_view_reentry_raster_edge_diagnosis_result_2026-09-08.md;docs/go2_view_reentry_raster_edge_diagnosis_v1_2026-09-08.md,,,,,
go2_view_replan_repeatability_01_jepa_noise_2mm_native_layout01_4800_v1_attempt_001,PACED_NATIVE_PREFIX_COMPLETE,OBSERVED_ROUND_TRIP_CANDIDATE,False,/mnt/steam_drive/LeWMQuad-v3/navigation_development_artifacts_v1/go2_view_replan_repeatability_01_jepa_noise_2mm_native_layout01_4800_v1_attempt_001/result.json,,,"{""status"":""PACED_NATIVE_PREFIX_COMPLETE"",""mission_terminal"":""OBSERVED_ROUND_TRIP_CANDIDATE"",""navigation_success_claimed"":false,""simulation_s"":374.98,""wall_s"":489.887809514,""camera_frames"":3748,""disallowed_contact"":false,""observed_arrivals"":""[{\""phase\"":\""OUTBOUND\"",\""frame\"":2624,\""measured_ns\"":263900000000,\""target_initial_body_xy_m\"":[0.0,1.3],\""observed_position_initial_body_xy_m\"":[0.013780789700484703,1.2990257114571453],\""observed_distance_m\"":0.013815187401324794,\""quiet_intervals\"":10,\""native_verified\"":false},{\""phase\"":\""RETURN\"",\""frame\"":3746,\""measured_ns\"":376100000000,\""target_initial_body_xy_m\"":[0.0,0.0],\""observed_position_initial_body_xy_m\"":[0.01888136548220821,0.004739520997475157],\""observed_distance_m\"":0.0194671266949756,\""quiet_intervals\"":10,\""native_verified\"":false}]""}",docs/go2_development_artifact_retention_2026-09-14.md,/mnt/steam_drive/LeWMQuad-v3/navigation_development_artifacts_v1/go2_view_replan_repeatability_01_jepa_noise_2mm_native_layout01_4800_v1_attempt_001/continuous_native_arrival_evaluation.json,1,1,True,0
go2_view_replan_repeatability_02_supervised_rollout_noise_2mm_native_layout01_4800_v1_attempt_001,PACED_NATIVE_PREFIX_COMPLETE,OBSERVED_ROUND_TRIP_CANDIDATE,False,/mnt/steam_drive/LeWMQuad-v3/navigation_development_artifacts_v1/go2_view_replan_repeatability_02_supervised_rollout_noise_2mm_native_layout01_4800_v1_attempt_001/result.json,,,"{""status"":""PACED_NATIVE_PREFIX_COMPLETE"",""mission_terminal"":""OBSERVED_ROUND_TRIP_CANDIDATE"",""navigation_success_claimed"":false,""simulation_s"":264.44,""wall_s"":346.49054311,""camera_frames"":2643,""disallowed_contact"":false,""observed_arrivals"":""[{\""phase\"":\""OUTBOUND\"",\""frame\"":1696,\""measured_ns\"":171100000000,\""target_initial_body_xy_m\"":[0.0,1.3],\""observed_position_initial_body_xy_m\"":[-0.01391840752561085,1.3093247477565404],\""observed_distance_m\"":0.01675329784765033,\""quiet_intervals\"":10,\""native_verified\"":false},{\""phase\"":\""RETURN\"",\""frame\"":2640,\""measured_ns\"":265500000000,\""target_initial_body_xy_m\"":[0.0,0.0],\""observed_position_initial_body_xy_m\"":[0.019411397005762464,-0.0019072295572983783],\""observed_distance_m\"":0.019504867554012165,\""quiet_intervals\"":10,\""native_verified\"":false}]""}",docs/go2_development_artifact_retention_2026-09-14.md,/mnt/steam_drive/LeWMQuad-v3/navigation_development_artifacts_v1/go2_view_replan_repeatability_02_supervised_rollout_noise_2mm_native_layout01_4800_v1_attempt_001/continuous_native_arrival_evaluation.json,1,1,True,0
go2_view_replan_repeatability_readout_v1_attempt_001,RESULT_RECORDED,,,/mnt/steam_drive/LeWMQuad-v3/navigation_development_artifacts_v1/go2_view_replan_repeatability_readout_v1_attempt_001/result.json,,,"{""round_trips"":2}",docs/go2_view_replan_repeatability_2026-09-17.md,,,,,
go2_visible_robot_primary_compatibility_v1_attempt_001,VISIBLE_ROBOT_PRIMARY_COMPATIBILITY_COMPLETE,,,/home/andrewknowles/RecoveryStorage/LeWMQuad-v3/.generated/navigation_development_artifacts_v1/go2_visible_robot_primary_compatibility_v1_attempt_001/result.json,,,"{""status"":""VISIBLE_ROBOT_PRIMARY_COMPATIBILITY_COMPLETE"",""wall_s"":37.94922790792771}",docs/go2_visible_robot_primary_compatibility_result_2026-09-08.md;docs/go2_visible_robot_primary_compatibility_v1_2026-09-08.md,,,,,
go2_visible_surface_intervals_v1_attempt_001,VISIBLE_SURFACE_INTERVALS_DIAGNOSIS_COMPLETE,,,/home/andrewknowles/RecoveryStorage/LeWMQuad-v3/.generated/navigation_development_artifacts_v1/go2_visible_surface_intervals_v1_attempt_001/result.json,,,"{""status"":""VISIBLE_SURFACE_INTERVALS_DIAGNOSIS_COMPLETE""}",docs/go2_novel_maze_round_trip_pilot_status_2026-09-08.md;docs/go2_visible_surface_intervals_result_2026-09-08.md;docs/go2_visible_surface_intervals_v1_2026-09-08.md,,,,,
go2_visual_history_dynamics_v1_attempt_001,complete,,,/mnt/steam_drive/LeWMQuad-v3/navigation_development_artifacts_v1/go2_visual_history_dynamics_v1_attempt_001/result.json,,,"{""status"":""complete"",""wall_s"":85.86501911398955}",docs/go2_visual_history_dynamics_2026-09-17.md,,,,,
go2_visual_recovery_dispatch_hold_jepa_noise_2mm_native_layout03_4800_v1_attempt_001,PACED_NATIVE_PREFIX_COMPLETE,OBSERVED_ROUND_TRIP_CANDIDATE,False,/home/andrewknowles/RecoveryStorage/LeWMQuad-v3/.generated/navigation_development_artifacts_v1/go2_visual_recovery_dispatch_hold_jepa_noise_2mm_native_layout03_4800_v1_attempt_001/result.json,,,"{""status"":""PACED_NATIVE_PREFIX_COMPLETE"",""mission_terminal"":""OBSERVED_ROUND_TRIP_CANDIDATE"",""navigation_success_claimed"":false,""simulation_s"":232.12,""wall_s"":302.903983162,""camera_frames"":2320,""disallowed_contact"":false,""observed_arrivals"":""[{\""phase\"":\""OUTBOUND\"",\""frame\"":1244,\""measured_ns\"":125900000000,\""target_initial_body_xy_m\"":[0.0,1.3],\""observed_position_initial_body_xy_m\"":[-0.001224485823018488,1.3011735836409504],\""observed_distance_m\"":0.0016960731390713928,\""quiet_intervals\"":10,\""native_verified\"":false},{\""phase\"":\""RETURN\"",\""frame\"":2318,\""measured_ns\"":233300000000,\""target_initial_body_xy_m\"":[0.0,0.0],\""observed_position_initial_body_xy_m\"":[0.019612149059591213,-0.0013597086012680773],\""observed_distance_m\"":0.01965922679598531,\""quiet_intervals\"":10,\""native_verified\"":false}]""}",docs/go2_development_artifact_retention_2026-09-14.md;docs/go2_visual_recovery_dispatch_hold_2026-09-16.md,/home/andrewknowles/RecoveryStorage/LeWMQuad-v3/.generated/navigation_development_artifacts_v1/go2_visual_recovery_dispatch_hold_jepa_noise_2mm_native_layout03_4800_v1_attempt_001/continuous_native_arrival_evaluation.json,1,1,True,0
go2_visual_recovery_original_control_jepa_noise_2mm_native_layout03_4800_v1_attempt_001,PACED_NATIVE_PREFIX_COMPLETE,OBSERVED_ROUND_TRIP_CANDIDATE,False,/home/andrewknowles/RecoveryStorage/LeWMQuad-v3/.generated/navigation_development_artifacts_v1/go2_visual_recovery_original_control_jepa_noise_2mm_native_layout03_4800_v1_attempt_001/result.json,,,"{""status"":""PACED_NATIVE_PREFIX_COMPLETE"",""mission_terminal"":""OBSERVED_ROUND_TRIP_CANDIDATE"",""navigation_success_claimed"":false,""simulation_s"":216.88,""wall_s"":283.194037607,""camera_frames"":2167,""disallowed_contact"":false,""observed_arrivals"":""[{\""phase\"":\""OUTBOUND\"",\""frame\"":1424,\""measured_ns\"":143900000000,\""target_initial_body_xy_m\"":[0.0,1.3],\""observed_position_initial_body_xy_m\"":[-0.0018561119652678228,1.319648012237833],\""observed_distance_m\"":0.019735489264916643,\""quiet_intervals\"":10,\""native_verified\"":false},{\""phase\"":\""RETURN\"",\""frame\"":2165,\""measured_ns\"":218000000000,\""target_initial_body_xy_m\"":[0.0,0.0],\""observed_position_initial_body_xy_m\"":[0.004154534333825057,-0.0004984766226646192],\""observed_distance_m\"":0.004184332022470771,\""quiet_intervals\"":10,\""native_verified\"":false}]""}",docs/go2_development_artifact_retention_2026-09-14.md;docs/go2_visual_recovery_dispatch_hold_2026-09-16.md,/home/andrewknowles/RecoveryStorage/LeWMQuad-v3/.generated/navigation_development_artifacts_v1/go2_visual_recovery_original_control_jepa_noise_2mm_native_layout03_4800_v1_attempt_001/continuous_native_arrival_evaluation.json,1,1,True,0
go2_visual_recovery_timing_comparison_v1_attempt_001,RESULT_RECORDED,,,/home/andrewknowles/RecoveryStorage/LeWMQuad-v3/.generated/navigation_development_artifacts_v1/go2_visual_recovery_timing_comparison_v1_attempt_001/result.json,,,{},docs/go2_visual_recovery_dispatch_hold_2026-09-16.md,,,,,
go2_visual_servo_readout_diagnostic_v1_attempt_001,COMPLETE,,,/mnt/steam_drive/LeWMQuad-v3/navigation_development_artifacts_v1/go2_visual_servo_readout_diagnostic_v1_attempt_001/result.json,,,"{""status"":""COMPLETE"",""wall_s"":32.407082396093756}",docs/go2_visual_servo_readout_diagnostic_2026-09-17.md,,,,,
go2_visual_support_recovery_supervised_rollout_noise_2mm_native_layout00_4800_v1_attempt_001,PACED_NATIVE_PREFIX_COMPLETE,MISSION_TICK_BUDGET_EXHAUSTED,False,/home/andrewknowles/RecoveryStorage/LeWMQuad-v3/.generated/navigation_development_artifacts_v1/go2_visual_support_recovery_supervised_rollout_noise_2mm_native_layout00_4800_v1_attempt_001/result.json,,,"{""status"":""PACED_NATIVE_PREFIX_COMPLETE"",""mission_terminal"":""MISSION_TICK_BUDGET_EXHAUSTED"",""navigation_success_claimed"":false,""simulation_s"":480.92,""wall_s"":621.021462892,""camera_frames"":4805,""disallowed_contact"":false,""observed_arrivals"":""[{\""phase\"":\""OUTBOUND\"",\""frame\"":3871,\""measured_ns\"":388600000000,\""target_initial_body_xy_m\"":[0.0,2.6],\""observed_position_initial_body_xy_m\"":[-0.012601931376217148,2.592794327278457],\""observed_distance_m\"":0.014516555851195522,\""quiet_intervals\"":10,\""native_verified\"":false}]""}",docs/go2_development_artifact_retention_2026-09-14.md;docs/go2_visual_support_recovery_2026-09-16.md,/home/andrewknowles/RecoveryStorage/LeWMQuad-v3/.generated/navigation_development_artifacts_v1/go2_visual_support_recovery_supervised_rollout_noise_2mm_native_layout00_4800_v1_attempt_001/continuous_native_arrival_evaluation.json,1,0,False,0
go2_visual_target_jepa_v1_attempt_001,complete,,,/mnt/steam_drive/LeWMQuad-v3/navigation_development_artifacts_v1/go2_visual_target_jepa_v1_attempt_001/result.json,,,"{""status"":""complete""}",docs/go2_visual_target_jepa_2026-09-17.md,,,,,
go2_wall_clock_motion_sources_comparison_layout01_v1_attempt_001,RESULT_RECORDED,,,/home/andrewknowles/RecoveryStorage/LeWMQuad-v3/.generated/navigation_development_artifacts_v1/go2_wall_clock_motion_sources_comparison_layout01_v1_attempt_001/result.json,,,{},docs/go2_wall_clock_motion_comparison_2026-09-15.md,,,,,
go2_wall_physics_timing_pose_command_layout01_4800_v1_attempt_001,FAILURE_RECORD_ONLY,,,,/home/andrewknowles/RecoveryStorage/LeWMQuad-v3/.generated/navigation_development_artifacts_v1/go2_wall_physics_timing_pose_command_layout01_4800_v1_attempt_001/failure.json,RuntimeError('renderer exceeded two in-flight camera acquisitions'),{},docs/go2_wall_clock_motion_comparison_2026-09-15.md,/home/andrewknowles/RecoveryStorage/LeWMQuad-v3/.generated/navigation_development_artifacts_v1/go2_wall_physics_timing_pose_command_layout01_4800_v1_attempt_001/continuous_native_arrival_evaluation.json,1,0,False,0
go2_wall_reactive_floor_reacquisition_comparison_layout01_v1_attempt_001,RESULT_RECORDED,,,/home/andrewknowles/RecoveryStorage/LeWMQuad-v3/.generated/navigation_development_artifacts_v1/go2_wall_reactive_floor_reacquisition_comparison_layout01_v1_attempt_001/result.json,,,{},docs/go2_wall_clock_motion_comparison_2026-09-15.md,,,,,
go2_wall_reactive_floor_reacquisition_layout01_4800_v1_attempt_001,PACED_NATIVE_PREFIX_COMPLETE,OBSERVED_ROUND_TRIP_CANDIDATE,False,/home/andrewknowles/RecoveryStorage/LeWMQuad-v3/.generated/navigation_development_artifacts_v1/go2_wall_reactive_floor_reacquisition_layout01_4800_v1_attempt_001/result.json,,,"{""status"":""PACED_NATIVE_PREFIX_COMPLETE"",""mission_terminal"":""OBSERVED_ROUND_TRIP_CANDIDATE"",""navigation_success_claimed"":false,""simulation_s"":210.54,""wall_s"":211.048670575,""camera_frames"":2106,""disallowed_contact"":false,""observed_arrivals"":""[{\""phase\"":\""OUTBOUND\"",\""frame\"":1176,\""measured_ns\"":119100000000,\""target_initial_body_xy_m\"":[3.9000000000000004,-1.3],\""observed_position_initial_body_xy_m\"":[3.91232185335241,-1.2986511725931407],\""observed_distance_m\"":0.01239545906418088,\""quiet_intervals\"":10,\""native_verified\"":false},{\""phase\"":\""RETURN\"",\""frame\"":2104,\""measured_ns\"":211900000000,\""target_initial_body_xy_m\"":[0.0,0.0],\""observed_position_initial_body_xy_m\"":[0.00982664463555975,-0.011809924671012731],\""observed_distance_m\"":0.015363504337506152,\""quiet_intervals\"":10,\""native_verified\"":false}]""}",docs/go2_development_artifact_retention_2026-09-14.md;docs/go2_wall_clock_motion_comparison_2026-09-15.md,/home/andrewknowles/RecoveryStorage/LeWMQuad-v3/.generated/navigation_development_artifacts_v1/go2_wall_reactive_floor_reacquisition_layout01_4800_v1_attempt_001/continuous_native_arrival_evaluation.json,1,1,True,0
go2_wall_three_controls_comparison_layout01_v1_attempt_001,RESULT_RECORDED,,,/home/andrewknowles/RecoveryStorage/LeWMQuad-v3/.generated/navigation_development_artifacts_v1/go2_wall_three_controls_comparison_layout01_v1_attempt_001/result.json,,,{},docs/go2_wall_clock_motion_comparison_2026-09-15.md,,,,,
go2_waypoint_alignment_round_trip_native_layout00_v1_attempt_001,FAILURE_RECORD_ONLY,,,,/home/andrewknowles/RecoveryStorage/LeWMQuad-v3/.generated/navigation_development_artifacts_v1/go2_waypoint_alignment_round_trip_native_layout00_v1_attempt_001/failure.json,RuntimeError('runtime stopped'),{},docs/go2_optional_plane_and_continuous_connector_2026-09-13.md;docs/go2_partial_height_integration_2026-09-13.md,,,,,
go2_yaw_source_ablation_command_noise_2mm_native_layout00_4800_v1_attempt_001,PACED_NATIVE_PREFIX_COMPLETE,OBSERVED_ROUND_TRIP_CANDIDATE,False,/home/andrewknowles/RecoveryStorage/LeWMQuad-v3/.generated/navigation_development_artifacts_v1/go2_yaw_source_ablation_command_noise_2mm_native_layout00_4800_v1_attempt_001/result.json,,,"{""status"":""PACED_NATIVE_PREFIX_COMPLETE"",""mission_terminal"":""OBSERVED_ROUND_TRIP_CANDIDATE"",""navigation_success_claimed"":false,""simulation_s"":317.52,""wall_s"":325.11173267,""camera_frames"":3174,""disallowed_contact"":false,""observed_arrivals"":""[{\""phase\"":\""OUTBOUND\"",\""frame\"":2061,\""measured_ns\"":207600000000,\""target_initial_body_xy_m\"":[3.9000000000000004,2.6],\""observed_position_initial_body_xy_m\"":[3.913181994800872,2.5942538549003147],\""observed_distance_m\"":0.014379957247392966,\""quiet_intervals\"":10,\""native_verified\"":false},{\""phase\"":\""RETURN\"",\""frame\"":3172,\""measured_ns\"":318700000000,\""target_initial_body_xy_m\"":[0.0,0.0],\""observed_position_initial_body_xy_m\"":[0.017520774729296567,0.0016464303670638235],\""observed_distance_m\"":0.01759796238399057,\""quiet_intervals\"":10,\""native_verified\"":false}]""}",docs/go2_development_artifact_retention_2026-09-14.md,/home/andrewknowles/RecoveryStorage/LeWMQuad-v3/.generated/navigation_development_artifacts_v1/go2_yaw_source_ablation_command_noise_2mm_native_layout00_4800_v1_attempt_001/continuous_native_arrival_evaluation.json,1,1,True,0
go2_yaw_source_ablation_comparison_layout01_v1_attempt_001,RESULT_RECORDED,,,/home/andrewknowles/RecoveryStorage/LeWMQuad-v3/.generated/navigation_development_artifacts_v1/go2_yaw_source_ablation_comparison_layout01_v1_attempt_001/result.json,,,{},docs/go2_yaw_source_ablation_2026-09-15.md,,,,,
go2_yaw_source_ablation_two_layout_summary_v1_attempt_001,RESULT_RECORDED,,,/home/andrewknowles/RecoveryStorage/LeWMQuad-v3/.generated/navigation_development_artifacts_v1/go2_yaw_source_ablation_two_layout_summary_v1_attempt_001/result.json,,,{},docs/go2_yaw_source_ablation_2026-09-15.md,,,,,
